date,source,category,title,url,summary,score,level,priority,relevant,theme,keywords,reasons,geography_score,target_score,repression_score,rights_score,journalism_score,geopolitical_score,categorisation_geo,categorisation_geo_role,categorisation_acteur,categorisation_traitement,categorisation_relation_acteur_traitement,categorisation_type,categorisation_age_jours,categorisation_source_specialisee,categorisation_pertinent,categorisation_reason
2026-09-07T13:34:22+00:00,Amnesty International,Droits humains & presse,Azerbaijan: Lengthy sentences for Anar Mammadli and other independent voices point to the shocking scale of the crackdown on dissent,https://www.amnesty.org/en/latest/news/2026/09/azerbaijan-lengthy-sentences-for-anar-mammadli-and-other-independent-voices-point-to-the-shocking-scale-of-the-crackdown-on-dissent/,,100,A,ABSOLUE,True,Journalistes sous pression,azerbaijan; central asia; baku; journalists; independent media; human rights; freedom of expression; crackdown on; crackdown; persecution; prisoner of conscience; trial; court; prosecution; charges; conviction; sentenced; sentence; imprisoned; detention; arrest; imprisonment; prison sentence; sentences,Caucase: azerbaijan; géographie confirmée dans le corps; journaliste / média ciblé; journaliste + action répressive; signal HR confirmé par le corps; répression grave confirmée; CAS HR CRITIQUE,15,18,30,2,7,0,"azerbaidjan, autre",sujet_principal,"defenseur, journaliste, avocat","detention, condamnation, pression_administrative",True,evenement_date,6,True,True,pertinent
2026-04-13T07:00:00+00:00,Human Rights Watch,Droits humains & presse,Kazakhstan Jails Activists for Peaceful Xinjiang Protest,https://news.google.com/rss/articles/CBMilwFBVV95cUxQRnZ6VmNJZUxFVjEtQkFHQUpUQ2xLWVRGM09aaDJkb2F1RUNfdnROQmRJd0dDdU8ybmZlaU9xLVdyRndlVkU0d0tXeFlBVkZXeG4yQ1ZSMXZfVHlGSF9NZGZ0MVhsSm1NeTIyMV9ja0xWa0xlb2RwQXIyZUFwUlExUnFfYlhMVUlMdFRrUXBHQ1RwaHFaTnJr?oc=5,,92,A,ABSOLUE,True,Activistes / dissidents sous pression,kazakhstan; xinjiang; activists; protest,Asie centrale: kazakhstan; activiste / défenseur des droits ciblé; activiste/HRD + action répressive; CAS HR CRITIQUE,12,20,10,0,7,0,"kazakhstan, xinjiang",sujet_principal,"defenseur, opposant, minorite_ethnique",aucun,False,navigation,153,True,True,pertinent
2025-10-19T15:04:19+00:00,Turkmen.News,Droits humains & presse,Активист Саддам Гуламов осужден на 8 лет. Его держат в пыточных условиях в ШИЗО,https://turkmen.news/2025/10/19/aktivist-saddam-gulamov-osuzhden-na-8-let-ego-derzhat-v-pytochnyh-usloviyah-v-shizo/,,100,A,ABSOLUE,True,Activistes / dissidents sous pression,активист; осужден,source spécialisée Asie centrale; activiste / défenseur des droits ciblé; activiste/HRD + action répressive; répression grave confirmée; peine de prison liée à un activiste; CAS HR CRITIQUE,10,20,10,0,7,0,,absent,opposant,condamnation,False,evenement_date,329,True,True,pertinent
2025-06-04T12:34:19+00:00,Al Jazeera — Kyrgyzstan,Médias indépendants,Kyrgyzstan court sentences ex-leader Atambayev to 11 years in absentia,https://www.aljazeera.com/news/2025/6/4/kyrgyzstan-court-sentences-ex-leader-atambayev-to-11-years-in-absentia,,84,A,TRÈS HAUTE,True,Répression / droits humains,kyrgyzstan; central asia; central asian; kazakhstan; kyrgyz; azerbaijan; media outlets; crackdown; crackdown on; court; charges; conviction; sentenced; arrest; arrested; sentences,Asie centrale: kyrgyzstan; géographie confirmée dans le corps; signal HR confirmé par le corps; CAS HR CRITIQUE,15,7,23,0,6,0,"kirghizistan, autre, kazakhstan, azerbaidjan",sujet_principal,"defenseur, journaliste","detention, condamnation, pression_administrative",True,evenement_date,466,False,True,pertinent
2024-03-13T07:00:00+00:00,Human Rights Watch — russe,Droits humains & presse,Казахстан: Каракалпакский активист арестован с подачи Узбекистана,https://news.google.com/rss/articles/CBMimwFBVV95cUxNbXVWT2IyY1h6djIyU21wUTVMWnpoLTVncGwweW1TQmlWbDRmOFZtRHM2d1dud3BhRUFkR0NSX3JoN3BsODFJNHBHRGJxZ0Zia2djN0ZkOGFmNG92NkFrMmVGUXpZUjJYVmNtN2tqajdUblhfdzdfM2toVWZSY3hYU05LX1dIYzNvYUZhYmZHcHhXNGFxSEoyT29ZOA?oc=5,,92,A,ABSOLUE,True,Activistes / dissidents sous pression,казахстан; казах; узбекистан; узбек; активист; арестован,"Asie centrale: казахстан, казах, узбекистан, узбек; activiste / défenseur des droits ciblé; activiste/HRD + action répressive; CAS HR CRITIQUE",12,20,10,0,7,0,"kazakhstan, ouzbekistan",sujet_principal,opposant,detention,False,navigation,914,True,True,pertinent
2024-02-05T11:46:45+00:00,Al Jazeera — Uzbekistan,Médias indépendants,Did an arrested Uzbek ‘mafia chieftain’ organise killings of dissidents?,https://www.aljazeera.com/news/2024/2/5/did-an-arrested-uzbek-mafia-chieftain-organise-killings-of-dissidents,,100,A,ABSOLUE,True,Activistes / dissidents sous pression,uzbek; central asia; central asian; kazakhstan; uzbekistan; tashkent; dissidents; human rights; tortured; disappeared; crackdown on; persecution; arrested; trial; court; prosecutor; conviction; convicted; sentenced; detained; jailed; jails,Asie centrale: uzbek; géographie confirmée dans le corps; activiste / défenseur des droits ciblé; activiste/HRD + action répressive; signal HR confirmé par le corps; répression grave confirmée; CAS HR CRITIQUE,15,20,30,6,7,0,"ouzbekistan, autre, kazakhstan, afghanistan, russie",sujet_principal,"defenseur, opposant, croyant","detention, condamnation, torture_mauvais_traitement, disparition, pression_administrative, expulsion_extradition",True,evenement_date,951,False,True,pertinent
2021-11-12T11:51:05+00:00,Al Jazeera — Turkmenistan,Médias indépendants,Turkmenistan’s dissidents fear crackdown in Turkish exile,https://www.aljazeera.com/news/2021/11/12/turkmenistans-dissidents-fear-crackdown-in-turkish-exile,,100,A,ABSOLUE,True,Répression / droits humains,turkmenistan; central asian; turkmen; ashgabat; dissidents; activists; dissident; human rights; rule of law; disappeared; crackdown; threats; arbitrary detention; prosecutors; detention,Asie centrale: turkmenistan; géographie confirmée dans le corps; signal HR confirmé par le corps; répression grave confirmée; CAS HR CRITIQUE,15,10,30,4,6,0,"turkmenistan, autre",sujet_principal,"defenseur, opposant, migrant, citoyen_ordinaire","detention, disparition, pression_administrative, expulsion_extradition",True,evenement_date,1766,False,True,pertinent
2017-01-17T08:00:00+00:00,Human Rights Watch,Droits humains & presse,Another Youth Activist Convicted on False Drug Charges in Azerbaijan,https://news.google.com/rss/articles/CBMinwFBVV95cUxOSllNdFJkemtXV3g0Y1RUVkk4aTVZR09ackM4WmsyUjhNY01WRGlTbW4zdXFubWdpTXRCaEgxS3hsRUNxeF9zTlAwVXdkd3pkeHJuMjNMZFhWbUt4NHhwcGxVYU0yUFZJUmVndTZWLTR3aDhqSnpVVEdrYmM1UlcyQ0VrYWhQMUJKenZxOUxSaUdJN0NWLTZGSnk2TjJ2VDQ?oc=5,,92,A,ABSOLUE,True,Activistes / dissidents sous pression,azerbaijan; activist; charges; convicted,Caucase: azerbaijan; activiste / défenseur des droits ciblé; activiste/HRD + action répressive; CAS HR CRITIQUE,12,20,10,0,7,0,azerbaidjan,sujet_principal,"defenseur, opposant",condamnation,True,navigation,3526,True,True,pertinent
2010-09-15T07:00:00+00:00,Human Rights Watch — russe,Droits humains & presse,Киргизия: правозащитник Азимжан Аскаров осужден на пожизненное заключение,https://news.google.com/rss/articles/CBMiWEFVX3lxTE1zbUdzTEVGOGNnQWFkVmFWLTQ2NGlLbmlwV1ZvazZtbFJJRjdPdmMzZk1nVE9kWGo0V09tXzV5V2FERVN2Y0NmdnlienhnR05JMEU2NHZ3d1M?oc=5,,92,A,ABSOLUE,True,Activistes / dissidents sous pression,киргизия; киргиз; правозащитник; осужден,"Asie centrale: киргизия, киргиз; activiste / défenseur des droits ciblé; activiste/HRD + action répressive; CAS HR CRITIQUE",12,20,10,0,7,0,kirghizistan,sujet_principal,opposant,condamnation,False,navigation,5842,True,True,pertinent
2026-06-12T07:00:00+00:00,Human Rights Watch,Droits humains & presse,Azerbaijan Rearrests Journalist Forcibly Returned from Georgia,https://news.google.com/rss/articles/CBMinwFBVV95cUxQNHFiWi11TDRaUEN5Nk5NaTRVakJ0Nnk3aFlsbERTZFZBcFcwSzZQZlpjWHJtd01JSGVjc0l2UldLalpVZTFSTHE0UmlvdFhna0N1MU5XeGF6eWd6NjZzbWFjaEFpZ2dTSWFuQkE0LUxjVkVOcmY1dmlmWWpfSFo1bmhTWGVVdjNfQVlkeXJXeHlQZFQ1Qmd1VlZSUzhRTFU?oc=5,,55,B,MOYENNE,True,Journalistes sous pression,azerbaijan; georgia; journalist,"Caucase: azerbaijan, georgia; journaliste / média ciblé; journaliste + action répressive; plafond V9: confirmation HR dans le body",12,18,5,0,7,0,"azerbaidjan, georgie",sujet_principal,journaliste,aucun,False,navigation,93,True,True,pertinent
2026-05-27T09:47:36+00:00,Al Jazeera — Kyrgyzstan,Médias indépendants,Sanctions fears as Kyrgyzstan shutters companies suspected of aiding Russia,https://www.aljazeera.com/news/2026/5/27/kyrgyzstan-russia-tensions,,55,B,MOYENNE,True,Journalistes sous pression,kyrgyzstan; central asia; central asian; kazakhstan; uzbekistan; tajikistan; kyrgyz; bishkek; activists; journalists; media freedom; freedom of speech; threats; suppression; arrested; sanctions; russia,Asie centrale: kyrgyzstan; géographie confirmée dans le corps; journaliste / média ciblé; journaliste + action répressive; plafond V9: confirmation HR dans le body,15,18,22,4,7,7,"kirghizistan, russie, autre, kazakhstan, ouzbekistan, tadjikistan, iran, afghanistan",sujet_principal,"defenseur, journaliste, opposant, migrant, citoyen_ordinaire","detention, pression_administrative",True,evenement_date,109,False,True,pertinent
2026-05-05T09:29:33+00:00,Amnesty International — russe,Droits humains & presse,Право на протест в Азербайджане,https://www.amnesty.org/ru/projects/azerbaijan-freedom-of-expression/,,55,B,MOYENNE,True,Activistes / dissidents sous pression,азербайджан; баку; активист; активисты; активистов; правозащитник; правозащитники; журналисты; журналистов; журналистка; свобода слова; право на протест; свобода объединений; жестокое обращение; обвинения; осуждены; задержан; арестован; арестована; протест,Caucase: азербайджан; géographie confirmée dans le corps; activiste / défenseur des droits ciblé; activiste/HRD + action répressive; journaliste + action répressive; répression grave confirmée; plafond V9: confirmation HR dans le body,15,20,17,6,7,0,azerbaidjan,sujet_principal,"journaliste, opposant","detention, condamnation, torture_mauvais_traitement, pression_administrative, expulsion_extradition",True,evenement_date,131,True,True,pertinent
2026-01-19T08:00:00+00:00,Human Rights Watch — russe,Droits humains & presse,"Казахстан/Китай: снять уголовные обвинения с активистов, протестующих против преследований в Синьцзяне",https://news.google.com/rss/articles/CBMirAFBVV95cUxOb09JY0lKcGt6ay0tT0RyUTVWVEliWi1kcHp4V3REeVBsUWVXRU80U1d1UGx5dU5NaGRiZFQwd01ZN19TcUZMNmlRUTdsTW80YTMtb0o3Wk9KdXR2OEhBSV9sLVZtLUtUcWtJWVpaMEp3NWN0UWNNd1JOYVBDaUNlc1FFY1VHX3JnbUZrTjJTVWhBMkF2ekFETFAwZE5BaHZOQ1ZQOGlvZUhEVHpu?oc=5,,65,B,HAUTE,True,Répression / droits humains,казахстан; казах; активистов; обвинения; китай,"Asie centrale: казахстан, казах; CAS HR CRITIQUE",12,10,5,0,6,7,kazakhstan,sujet_principal,opposant,pression_administrative,True,navigation,237,True,True,pertinent
2025-10-08T12:48:06+00:00,Al Jazeera — Tajikistan,Médias indépendants,Captured Tajik tells of life on Ukraine frontlines alongside Russian forces,https://www.aljazeera.com/news/2025/10/8/tajik-war-prisoner-captured-by-ukraine-fears-being-swapped,,55,B,MOYENNE,True,Répression / droits humains,tajik; central asia; central asian; uzbekistan; kyrgyzstan; tajikistan; dushanbe; azerbaijan; activist; torture; mistreatment; police brutality; discrimination; prosecutor; sentenced; detention; ukraine; convicts; forced recruitment,Asie centrale: tajik; géographie confirmée dans le corps; répression grave confirmée; plafond V9: confirmation HR dans le body,15,10,29,10,6,7,"tadjikistan, autre, ouzbekistan, kirghizistan, azerbaidjan, russie",sujet_principal,"defenseur, opposant, migrant","detention, condamnation, torture_mauvais_traitement, contrainte_travail",True,evenement_date,340,False,True,pertinent
2025-06-12T07:00:00+00:00,Radio Free Asia — Uyghur (anglais),Médias indépendants,Critical mineral industries in China’s far west using Uyghur forced labor: report,https://news.google.com/rss/articles/CBMioAFBVV95cUxQLS14LUIxNFNIOXF2aFY1dEN5MV9KSHhCamVzeERZUDJxd2ZURGtnMEpFcEJnSDA1MVQxejhYUjFHYnVHTDBIR3Nhd29iSFRPeTlUTFNtUUtnSzFMZ1NwZmgtVWVOUVRuT2FBY0tKV05VdFZIZ3ZBS1ROZlhQNzNNdTAxVWM4Y2cwVEQ4WmQtWFRDMno3OUpCVnNHRGxCVkgw?oc=5,,55,B,MOYENNE,True,Répression / droits humains,uyghur; china,Ouïghours: uyghur; droit spécifique fortement signalé; répression grave confirmée,12,0,5,2,6,7,xinjiang,sujet_principal,minorite_ethnique,contrainte_travail,False,navigation,458,False,True,pertinent
2024-12-15T13:35:56+00:00,Al Jazeera — Tajikistan,Médias indépendants,The World Bank should reconsider its mega dam project in Tajikistan,https://www.aljazeera.com/opinions/2024/12/15/the-world-bank-should-reconsider-its-mega-dam-project-in-tajikistan,,55,B,MOYENNE,True,Journalistes sous pression,tajikistan; uzbekistan; turkmenistan; tajik; dushanbe; georgia; activist; journalist; journalists; human rights; freedom of speech; civic space; torture; repression; suppression; imprisoned,Asie centrale: tajikistan; géographie confirmée dans le corps; journaliste / média ciblé; journaliste + action répressive; répression grave confirmée; plafond V9: confirmation HR dans le body,15,18,30,10,7,0,"tadjikistan, ouzbekistan, turkmenistan, georgie, afghanistan",sujet_principal,"defenseur, journaliste, opposant, ecologiste","condamnation, torture_mauvais_traitement, pression_administrative",True,evenement_date,637,False,True,pertinent
2024-10-25T09:33:22+00:00,Al Jazeera — Uzbekistan,Médias indépendants,"Remembering Shamshad Abdullaev, the world-class Uzbek poet too few knew",https://www.aljazeera.com/features/2024/10/25/remembering-shamshad-abdullaev-the-world-class-uzbek-poet-too-few-knew,,55,B,MOYENNE,True,Journalistes sous pression,uzbek; central asia; central asian; uzbekistan; kyrgyzstan; tajikistan; tashkent; editor; child labour,Asie centrale: uzbek; géographie confirmée dans le corps; journaliste / média ciblé; journaliste + action répressive; plafond V9: confirmation HR dans le body,15,18,5,2,7,0,"ouzbekistan, autre, kirghizistan, tadjikistan, iran, russie",sujet_principal,journaliste,aucun,False,evenement_date,688,False,True,pertinent
2024-07-18T11:30:46+00:00,Al Jazeera — Kyrgyzstan,Médias indépendants,"In Kyrgyzstan, an ‘unprecedented crackdown’ on free press raises alarm",https://www.aljazeera.com/features/2024/7/18/in-kyrgyzstan-an-unprecedented-crackdown-on-free-press-raises-alarm,,55,B,MOYENNE,True,Activistes / dissidents sous pression,kyrgyzstan; central asia; kyrgyz republic; kyrgyz; bishkek; activists; human rights activists; journalist; journalists; reporters; editor; media outlet; media outlets; press freedom; censorship; media crackdown; human rights; freedom of speech; rule of law; crackdown; repression; crackdown on; intimidation; threatened; trial; court; sentenced; arrested,Asie centrale: kyrgyzstan; géographie confirmée dans le corps; activiste / défenseur des droits ciblé; activiste/HRD + action répressive; journaliste + action répressive; plafond V9: confirmation HR dans le body,15,20,30,4,7,0,"kirghizistan, autre, russie",sujet_principal,"defenseur, journaliste, opposant, femme","detention, condamnation, censure_blocage, pression_administrative, expulsion_extradition",True,evenement_date,787,False,True,pertinent
2023-08-30T11:40:08+00:00,Al Jazeera — Kyrgyzstan,Médias indépendants,"Kyrgyzstan brings back 95 ISIL wives, children from Syrian internment camps",https://www.aljazeera.com/news/2023/8/30/kyrgyzstan-brings-back-95-isil-wives-children-from-syrian-internment-camps,,55,B,MOYENNE,True,Répression / droits humains,kyrgyzstan; central asia; central asian; kazakhstan; uzbekistan; kyrgyz republic; tajikistan; turkmenistan; kyrgyz; human rights; torture; threats; court; detained; detention,Asie centrale: kyrgyzstan; géographie confirmée dans le corps; répression grave confirmée; plafond V9: confirmation HR dans le body,15,0,27,10,6,0,"kirghizistan, autre, kazakhstan, ouzbekistan, tadjikistan, turkmenistan",sujet_principal,femme,"detention, torture_mauvais_traitement, pression_administrative",False,evenement_date,1110,False,True,pertinent
2023-08-04T07:00:00+00:00,Human Rights Watch — russe,Droits humains & presse,Таджикистан: Экстрадированный активист в опасности,https://news.google.com/rss/articles/CBMif0FVX3lxTE1Ba1ZoeUR1WWtRVUgwNm9GWEl4SHltbHROU0UwNHV4d0dzLTMxa1cxekU5VGUwdHFIbFFFUGJVSE1RZFJKd2k2TldWRG9CM0twYnJBbWdsM3NlelJ0dzgtV0c1SEUxMHRHeGhURkNsYWVYMEtEZF9rVk1pRWluT2M?oc=5,,55,B,MOYENNE,True,Activistes / dissidents sous pression,таджикистан; таджик; активист,"Asie centrale: таджикистан, таджик; activiste / défenseur des droits ciblé; activiste/HRD + action répressive; plafond V9: confirmation HR dans le body",12,20,5,0,7,0,tadjikistan,sujet_principal,opposant,aucun,False,navigation,1136,True,True,pertinent
2026-06-15T08:52:31+00:00,Turkmen.News,Droits humains & presse,МОТ призвала Туркменистан ликвидировать принудительный труд и отменить квоты на производство и сбор хлопка,https://turkmen.news/2026/06/15/mot-prizvala-turkmenistan-likvidirovat-prinuditelnyy-trud-i-otmenit-kvoty-na-proizvodstvo-i-sbor-hlopka/,,48,C,MOYENNE,True,Répression / droits humains,туркменистан; туркмен,"Asie centrale: туркменистан, туркмен; droit spécifique fortement signalé; répression grave confirmée",12,0,5,2,6,0,turkmenistan,sujet_principal,aucun,contrainte_travail,False,evenement_date,90,True,True,pertinent
2026-06-02T09:26:12+00:00,International Partnership for Human Rights,Droits humains & presse,Turkmenistan: Tightening Digital Controls and Domestic and Transnational Repression,https://news.google.com/rss/articles/CBMitgFBVV95cUxQVkYzM1Y5R1dOYXJyMlJrUkIxSFZleVA5Z1plZ0JQaHZQcXJhQUNSOXNCSW8yWHM1bnVZaW1VenNvWU1uTnBjdjlmakhqYVQyMU81WXBpdlNVMUZFZlNsUDhlY2dLWDNXUWJTeUNGNjVhMXBWSEFiOTE4LXRyWXUtclBDSHp4X2V5R2NDc1VJY3dDWTM4RU9YRGdsZVplLTMxUVlNOENKUEI4UG5na3J0LXgzRTZtUQ?oc=5,,43,C,MOYENNE,True,Répression transnationale,turkmenistan; repression,Asie centrale: turkmenistan; répression transnationale,12,0,7,0,6,0,turkmenistan,sujet_principal,aucun,"pression_administrative, expulsion_extradition",False,navigation,103,False,True,pertinent
2025-11-30T07:53:38+00:00,Al Jazeera — Kyrgyzstan,Médias indépendants,Kyrgyzstan votes in snap parliamentary election with no opposition,https://www.aljazeera.com/news/2025/11/30/kyrgyzstan-votes-in-snap-parliamentary-election-with-no-opposition,,45,C,MOYENNE,True,Répression / droits humains,kyrgyzstan; central asia; kyrgyz; bishkek; south caucasus; independent journalists; media crackdown; crackdown; court; parliamentary; election; opposition; sentences,Asie centrale: kyrgyzstan; géographie confirmée dans le corps; plafond V9: confirmation HR dans le body,15,7,17,0,6,0,"kirghizistan, autre, russie",sujet_principal,"journaliste, migrant",pression_administrative,True,evenement_date,287,False,True,pertinent
2025-07-08T07:00:00+00:00,Human Rights Watch — russe,Droits humains & presse,Туркменистан: отбывшему срок активисту предъявлены новые сомнительные обвинения,https://news.google.com/rss/articles/CBMingFBVV95cUxOeDF2TEtQTHNYMHRzT2dqTjRWMl9JTGw0aGJuUTR6NXJ2UTVyQm1tMGd3SndkMEpINlR6UnRPZzJYVGx2SnM3RE93MFMyQThIZ19jdGg0RTV2eGhEdnFGRWZxSFUwdmJmZHhXMzZUanl6NjRjZXJoODhmU1RXS2wxNUlTR3RnYWQ1SDN6T3hVWUdYWFh2bEdIWVNqQXMxdw?oc=5,,35,C,FAIBLE,True,Activistes / dissidents sous pression,туркменистан; туркмен; обвинения,"Asie centrale: туркменистан, туркмен; activiste / défenseur des droits ciblé; activiste/HRD + action répressive; plafond V9: aucun ancrage HR principal",12,20,5,0,7,0,turkmenistan,sujet_principal,aucun,aucun,False,navigation,432,True,True,pertinent
2025-03-17T07:00:00+00:00,Radio Free Asia — Uyghur (anglais),Médias indépendants,Uyghur activists in France re-file transnational repression case in Paris court,https://news.google.com/rss/articles/CBMilAFBVV95cUxOMEcxbzRQVG5pempOWFVzSVhyUEw0VTA2RHE3SXJuam1yVlV4bGxFRk1IRVU5cWJ4dFFabEFJUW9NZ3NiZ01uVnZxdEUyQ3NHb1UydXYxWnBpeUFxZk1wcG82R0xmcG5ucVBLcFd3ZXl3b2FHUER3Um5ZZnFNSktEQXdHSXpWeF95aDRyaTdvR2ZFdVhz?oc=5,,54,C,MOYENNE,True,Répression transnationale,uyghur; activists; repression; court,Ouïghours: uyghur; répression transnationale,12,10,8,0,6,0,xinjiang,sujet_principal,"defenseur, opposant, minorite_ethnique","pression_administrative, expulsion_extradition",True,navigation,545,False,True,pertinent
2024-12-03T08:00:00+00:00,Radio Free Asia — Uyghur (anglais),Médias indépendants,UK Parliament confronts ‘Italian’ tomato puree made with Uyghur forced labor,https://news.google.com/rss/articles/CBMisAFBVV95cUxPOUVGVXZ1NkFYM1hYQ18yNXhuM3J6QVFObTZ4UTFDYmhtN040ajBScGJJVGEzOTVKeW1XRi1yZmxBZEJmNnlwaXJpMnRJeFVVVUY0aUh6VXY1RTZOY2piSWFvbi11dk1sbmZBekFLeWFtNEwxVGpwc1pBMlg1TmdELXh3TldJdGFBeDFWbjdpZ2M1MmF5RVJZRUFfaHd2UFFvOFJXY2luRWVWX0JlUmNSbg?oc=5,,48,C,MOYENNE,True,Répression / droits humains,uyghur; parliament,Ouïghours: uyghur; droit spécifique fortement signalé; répression grave confirmée,12,0,5,2,6,0,xinjiang,sujet_principal,minorite_ethnique,contrainte_travail,False,navigation,649,False,True,pertinent
2024-05-13T07:00:00+00:00,Human Rights Watch,Droits humains & presse,Guilty Verdict in High-Profile Kazakhstan Domestic Violence and Murder Case,https://news.google.com/rss/articles/CBMirAFBVV95cUxOcFg1aG8xZWE0UmZ2Q3FwWld4QXpjQUluTXlQWi1qUUtPVXJ4ZGI4SWlMM1ZRSG5mYlVROFpoeDVNM2I3TmtvbVFCLUxPNWpOLXFwVWtTTDdnNnhucFZxLTFOVHlTZXBXUDg0dTVlZVZFTm5wdVdCM1dadnNWckphQ3VDSHdwZWF1VTJ4X3RKaHowb29PVmkwQjBKeHJlVk00U05uTUx0aDY5V3VI?oc=5,,41,C,MOYENNE,True,Droits des femmes / violences,kazakhstan; domestic violence,Asie centrale: kazakhstan; violence / droits des femmes; droit spécifique fortement signalé,12,0,0,9,0,0,kazakhstan,sujet_principal,aucun,violence_physique,False,navigation,853,True,True,pertinent
2022-03-12T07:25:17+00:00,Al Jazeera — Turkmenistan,Médias indépendants,"Turkmenistan votes, president’s son expected to win",https://www.aljazeera.com/news/2022/3/12/turkmenistan-votes-presidents-son-expected-to-win,,45,C,MOYENNE,True,Répression / droits humains,turkmenistan; central asia; central asian; kazakhstan; uzbekistan; tajikistan; turkmen; ashgabat; caucasus; azerbaijan; dissidents; crackdown; president,Asie centrale: turkmenistan; géographie confirmée dans le corps; plafond V9: confirmation HR dans le body,15,10,14,0,6,0,"turkmenistan, autre, kazakhstan, ouzbekistan, tadjikistan, azerbaidjan, russie",sujet_principal,"defenseur, opposant, citoyen_ordinaire",pression_administrative,True,evenement_date,1646,False,True,pertinent
2020-04-08T07:00:00+00:00,Human Rights Watch,Droits humains & presse,Women Risk Domestic Violence During Kyrgyzstan’s Lockdown,https://news.google.com/rss/articles/CBMilwFBVV95cUxPZjhJQWNWQ1hfNVZKWUMwcUUxWUl1WFItcG9LSkVURmRwVF9Calh6ZGR1d09kbmQ2MGxoTm5QVkN3MnpOcTQ0WmRTaHNVWVg0amVIb1ktMVAyUDZEREM5d1JDY0k2N3g1QTZDd1ozREkwYndCQVZiRG9rR1hZMEliMXNVMERRcVpod0ZuaVd4MDUweHV2bGtv?oc=5,,41,C,MOYENNE,True,Droits des femmes / violences,kyrgyzstan; domestic violence,Asie centrale: kyrgyzstan; violence / droits des femmes; droit spécifique fortement signalé,12,0,0,9,0,0,kirghizistan,sujet_principal,femme,violence_physique,True,navigation,2349,True,True,pertinent
2017-06-27T07:00:00+00:00,Human Rights Watch — russe,Droits humains & presse,Узбекистан: принудительный труд связан с проектами Всемирного банка,https://news.google.com/rss/articles/CBMiWEFVX3lxTE5ja0ViajJ2d0d5b2pReWpQem5pR0VzOG1mY1lLVFJtNEtWLVFJZDE0QXVqVGl6TmpraXN5Z0kxQ2dJVTF6V2ZtVnpGaFVNanJPRE9MWUFwWWw?oc=5,,48,C,MOYENNE,True,Répression / droits humains,узбекистан; узбек,"Asie centrale: узбекистан, узбек; droit spécifique fortement signalé; répression grave confirmée",12,0,5,2,6,0,ouzbekistan,sujet_principal,aucun,contrainte_travail,False,navigation,3365,True,True,pertinent
2026-09-07T07:34:00+00:00,Kabar,Médias officiels (contrepoint),Central Asia and China to strengthen security cooperation 7 September 65,https://en.kabar.kg/news/central-asia-and-china-to-strengthen-security-cooperation/,,35,C,FAIBLE,False,Répression / droits humains,central asia; kyrgyzstan; bishkek; threats; security cooperation; china,Asie centrale: central asia; géographie confirmée dans le corps; plafond V9: aucun ancrage HR principal,15,0,7,0,6,10,"autre, kirghizistan",sujet_principal,aucun,pression_administrative,False,evenement_date,6,True,True,pertinent
2026-08-23T05:55:10+00:00,Al Jazeera — Kazakhstan,Médias indépendants,Kazakhstan parliamentary elections begin: What’s at stake?,https://www.aljazeera.com/news/2026/8/23/kazakhstan-parliamentary-elections-begin-whats-at-stake,,35,C,FAIBLE,False,Répression / droits humains,kazakhstan; central asia; kazakh; almaty; astana; media outlet; parliamentary; elections; arrests,Asie centrale: kazakhstan; géographie confirmée dans le corps; plafond V9: confirmation HR dans le body,15,7,7,0,6,0,"kazakhstan, autre, iran, russie",sujet_principal,journaliste,aucun,False,evenement_date,21,False,True,pertinent
2026-08-17T10:08:35+00:00,World Uyghur Congress,Droits humains & presse,PRESS RELEASE: World Uyghur Congress Condemns China’s Harassment and Repression of Uyghur - Australians,https://news.google.com/rss/articles/CBMizwFBVV95cUxQZjMzckJtSVkyaHJKOEFsZkM1SWJtOGVGbHMwS3ROaHhhOUJXNjZIOWVJSGVDeXJJbmZoeS1jak9oLTFUajVYbExMMVE4a3haNzU3UnI3M2VGTWFCdzZIaGNHVHc2OHJXbzFEUS0zOW1FV2NnRFFzTWhLZmhwNy1TOFFETG1Uam5FVjNKWWU0TjRMS3NzVkRGckxJNUc0OHdLbTZBZEkxdmNRaFhqcGx6dzVJeFJJTmprcVpUVFp4eFhFYjRLUFZxSFhzUFZ4SE0?oc=5,,35,C,FAIBLE,False,Répression / droits humains,uyghur; repression; harassment; china,Ouïghours: uyghur; plafond V9: aucun ancrage HR principal,12,0,13,0,6,7,xinjiang,sujet_principal,minorite_ethnique,pression_administrative,False,navigation,27,False,True,pertinent
2025-12-19T08:00:00+00:00,Human Rights Watch — russe,Droits humains & presse,"Казахстан: журналистика, свобода слова вновь под угрозой",https://news.google.com/rss/articles/CBMimAFBVV95cUxPSkJRZEFJOUpNMnZnYnppOWxLSWZGXzZ2dHFmblc0NDBteUNCa3p0Z0pLQU1LLTB2ckhxWUxQdldrNlVmMFdQR3NPcHFsT2xlMmVRenRMa29WTXFMUWljcG9pd3R3dnlKX3dSTzNXMzNJSm5hYUZjbHpQcnY4VUpyUVgxYlE5M0ZsMnhxbGtELWg4ZEh4UkFZSg?oc=5,,36,C,FAIBLE,False,Droits spécifiques,казахстан; казах; свобода слова,"Asie centrale: казахстан, казах; droit spécifique fortement signalé",12,7,0,6,3,0,kazakhstan,sujet_principal,journaliste,pression_administrative,True,navigation,268,True,True,pertinent
2025-11-06T08:35:05+00:00,Al Jazeera — Uzbekistan,Médias indépendants,"Why is Trump hosting Central Asia leaders; are Russia, China his targets?",https://www.aljazeera.com/news/2025/11/6/why-is-trump-hosting-c-asia-leaders-can-he-compete-with-russia-china,,35,C,FAIBLE,False,Répression / droits humains,central asia; central asian; kazakhstan; uzbekistan; kyrgyzstan; tajikistan; turkmenistan; kazakh; samarkand; threats; china; russia,Asie centrale: central asia; géographie confirmée dans le corps; plafond V9: aucun ancrage HR principal,15,0,7,0,6,7,"autre, russie, kazakhstan, ouzbekistan, kirghizistan, tadjikistan, turkmenistan, afghanistan",sujet_principal,aucun,pression_administrative,False,evenement_date,311,False,True,pertinent
2024-03-22T09:07:58+00:00,Al Jazeera — Uzbekistan,Médias indépendants,‘Maximally pragmatic’: How Central Asia navigates Russia’s war on Ukraine,https://www.aljazeera.com/news/2024/3/22/maximally-pragmatic-how-central-asia-navigates-russias-war-on-ukraine,,36,C,FAIBLE,False,Répression / droits humains,central asia; central asian; kazakhstan; uzbekistan; kyrgyzstan; tajikistan; turkmenistan; kazakh; uzbek; almaty; tashkent; arrested; war; russia; ukraine,Asie centrale: central asia; géographie confirmée dans le corps; plafond V9: confirmation HR dans le body,15,0,8,0,6,7,"autre, russie, kazakhstan, ouzbekistan, kirghizistan, tadjikistan, turkmenistan, iran, afghanistan",sujet_principal,"femme, migrant, citoyen_ordinaire",detention,False,evenement_date,905,False,True,pertinent
2022-03-15T08:52:23+00:00,Al Jazeera — Turkmenistan,Médias indépendants,Turkmenistan leader’s son wins presidential election,https://www.aljazeera.com/news/2022/3/15/turkmenistan-leaders-son-wins-presidential-election,,35,C,FAIBLE,False,Répression / droits humains,turkmenistan; central asian; kazakhstan; uzbekistan; kyrgyzstan; tajikistan; turkmen; ashgabat; dissidents; reporters; crackdown; presidential; election,Asie centrale: turkmenistan; géographie confirmée dans le corps; plafond V9: aucun ancrage HR principal,15,10,14,0,6,0,"turkmenistan, autre, kazakhstan, ouzbekistan, kirghizistan, tadjikistan, russie",sujet_principal,"defenseur, journaliste, opposant",pression_administrative,True,evenement_date,1643,False,True,pertinent
2021-11-18T13:55:29+00:00,Al Jazeera — Turkmenistan,Médias indépendants,"US issues religious freedom ‘concern’ list, removes Nigeria",https://www.aljazeera.com/news/2021/11/18/us-issues-religious-freedom-concern-list-removes-nigeria,,38,C,FAIBLE,False,Répression / droits humains,tajikistan; turkmenistan; rights violations; religious freedom; court; forced labour,répression grave confirmée; plafond V9: confirmation HR dans le body,0,0,8,9,6,0,"tadjikistan, turkmenistan, iran, afghanistan, russie",mention_secondaire,aucun,contrainte_travail,False,evenement_date,1760,False,True,pertinent
2021-08-19T11:16:55+00:00,Al Jazeera — Turkmenistan,Médias indépendants,"Afghanistan’s Central Asian neighbours panic, reject refugees",https://www.aljazeera.com/news/2021/8/19/afghanistans-ex-soviet-neighbours-panic-reject-refugees,,38,C,FAIBLE,False,Droits spécifiques,central asian; central asia; kazakhstan; uzbekistan; tajikistan; turkmenistan; kazakh; uzbek; tashkent; ashgabat; journalist; reporter; independent media; human rights; violence against women; prosecutors; afghanistan,Asie centrale: central asian; géographie confirmée dans le corps; plafond V9: confirmation HR dans le body,15,7,0,4,5,7,"autre, afghanistan, kazakhstan, ouzbekistan, tadjikistan, turkmenistan, russie",sujet_principal,"journaliste, femme, migrant, citoyen_ordinaire",aucun,False,evenement_date,1851,False,True,pertinent
2021-08-06T09:19:17+00:00,Al Jazeera — Turkmenistan,Médias indépendants,Central Asia’s leaders meet as Taliban makes gains in Afghanistan,https://www.aljazeera.com/news/2021/8/6/central-asia-taliban-afghanistan,,35,C,FAIBLE,False,Répression / droits humains,central asia; central asian; uzbekistan; tajikistan; turkmenistan; uzbek; threats; afghanistan; taliban,Asie centrale: central asia; géographie confirmée dans le corps; plafond V9: confirmation HR dans le body,15,0,7,0,6,7,"autre, afghanistan, ouzbekistan, tadjikistan, turkmenistan, russie",sujet_principal,"migrant, citoyen_ordinaire",pression_administrative,False,evenement_date,1864,False,True,pertinent
2019-08-11T12:27:39+00:00,UN Women — Europe & Asie centrale,Droits humains & presse,Sample survey on violence against women in Kazakhstan,https://news.google.com/rss/articles/CBMiuAFBVV95cUxNZkhyaUJjTUg4UmcyQ1FUSEVoNDVVVFp2a244VUtwQU15dE42Q28wUmJ6TEFMS3NSdkRJM0VsNkxHaEIzMUJpZE1OTHg2dm5DaFU5VlI2b0lqMlQ1ZUttbVlzQ2FNSTUxWThmTEtUUExmMWNKbGNaOUdCZzQtcVc4Qi14SnNDaVpaMXhUM0JyZndsUEhDeG9uSXh6dGdXWEYxbFdBTjNhMHRoZ19kcEhTZGktLXJCWUhX?oc=5,,36,C,FAIBLE,False,Droits des femmes / violences,kazakhstan; violence against women,Asie centrale: kazakhstan; violence / droits des femmes; droit spécifique fortement signalé,12,0,0,4,0,0,kazakhstan,sujet_principal,femme,aucun,False,navigation,2590,False,True,pertinent
2014-09-25T07:00:00+00:00,Human Rights Watch — russe,Droits humains & presse,Узбекистан: тюрьма и пытки - для критиков режима,https://news.google.com/rss/articles/CBMiWEFVX3lxTE01bUl3ekJ2bGVkemFyYU4tdWN2a3c0T2Rla29kVHBWV3JOZHYzWHNsdmFXTmtvSWJxOTBSemtfclZ2dDFmLWZVcUk0LVd3ZDNJZ0ZldTZMbWY?oc=5,,38,C,FAIBLE,False,Répression / droits humains,узбекистан; узбек,"Asie centrale: узбекистан, узбек; répression grave confirmée",12,0,5,0,6,0,ouzbekistan,sujet_principal,aucun,torture_mauvais_traitement,False,navigation,4371,True,True,pertinent
2010-07-14T07:00:00+00:00,Human Rights Watch — russe,Droits humains & presse,Киргизия: пытки и произвольные аресты нагнетают напряженность,https://news.google.com/rss/articles/CBMiWEFVX3lxTE4yMkFncENkbnUxODV3YnJ5R25sRUpBR0draVJoa3RvOTVqZE1IME5jbkZvay14b3g2M25KdFJ0UVFpTEZBRXBCcmd1RGhKMG15empTTmMzam4?oc=5,,38,C,FAIBLE,False,Répression / droits humains,киргизия; киргиз,"Asie centrale: киргизия, киргиз; répression grave confirmée",12,0,5,0,6,0,kirghizistan,sujet_principal,aucun,"detention, torture_mauvais_traitement",False,navigation,5905,True,True,pertinent
,Central Asia-Caucasus Analyst,Médias régionaux,The Wakhan Corridor’s Increasing Role in Central Asia- Afghanistan-China Interaction,https://www.cacianalyst.org/publications/feature-articles/item/13948-the-wakhan-corridor’s-increasing-role-in-central-asia-afghanistan-china-interaction.html,,35,C,FAIBLE,False,Répression / droits humains,central asia; kazakhstan; uzbekistan; kyrgyzstan; tajikistan; caucasus; south caucasus; armenia; azerbaijan; georgia; tbilisi; threats; china; afghanistan,Asie centrale: central asia; géographie confirmée dans le corps; plafond V9: aucun ancrage HR principal,15,0,7,0,6,7,"autre, afghanistan, kazakhstan, ouzbekistan, kirghizistan, tadjikistan, armenie, azerbaidjan, georgie, iran, russie",sujet_principal,aucun,pression_administrative,False,page_institutionnelle,,True,True,pertinent
2026-09-13T06:13:11+00:00,Radio Azattyq,Médias indépendants,Адам құқығы,https://www.azattyq.org/z/7641,,7,D,BRUIT,False,Faible priorité,алматы; журналист,porte régionale: aucun ancrage régional,0,7,0,0,0,0,kazakhstan,mention_secondaire,"journaliste, avocat",aucun,False,evenement_date,0,True,True,pertinent
2026-09-13T06:12:36+00:00,Fararu,Médias indépendants,جنگ و تحریم چه بر سر رشد اقتصادی آورد؟,https://www.fararu.com/fa/news/1001661/%D8%AC%D9%86%DA%AF-%D8%AA%D8%AD%D8%B1%DB%8C%D9%85-%DA%86%D9%87-%D8%A8%D8%B1-%D8%B3%D8%B1-%D8%B1%D8%B4%D8%AF-%D8%A7%D9%82%D8%AA%D8%B5%D8%A7%D8%AF%DB%8C-%D8%A2%D9%88%D8%B1%D8%AF,,10,D,BRUIT,False,Faible priorité,فعالان,porte régionale: aucun ancrage régional,0,10,0,0,0,0,,absent,opposant,aucun,False,evenement_date,0,False,True,pertinent
2026-09-13T06:12:35+00:00,Fararu,Médias indépendants,زیباکلام: دشمنی با آمریکا چه سودی برای منافع ملی ایران داشته است,https://www.fararu.com/fa/news/1001658/%D8%B2%DB%8C%D8%A8%D8%A7%DA%A9%D9%84%D8%A7%D9%85-%D9%81%D9%82%D8%B7-%DB%8C%DA%A9-%D9%85%D9%88%D8%B1%D8%AF-%D9%86%D8%B4%D8%A7%D9%86-%D8%AF%D9%87%DB%8C%D8%AF-%DA%A9%D9%87-%D8%AF%D8%B4%D9%85%D9%86%DB%8C-%D8%A8%D8%A7-%D8%A2%D9%85%D8%B1%DB%8C%DA%A9%D8%A7-%D8%B3%D9%88%D8%AF%DB%8C-%D8%A8%D8%B1%D8%A7%DB%8C-%D9%85%D9%86%D8%A7%D9%81%D8%B9-%D9%85%D9%84%DB%8C-%D8%A7%DB%8C%D8%B1%D8%A7%D9%86-%D8%AF%D8%A7%D8%B4%D8%AA%D9%87-%D8%A7%D8%B3%D8%AA,,20,D,FAIBLE,False,Faible priorité,فعال سیاسی; فعالان سیاسی; خبرنگار; حقوق بشر; دادگاه; محاکمه; بازداشت; محکومیت; حکم زندان; زندانی; حبس,porte régionale: aucun ancrage régional,0,10,11,4,3,0,,absent,"journaliste, opposant","detention, condamnation",False,evenement_date,0,False,True,pertinent
2026-09-12T22:06:50+00:00,Radio Free Europe / Radio Liberty,Médias indépendants,"Russian Strikes Kill 9 Across Ukraine, As Zelenskyy Offers To Meet Putin At Miami G20",https://www.rferl.org/a/zelenskyy-putin-trump-miami-g20-war-talks/33853066.html,"Russia continued to pound the Ukrainian civilian population, killing at least nine people in attacks throughout the country, while Ukrainian President Volodymyr Zelenskyy repeated he'd be willing to meet Russia’s Vladimir Putin at the upcoming G20 summit -- something the Kremlin called “impossible.”",20,D,FAIBLE,False,Politique intérieure,media outlets; crackdown; charges; president; russia; ukraine; summit,porte régionale: aucun ancrage régional,0,7,10,0,5,7,russie,sujet_principal,"journaliste, citoyen_ordinaire",pression_administrative,False,evenement_date,0,False,True,pertinent
2026-09-12T19:23:20+00:00,Fararu,Médias indépendants,پذیرهنویسی صندوق سرمایهگذاری ارزی؛ دلارهای خانگی به بورس میروند؟,https://www.fararu.com/fa/news/1001538/%D9%BE%D8%B0%DB%8C%D8%B1%D9%87-%D9%86%D9%88%DB%8C%D8%B3%DB%8C-%D8%B5%D9%86%D8%AF%D9%88%D9%82-%D8%B3%D8%B1%D9%85%D8%A7%DB%8C%D9%87-%DA%AF%D8%B0%D8%A7%D8%B1%DB%8C-%D8%A7%D8%B1%D8%B2%DB%8C-%D8%AF%D9%84%D8%A7%D8%B1%D9%87%D8%A7%DB%8C-%D8%AE%D8%A7%D9%86%DA%AF%DB%8C-%D8%A8%D9%87-%D8%A8%D9%88%D8%B1%D8%B3-%D9%85%DB%8C-%D8%B1%D9%88%D9%86%D8%AF,,10,D,BRUIT,False,Faible priorité,فعال,porte régionale: aucun ancrage régional,0,10,0,0,0,0,,absent,opposant,aucun,False,evenement_date,0,False,True,pertinent
2026-09-12T19:23:18+00:00,Fararu,Médias indépendants,پیشبینی قیمت مسکن؛ خانه بخریم یا صبر کنیم؟,https://www.fararu.com/fa/news/1001514/%D9%BE%DB%8C%D8%B4-%D8%A8%DB%8C%D9%86%DB%8C-%D9%82%DB%8C%D9%85%D8%AA-%D9%85%D8%B3%DA%A9%D9%86-%D8%AE%D8%A7%D9%86%D9%87-%D8%A8%D8%AE%D8%B1%DB%8C%D9%85-%DB%8C%D8%A7-%D8%B5%D8%A8%D8%B1-%DA%A9%D9%86%DB%8C%D9%85,,10,D,BRUIT,False,Faible priorité,فعالان,porte régionale: aucun ancrage régional,0,10,0,0,0,0,,absent,opposant,aucun,False,evenement_date,0,False,True,pertinent
2026-09-12T18:19:00+00:00,Regnum,Médias officiels (contrepoint),Иран передал США семь условий для открытия Ормузского пролива — СМИ,https://news.google.com/rss/articles/CBMiREFVX3lxTFAwa3RpaFhwS1NWZEJJbFBnU3FwNlN4YnE0cVVQV3J4VGVXb19UTFk3Vzk4bTVzaTE0eGtNSEtHdnRUUXdR?oc=5,,19,D,BRUIT,False,Géopolitique majeure,СМИ; сша; иран,porte régionale: aucun ancrage régional,0,7,0,0,5,7,iran,sujet_principal,journaliste,aucun,False,navigation,0,False,True,pertinent
2026-09-12T00:33:00+00:00,Regnum,Médias officiels (contrepoint),"Журналист Карлсон заявил, что Москва бесконечно лучше и приятнее Нью-Йорка",https://news.google.com/rss/articles/CBMiREFVX3lxTE1ZbTJaS3h2Q0o1S29hbDJoc3RYcmN5YWNlVEJaclpzbWhsYTVDRXVHeHFVSzVTOEIzMnd1dEl4RUZjMlo5?oc=5,,7,D,BRUIT,False,Faible priorité,журналист,porte régionale: aucun ancrage régional,0,7,0,0,0,0,,absent,journaliste,aucun,False,navigation,1,False,True,pertinent
2026-09-11T10:13:00+00:00,Regnum,Médias officiels (contrepoint),Мерц навредил себе выступлением после поражения ХДС на выборах — СМИ,https://news.google.com/rss/articles/CBMiREFVX3lxTFBJTkhWeXZoRm1YTE5JVFdibmhaX3plMVlTRWplZ2xXV29HNFFPZkpPb29OYV81RUNINl80Q2xKRXRnZGtM?oc=5,,7,D,BRUIT,False,Faible priorité,СМИ,porte régionale: aucun ancrage régional,0,7,0,0,0,0,,absent,journaliste,aucun,False,navigation,2,False,True,pertinent
2026-09-10T00:09:38+00:00,TASS — russe,Médias officiels (contrepoint),"В Харьковской ВГА рассказали, чем обернется попытка ВСУ вскрыть Волчанский котел",https://news.google.com/rss/articles/CBMiTkFVX3lxTE0wOWJFUExMVXNGclhhN0JIMGdlQjdiOTliVzluUlZvVVg0WndCcmEzNVYtQVZOOExXaUJ1Xy01ZW9FMkY5bU5oVDd2T3BFQQ?oc=5,,0,D,BRUIT,False,Faible priorité,,porte régionale: aucun ancrage régional,0,0,0,0,0,0,,absent,aucun,aucun,False,navigation,3,False,True,pertinent
2026-09-08T17:12:26+00:00,Amnesty International,Droits humains & presse,Lesotho: Authorities must investigate reported abduction and assault of journalist Kananelo Boloetse,https://www.amnesty.org/en/latest/news/2026/09/media-freedom-journalism/,,20,D,FAIBLE,False,Politique intérieure,journalist; journalists; human rights; freedom of expression; intimidation; threatened; threats; reprisals; authorities,porte régionale: aucun ancrage régional,0,7,12,2,4,0,,absent,"defenseur, journaliste",pression_administrative,True,evenement_date,5,True,True,pertinent
2026-09-08T10:59:00+00:00,Amnesty International,Droits humains & presse,USA/Israel/Iran: Investigation into US-Israeli strikes on Tehran neighbourhoods reveals devastating civilian harm,https://www.amnesty.org/en/latest/news/2026/09/usa-israel-iran-investigation-into-us-israeli-strikes-on-tehran-neighbourhoods-reveals-devastating-civilian-harm/,,20,D,FAIBLE,False,Géopolitique majeure,journalist; threats; iran,porte régionale: aucun ancrage régional,0,7,2,0,5,7,iran,sujet_principal,"journaliste, citoyen_ordinaire",pression_administrative,True,evenement_date,5,True,True,pertinent
2026-09-08T01:30:00+00:00,Amnesty International,Droits humains & presse,Hungary: Meta failed to stop anti-LGBTI content on Facebook,https://www.amnesty.org/en/latest/news/2026/09/hungary-meta-failed-to-stop-anti-lgbti-content-on-facebook/,,20,D,FAIBLE,False,Droits spécifiques,activist; journalist; human rights; freedom of expression; discrimination; repressive; threats; lgbti rights,porte régionale: aucun ancrage régional,0,10,4,6,3,0,,absent,"defenseur, journaliste, opposant",pression_administrative,False,evenement_date,5,True,True,pertinent
2026-09-08T00:01:00+00:00,Amnesty International — français,Droits humains & presse,Hongrie. Meta n’a pas fait barrage aux contenus anti-LGBTI sur Facebook,https://www.amnesty.org/fr/latest/news/2026/09/hungary-meta-failed-to-stop-anti-lgbti-content-on-facebook/,,15,D,BRUIT,False,Droits spécifiques,militant; journaliste; autocensure; droits humains; discrimination,porte régionale: aucun ancrage régional,0,10,0,2,3,0,,absent,"journaliste, opposant",aucun,False,evenement_date,5,True,True,pertinent
2026-09-04T14:05:39+00:00,Amnesty International,Droits humains & presse,"Russia: ECtHR decision to strike out more than 800 complaints denies victims truth, justice and reparation and should be reversed",https://www.amnesty.org/en/latest/news/2026/09/russia-ecthr-decision-to-strike-out-more-than-800-complaints-denies-victims-truth-justice-and-reparation-and-should-be-reversed/,,20,D,FAIBLE,False,Géopolitique majeure,central asia; opposition activist; human rights; freedom of expression; freedom of movement; prisoner of conscience; prisoners of conscience; trial; court; detention; russia,porte régionale: aucun ancrage régional,0,10,7,2,5,7,"russie, autre",sujet_principal,"defenseur, opposant","detention, condamnation",True,evenement_date,9,True,True,pertinent
2026-09-04T08:55:37+00:00,OHCHR,Droits humains & presse,Pakistan: UN experts denounce student killing amid ongoing enforced disappearances and extrajudicial killings of Baloch people,https://news.google.com/rss/articles/CBMitAFBVV95cUxOODhWWm9GcjF0OTE2QzgzT3ltYnR5Tmx5cGZMOFdkeU5MektnWF8zUTBvckZFb1hlelA5TFozOHdvR0JPYVg3UmxwS2NhREE0X1FmbHBDVnlhOG5jcnhndllDeFF2RWxCMFJaNGRvdlJJSjVaclNSbm9uZWlLc0xScU5EVk91bEVlakMwR2MzRmZrZU04bjZENl9Qb05XaFhHcDcwX29Zd1VqUTNFOU5FUUhsUVU?oc=5,,5,D,BRUIT,False,Faible priorité,,porte régionale: aucun ancrage régional,0,5,0,0,0,0,,absent,aucun,aucun,False,navigation,9,False,True,pertinent
2026-09-02T16:45:50+00:00,Amnesty International — français,Droits humains & presse,UE. Les projets de « centres de retour » au Rwanda et en Ouganda risquent de devenir de « cruels trous noirs » en termes de droits humains,https://www.amnesty.org/fr/latest/news/2026/09/eu-return-hub-plans-in-rwanda-and-uganda-risk-becoming-cruel-black-holes-for-human-rights/,,20,D,FAIBLE,False,Droits spécifiques,droits humains; violations des droits humains; torture; répression; détention arbitraire,porte régionale: aucun ancrage régional,0,0,19,8,3,0,,absent,aucun,"torture_mauvais_traitement, pression_administrative",False,evenement_date,11,True,True,pertinent
2026-09-02T09:00:21+00:00,Amnesty International — français,Droits humains & presse,"Russie. Détention de Lida Moniava, responsable d’une association caritative, pour des publications anti-guerre sur les réseaux sociaux : une atteinte flagrante à la liberté d’expression",https://www.amnesty.org/fr/latest/news/2026/09/russia-detention-of-charity-leader-lida-moniava-for-anti-war-social-media-posts-a-brazen-attack-on-freedom-of-expression/,,16,D,BRUIT,False,Faible priorité,asie centrale; militante; censure; réduire au silence; condamné,porte régionale: aucun ancrage régional,0,10,6,0,0,0,"russie, autre",sujet_principal,"journaliste, opposant, avocat",pression_administrative,False,evenement_date,11,True,True,pertinent
2026-08-26T22:15:00+00:00,Amnesty International — russe,Droits humains & presse,Кубинскому художнику-диссиденту Луису Мануэлю Отеро Алькантаре передали более 27 тысяч писем солидарности,https://www.amnesty.org/ru/latest/news/2026/08/cuba-more-than-27000-of-solidarity-letters-reach-luis-manuel-otero-alcantara/,,14,D,BRUIT,False,Faible priorité,активист; активисты; активистов; правозащитники; журналистов; угроз; преследование,porte régionale: aucun ancrage régional,0,10,4,0,0,0,,absent,"journaliste, opposant","detention, condamnation, pression_administrative",True,evenement_date,17,True,True,pertinent
2026-08-25T13:16:03+00:00,Amnesty International — russe,Droits humains & presse,Турецкий правозащитник Осман Кавала должен быть немедленно освобождён после постановления Европейского суда,https://www.amnesty.org/ru/latest/news/2026/08/turkiye-osman-kavala-must-be-immediately-released-following-european-court-order-to-quash-his-conviction/,,20,D,FAIBLE,False,Faible priorité,правозащитник; правозащитника; human rights; суд; судебное разбирательство; обвинение; обвинения; приговор; арест; преследование; осуждён; приговорён,porte régionale: aucun ancrage régional,0,10,11,4,3,0,,absent,opposant,"detention, condamnation, pression_administrative",True,evenement_date,19,True,True,pertinent
2026-08-21T21:55:00+00:00,Amnesty International — russe,Droits humains & presse,Палестина: ХАМАС должен положить конец внесудебным казням и обеспечить правосудие для жертв,https://www.amnesty.org/ru/latest/news/2026/08/palestine-hamas-must-stamp-out-extrajudicial-executions-and-ensure-justice-for-victims/,,0,D,BRUIT,False,Faible priorité,правосудие; судебное разбирательство; судебная система,porte régionale: aucun ancrage régional,0,0,0,0,0,0,,absent,aucun,"detention, torture_mauvais_traitement",False,evenement_date,22,True,True,pertinent
2026-08-21T09:25:54+00:00,Amnesty International — russe,Droits humains & presse,Amnesty International осудила приговоры гонконгским организаторам акций памяти о событиях на площади Тяньаньмэнь,https://www.amnesty.org/ru/latest/news/2026/08/hong-kong-dismaying-tiananmen-convictions-part-of-campaign-to-erase-chinese-history/,,20,D,FAIBLE,False,Faible priorité,активистов; журналистов; узники совести; суд; обвинения; приговор; преследование,signal HR confirmé par le corps; porte régionale: aucun ancrage régional,0,10,7,0,0,0,,absent,"journaliste, opposant","detention, condamnation, pression_administrative",True,evenement_date,23,True,True,pertinent
2026-05-21T07:00:00+00:00,AP News — Tajikistan,Médias indépendants,UN gravely concerned by an Afghan Taliban law that has provisions on child marriage,https://news.google.com/rss/articles/CBMitgFBVV95cUxPZDZTMXRzZ1NWNWU4NE5RSkl1bVdFRDc0dlBaNWlJQVdoaUczdlBRSVNYUHcyS0hmakJoVHZGeTF4TFlVWUlaWlFCNG9yb2pGZ2tQQ05TT0JVWjN0WUpMcnJ4enFoaFlXRHFZWmJqOWJBam5MbW9hcGFYd1E5OEl0TzRSSThfZ1FKQUVtc094eWJGbnlwWWlkZGM5Mzl3Z0lMSWxMM05iUjBfNkF3RDZFejFyNmw0Zw?oc=5,,20,D,FAIBLE,False,Droits des femmes / violences,child marriage; taliban,violence / droits des femmes; droit spécifique fortement signalé; porte régionale: aucun ancrage régional,0,0,0,7,5,7,,absent,aucun,aucun,False,navigation,115,False,True,pertinent
2026-02-27T08:00:00+00:00,International Crisis Group,Sécurité & géopolitique (think tanks),Pakistan: Responding to the Militant Surge on the Afghan Border,https://news.google.com/rss/articles/CBMiugFBVV95cUxOLUNTX3gyQ3ZYZnVzbldlUUNCTWI5TWoxSEQyVjhNU3Z4SHhwam9fZmZnYW1raVVTOUdOTTNSdlk2QzNTM200WnhNT0k4YkY2anJjVjhtbDhwanNfSjk3OTJhNUZBMXJSdExTRE1FbjE1WFctWlBtTGJVU3pyVTZFbHB3RjQxTDBnaEpoTnhnSmRDd0xNalBRRGVZN0toZjZOWGRVbUJJWUU1MzBDZDMtVjNLRlhzNmVNZHc?oc=5,,20,D,FAIBLE,False,Géopolitique majeure,militant,porte régionale: aucun ancrage régional,0,10,0,0,5,7,,absent,opposant,aucun,False,navigation,198,False,True,pertinent
2025-11-12T08:00:00+00:00,Human Rights Watch,Droits humains & presse,“You Have Arrived in Hell”: Torture and Other Abuses Against Venezuelans in El Salvador’s Mega Prison | HRW,https://news.google.com/rss/articles/CBMiswFBVV95cUxQREVaU1pLa3Vma1hQOEVYZzRhcUltVHZQZDY1NWpsTFI3RnVKa0dEU3UyUmlJbTYtX1ZXaC1uQkxGbm9XVnUzTHFDQWRDbVNpd2k2UHNnYndNVHdsQnYySDFZR003aFNBSGpiT1M4UDNyZkU3MF9ET1gtOXNtNW5RNFFrNWFVN3ZheFhrRXhRaHlRazgxMTQ1bXNkc29BODc5RUt2YzRhSXk5YmJxNE5EUUdqRQ?oc=5,,8,D,BRUIT,False,Droits spécifiques,torture,porte régionale: aucun ancrage régional,0,0,0,8,0,0,,absent,aucun,torture_mauvais_traitement,False,navigation,305,True,True,pertinent
2025-10-23T07:00:00+00:00,Human Rights Watch — français,Droits humains & presse,Afghanistan : Les talibans bafouent la liberté de la presse,https://news.google.com/rss/articles/CBMinAFBVV95cUxOUmdDbGQteHphb3dpd3l3X09KaU5zOXpNcDgxSWptSTRJUzdiN2dpcXRqU2Jab3hhaHF2Ykc2ZDV1YlJBTDM4RmdGTTZ4YmVLM1pwRWtPcWd2SW9yOWpVR3lLck5yaGJGa2t1YkdRRmVHbDBSaTd6WHpna0R0dU9kSUluVEtJa1VIMWlpc2lReFhHU2JmOG5mcHh2Z3Y?oc=5,,19,D,BRUIT,False,Géopolitique majeure,liberté de la presse; afghanistan,porte régionale: aucun ancrage régional,0,7,0,0,5,7,afghanistan,sujet_principal,journaliste,aucun,False,navigation,325,True,True,pertinent
2025-08-31T07:00:00+00:00,Human Rights Watch — russe,Droits humains & presse,Беларусь усиливает репрессии в отношении адвокатов-правозащитников,https://news.google.com/rss/articles/CBMilwFBVV95cUxPdU9RQURNZVdqdXFPZ3BCSi1mTHlET0R0ZGM0RGJHZHgwVnREVkNRc1o4aFJndkhtRXg1REM3c1VMYTM5UkdxTXFmR2Zpb3lvRnR0amJ1RWNhanl2RFJja0pwSnlHNFpGQk42ZVYwQlk2OG5lOFBHNVA3c1hrV2dNaU45YlM5VDM5YmxpMGpPRDRYeWRRd2Fz?oc=5,,10,D,BRUIT,False,Faible priorité,правозащитников,porte régionale: aucun ancrage régional,0,10,0,0,0,0,,absent,opposant,pression_administrative,True,navigation,378,True,True,pertinent
2025-03-27T07:00:00+00:00,Human Rights Watch — français,Droits humains & presse,Burkina Faso : Des journalistes arrêtés lors d’une vague de répression des médias,https://news.google.com/rss/articles/CBMiuAFBVV95cUxNal9Lc3lMNk1CQWRtUWZNVTQ1SUNBbGVsZG96SHJ4cDBudnh3UDhFbE9CNlAzMndzV0RNUlVCby0zeS1QMzNoaFJJVG0zSW9qdlJVenpad2VBN2xYYnBqMkgwN3NWNjlhV1lxTjJqSUNKVGlDWUVpa3JRb3IxOXUyTnZyYi1PUmNTOFV1VGRTWXZNYTdLcE5NT3ZjSmFyTENHb1Qxb0NkaUh2V2FBb0VRdHlGTW1kZFI5?oc=5,,9,D,BRUIT,False,Faible priorité,journalistes; répression,porte régionale: aucun ancrage régional,0,7,2,0,0,0,,absent,journaliste,pression_administrative,True,navigation,535,True,True,pertinent
2024-05-27T07:00:00+00:00,Human Rights Watch — russe,Droits humains & presse,Беларусь: Преследования адвокатов-правозащитников,https://news.google.com/rss/articles/CBMigwFBVV95cUxPZXpHQ2l1eXl6Tm02REtvV2UxOVdOdHVxbmN2LUpzWmtseGxrQ0pDem9heElpM3U3ZzhVeXZpNmZjcy16aVJHYi1tWWRpQUxvMWE3d2xtU0FpWHZUUUpRazlNcGR4SkVOdWNzYlR0aFBvYnhJSnJiNlJJZEs4RXJKTVpxbw?oc=5,,10,D,BRUIT,False,Faible priorité,правозащитников,porte régionale: aucun ancrage régional,0,10,0,0,0,0,,absent,opposant,pression_administrative,True,navigation,839,True,True,pertinent
2024-03-18T12:32:25+00:00,Amnesty International — russe,Droits humains & presse,Антивоенные протесты в России,https://www.amnesty.org/ru/projects/anti-war-protest-in-russia/,,20,D,FAIBLE,False,Politique intérieure,активистов; активистки; журналиста; журналистов; СМИ; право на протест; угроз; протесты; преследование,porte régionale: aucun ancrage régional,0,10,4,4,4,0,russie,mention_secondaire,"journaliste, opposant","detention, condamnation, pression_administrative",True,evenement_date,909,True,True,pertinent
2023-12-20T08:00:00+00:00,Human Rights Watch,Droits humains & presse,Meta: Systemic Censorship of Palestine Content,https://news.google.com/rss/articles/CBMihAFBVV95cUxPTzN3T1hyU1d2M3RKcVdGcF9oM1IzdHJkX0pGRmJEYXZrYUpWVldNaEh1aHpVelhhUVl1LWV1SmtvMm1mLUhfNWIwOFBZc25ZYmNZZC10N1R5S1l2OTZ6YlVnaGZjTWRsUlhfUjFUb3dLUGZJS1ZjVUJCck9KaDRyWXBPWm0?oc=5,,7,D,BRUIT,False,Faible priorité,censorship,porte régionale: aucun ancrage régional,0,7,0,0,0,0,,absent,journaliste,aucun,False,navigation,998,True,True,pertinent
2023-12-19T01:25:25+00:00,OHCHR,Droits humains & presse,Asia Pacific Environmental Human Rights Defenders Forum 2022,https://news.google.com/rss/articles/CBMiTkFVX3lxTFBEdzlxX2FleVdZclVFQzgyeXY0emQtbzJqbG9ubVJTdlpaaDZ2QmRUTEl2NkNlTkpwWVdWejI3d0tkNDZNdGJEZ3VHWHZZUQ?oc=5,,17,D,BRUIT,False,Faible priorité,human rights,porte régionale: aucun ancrage régional,0,10,0,4,3,0,,absent,defenseur,aucun,False,navigation,999,False,True,pertinent
2022-10-10T07:00:00+00:00,Human Rights Watch — français,Droits humains & presse,Bahreïn : Condamnés à mort lors de simulacres de procès entachés d’allégations de torture,https://news.google.com/rss/articles/CBMitgFBVV95cUxOaGEtbVVtcWRaWDFPcldOZkVYVHJYSG9paG9vUWZ6a0ZwLTdpRmxPeHpBQ3c2MUkzckhzZDlTa0tFb2tDWHVBbjF5Mm40Zmh4c3ZSVU1DbGFCWHdsaEJIOUtZLVRoOGY5alV5RGdvX1Iwek5nYXVOQmRNRlU4dFpndlFTeHdWb3N6MjVtRG5uRjhEVHZOVHNzR2VZMGt5dnlqaERyekVHem9XanZNR0tISFhJcjlwQQ?oc=5,,8,D,BRUIT,False,Droits spécifiques,torture,porte régionale: aucun ancrage régional,0,0,0,8,0,0,,absent,aucun,torture_mauvais_traitement,False,navigation,1434,True,True,pertinent
2022-08-19T16:18:32+00:00,ARTICLE 19,Droits humains & presse,What is freedom of expression? - ARTICLE 19,https://news.google.com/rss/articles/CBMiZ0FVX3lxTE1jOWxoZGg0N25FWVhIOWh6X0lGLWJuVVpGWHRPZ3RaYmlMRENNVEttOEVtNWY0YXotQ3BuNzJvVmVpUndWY0toZ0JnVmlScC15cTlsX1BOYUdCeHRqa1RuMVU0T1RJeUU?oc=5,,15,D,BRUIT,False,Droits spécifiques,freedom of expression,droit spécifique fortement signalé; porte régionale: aucun ancrage régional,0,0,0,4,3,0,,absent,aucun,aucun,False,navigation,1486,False,True,pertinent
2022-06-29T13:22:59+00:00,Amnesty International — russe,Droits humains & presse,Военная агрессия России против Украины,https://www.amnesty.org/ru/projects/russias-aggression-in-ukraine/,,7,D,BRUIT,False,Faible priorité,журналисты; журналистов; СМИ; цензура,porte régionale: aucun ancrage régional,0,7,0,0,0,0,russie,mention_secondaire,journaliste,"detention, condamnation, pression_administrative",True,evenement_date,1537,True,True,pertinent
2022-06-13T07:00:00+00:00,Human Rights Watch — russe,Droits humains & presse,Россия: Насильственное исчезновение украинской учительницы,https://news.google.com/rss/articles/CBMijwFBVV95cUxPUjYtNEoyRV9OeTJTVEtaUVhUOWtEYlJJcVJoS09oVnBiMVJMUzNoOTZ1Y0RWYWVBOWdycjJsWmUydWxIcEJrenQ2bVQ3TFhRTGREeExTOHFzd3BubC1JOFpUX25tU09haHloYXdNSmpXRUZyZnRQeFNDSDY1NWU4UFRjZmFxRnA2blh2NXV0Zw?oc=5,,14,D,BRUIT,False,Droits spécifiques,насильственное исчезновение; россия,porte régionale: aucun ancrage régional,0,0,0,2,5,7,russie,sujet_principal,aucun,disparition,False,navigation,1553,True,True,pertinent
2022-06-01T07:00:00+00:00,ARTICLE 19,Droits humains & presse,Mexico: Call for investigation as number of murdered journalists rises - ARTICLE 19,https://news.google.com/rss/articles/CBMickFVX3lxTE5zX0E1XzVJNkViQ0wxdzcyM2RjdGZ1a0Jaa3dldEtXN1BjTTdHM0ZEV24tTGJxWHdjRW9VYUc4QkxHeHp3bmRyczEyQmtQNDI4cnIwb3lpRmZGclhwR1NlM3NTVlotLWk2dGtCU0w5MHNWdw?oc=5,,7,D,BRUIT,False,Faible priorité,journalists,porte régionale: aucun ancrage régional,0,7,0,0,0,0,,absent,journaliste,aucun,False,navigation,1565,False,True,pertinent
2022-03-24T06:34:34+00:00,OHCHR,Droits humains & presse,Subcommittee on Prevention of Torture,https://news.google.com/rss/articles/CBMiVEFVX3lxTFBhak1KOXJkcmlCVG9KcTczN0s1czlMZVM5dnN4YmRVYmhfTG5kNVlvWFUtWVNMYlBNQmFicnRVVmxPbzJ6dXBua2d1UHpNMDA3QXh1Tg?oc=5,,8,D,BRUIT,False,Droits spécifiques,torture,porte régionale: aucun ancrage régional,0,0,0,8,0,0,,absent,aucun,torture_mauvais_traitement,False,navigation,1634,False,True,pertinent
2022-03-23T16:00:07+00:00,OHCHR,Droits humains & presse,Committee against Torture,https://news.google.com/rss/articles/CBMiVEFVX3lxTFBIbVVTU3loTjR6TWdueFN1MWt5Um9OcWtfcE9VVTNvOWVoTmg2ZGVRWnRBaWFubzNLelczSDRjUloyakdOYWk4WUw3UFByQkFMalBVSA?oc=5,,8,D,BRUIT,False,Droits spécifiques,torture,porte régionale: aucun ancrage régional,0,0,0,8,0,0,,absent,aucun,torture_mauvais_traitement,False,navigation,1635,False,True,pertinent
2022-01-06T09:57:09+00:00,Amnesty International,Droits humains & presse,Annual report archive,https://www.amnesty.org/en/annual-report-archive/,,14,D,BRUIT,False,Faible priorité,journalists; human rights,porte régionale: aucun ancrage régional,0,7,0,4,3,0,,absent,"journaliste, avocat, migrant",aucun,False,evenement_date,1711,True,True,pertinent
2021-04-20T13:43:57+00:00,Amnesty International — français,Droits humains & presse,Autorisations d’utilisation,https://www.amnesty.org/fr/permissions/,,7,D,BRUIT,False,Faible priorité,reporter,porte régionale: aucun ancrage régional,0,7,0,0,0,0,afghanistan,mention_secondaire,"journaliste, citoyen_ordinaire",aucun,False,evenement_date,1972,True,True,pertinent
2021-04-16T12:23:44+00:00,Amnesty International — français,Droits humains & presse,Faites un don,https://www.amnesty.org/fr/donate/,,17,D,BRUIT,False,Faible priorité,militant; droits humains,porte régionale: aucun ancrage régional,0,10,0,4,3,0,,absent,opposant,aucun,False,evenement_date,1976,True,True,pertinent
2021-03-08T18:54:41+00:00,Amnesty International,Droits humains & presse,Media Centre,https://www.amnesty.org/en/media-centre/,,7,D,BRUIT,False,Faible priorité,journalists; media outlet,porte régionale: aucun ancrage régional,0,7,0,0,0,0,,absent,journaliste,aucun,False,evenement_date,2014,True,True,pertinent
2020-09-14T07:00:00+00:00,Human Rights Watch — russe,Droits humains & presse,Беларусь: Систематические избиения и пытки задержанных демонстрантов,https://news.google.com/rss/articles/CBMiWEFVX3lxTE5FLWZjZ2ZsN09XOThKTmdQR1N2MV8tbWFlZmJIU0VSSlNQRGpTRi1nUHc5SzBJcUFQRllIb3J3cXJQbEZtUzdaajd6VVJmc2FYTWY0TmVLTEc?oc=5,,0,D,BRUIT,False,Faible priorité,,porte régionale: aucun ancrage régional,0,0,0,0,0,0,,absent,aucun,"detention, torture_mauvais_traitement",False,navigation,2190,True,True,pertinent
2020-09-01T07:00:00+00:00,Human Rights Watch — russe,Droits humains & presse,"Беларусь: Отключение интернета, цензура онлайн",https://news.google.com/rss/articles/CBMiWEFVX3lxTE96Y2ZCUmRocl9MRjludzdYYkxiX1lvWkYyQW9jSjd6eVI2ZFdqb2d5Mk9RbTUtd0gwSHhfUWhOaHlFSEQtX2ExaGxjbmduV18xcmJFUnduQUw?oc=5,,7,D,BRUIT,False,Faible priorité,цензура; отключение интернета,porte régionale: aucun ancrage régional,0,7,0,0,0,0,,absent,journaliste,censure_blocage,True,navigation,2203,True,True,pertinent
2020-05-29T10:54:33+00:00,Amnesty International,Droits humains & presse,Donate Now,https://www.amnesty.org/en/donate/,,20,D,FAIBLE,False,Droits spécifiques,activists; human rights; freedom of speech; discrimination; threats; imprisonment,porte régionale: aucun ancrage régional,0,10,4,4,3,0,,absent,"defenseur, opposant, femme",pression_administrative,True,evenement_date,2298,True,True,pertinent
2017-12-14T08:00:00+00:00,Human Rights Watch,Droits humains & presse,“They Were Men in Uniform”: Sexual Violence against Women and Girls in Kenya’s 2017 Elections | HRW,https://news.google.com/rss/articles/CBMisAFBVV95cUxNeE9tSldjVnRPQWY3YXE0RGxhaUoxMmY1M3JMVjcyd1ZtbF94TmJDX20xUHBjLThUbUpWZFcwZmQ2c09LUUhHQllaVlExMGlaaS02bXJTNDJBMzVYdjdwUGJfSEd0N3R5bU9adzN1NXZ2SlgtQW9nV055TWk4RHNjOFRySUdYa2xoSXRrYy1rZmxUZUgtN2ZhMVBZR2hfU2NfUTZycXhZZDY4OTlpenFMQQ?oc=5,,20,D,FAIBLE,False,Droits des femmes / violences,sexual violence; elections,violence / droits des femmes; droit spécifique fortement signalé; porte régionale: aucun ancrage régional,0,0,0,8,4,0,,absent,femme,violence_physique,True,navigation,3195,True,True,pertinent
2016-09-08T07:00:00+00:00,Human Rights Watch,Droits humains & presse,“Our Time to Sing and Play” : Child Marriage in Nepal | HRW,https://news.google.com/rss/articles/CBMiiAFBVV95cUxOQ3VzYmdxRWN2NXJ4ZmNDQ1pGQnlYRFpzSFpmS2lvUGh4VWNJcHEzS3ZPLUpOQmlKSjhLdVdIMWc3MDVpUzlDUUdTa1FrVll1V01sWExwVTA3cnBYdG0zdkhTcl9pVFRtamxrd0ppUXVmNFdCT0plSmVvYUZKbXA1RG4yeXVsTHFy?oc=5,,20,D,FAIBLE,False,Droits des femmes / violences,child marriage,violence / droits des femmes; droit spécifique fortement signalé; porte régionale: aucun ancrage régional,0,0,0,7,0,0,,absent,aucun,aucun,False,navigation,3657,True,True,pertinent
2016-07-21T07:00:00+00:00,Human Rights Watch — russe,Droits humains & presse,"Украина: Пытки, исчезновения в ходе конфликта на востоке страны",https://news.google.com/rss/articles/CBMiWEFVX3lxTE1SVDR5eTEtaTd6Y1JJXzMyeUpTLU1oSXQ0XzRJbFcySklnVk1MUk5vUV9YRTZuWU1RdUV0UzVzY2doTHdYQW14bEFuOWxNbDlST3FiakVMWGU?oc=5,,12,D,BRUIT,False,Géopolitique majeure,украина,porte régionale: aucun ancrage régional,0,0,0,0,5,7,,absent,aucun,torture_mauvais_traitement,False,navigation,3706,True,True,pertinent
2012-07-02T20:56:24+00:00,Human Rights Watch,Droits humains & presse,LGBT Rights,https://news.google.com/rss/articles/CBMiTkFVX3lxTE0wdEZIaXJtQ0gtLWFNbTdhRWFFbWxacXB0U1pyamNEejhRVmtfYWJwa1U4TVp2c3lpTkNyRHJuSnVTNVN0ajBCN1VuRXJzQQ?oc=5,,10,D,BRUIT,False,Droits spécifiques,LGBT rights,droit spécifique fortement signalé; porte régionale: aucun ancrage régional,0,0,0,2,0,0,,absent,aucun,aucun,False,navigation,5185,True,True,pertinent
,FIDH,Droits humains & presse,Thailand: New report details more than a decade of lèse-majesté abuse Read here,https://www.fidh.org/en/en/region/asia/thailand/thailand-new-report-details-more-than-a-decade-of-lese-majeste-abuse-33104,,20,D,FAIBLE,False,Faible priorité,pro-democracy activist; journalist; human rights; human rights violations; civic space; droits civils; trial; sentence; detained; sentences; prosecuted; human rights violation,porte régionale: aucun ancrage régional,0,10,9,4,3,0,,absent,"defenseur, journaliste, opposant, avocat","detention, condamnation",True,rapport_analyse,,False,True,pertinent
,FIDH,Droits humains & presse,Congo: Semlex company referred to the criminal court on charges of international corruption Read here,https://www.fidh.org/en/en/region/Africa/democratic-republic-of-congo/congo-semlex-company-referred-to-the-criminal-court-on-charges-of,,7,D,BRUIT,False,Faible priorité,human rights; court; charges; trial,porte régionale: aucun ancrage régional,0,5,0,4,3,0,,absent,defenseur,aucun,False,rapport_analyse,,False,True,pertinent
,FIDH,Droits humains & presse,Chad’s withdrawal from the International Criminal Court: A blow to the rule of law and victims’ dignity Read here,https://www.fidh.org/en/en/region/Africa/chad/chad-s-withdrawal-from-the-international-criminal-court-a-blow-to-the,,8,D,BRUIT,False,État de droit / espace civique,rule of law; human rights; human rights violations; court; arrest,état de droit / concentration du pouvoir; porte régionale: aucun ancrage régional,0,0,0,2,3,0,afghanistan,mention_secondaire,"defenseur, migrant",detention,True,rapport_analyse,,False,True,pertinent
,FIDH,Droits humains & presse,Ecuador: International organisations warn of a rapid deterioration of human rights,https://www.fidh.org/en/en/region/americas/ecuador/ecuador-international-organizations-warn-of-a-rapid-deterioration-of,,20,D,FAIBLE,False,Droits spécifiques,activist; journalists; human rights; human rights violations; rule of law; civic space; torture; repression; persecute; threats; court; judicial independence; constitutional court; constitution; prosecutors; charges; conviction; sentence; prison sentence,porte régionale: aucun ancrage régional,0,10,26,8,3,0,,absent,"defenseur, journaliste, opposant, avocat, citoyen_ordinaire","condamnation, torture_mauvais_traitement, pression_administrative",True,rapport_analyse,,False,True,pertinent
,FIDH,Droits humains & presse,"India: United Nations Committee on the Elimination of Racial Discrimination concerned over racial discrimination, rampant...",https://www.fidh.org/en/en/region/asia/india/india-united-nations-body-concerned-over-racial-discrimination,,20,D,FAIBLE,False,Droits spécifiques,human rights; human rights violations; freedom of expression; civic space; discrimination; torture; sexual violence; prosecuted,porte régionale: aucun ancrage régional,0,0,17,8,3,0,,absent,"defenseur, migrant","torture_mauvais_traitement, violence_physique, expulsion_extradition",True,rapport_analyse,,False,True,pertinent
,FIDH,Droits humains & presse,Sudan: Extend the Fact-Finding Mission’s mandate and ensure adequate resources for investigations and reporting,https://www.fidh.org/en/en/region/Africa/sudan/sudan-extend-the-fact-finding-mission-s-mandate-and-ensure-adequate,,11,D,BRUIT,False,Droits spécifiques,human rights; sexual violence,porte régionale: aucun ancrage régional,0,0,0,8,3,0,,absent,"defenseur, femme",violence_physique,True,plaidoyer_communique,,False,True,pertinent
,FIDH,Droits humains & presse,International Day of the Victims of Enforced Disappearances,https://www.fidh.org/en/en/com/on-the-internet/instagram/international-day-of-the-victims-of-enforced-disappearances-29918,,0,D,BRUIT,False,Faible priorité,,porte régionale: aucun ancrage régional,0,0,0,0,0,0,,absent,aucun,aucun,False,page_institutionnelle,,False,True,pertinent
,Vlast — anglais,Médias indépendants,Rights Watchdogs Condemn Sentencing of Kazakhstani Journalist,https://vlast.kz/english/70524-rights-watchdogs-condemn-sentencing-of-kazakhstani-journalist.html,,7,D,BRUIT,False,Faible priorité,journalist,porte régionale: aucun ancrage régional,0,7,0,0,0,0,,absent,journaliste,aucun,False,page_institutionnelle,,True,True,pertinent
,Radio Azattyq,Médias indépendants,Адам құқықтары,https://www.azattyq.org/p/7009.html,,7,D,BRUIT,False,Faible priorité,алматы; журналист,porte régionale: aucun ancrage régional,0,7,0,0,0,0,kazakhstan,mention_secondaire,journaliste,aucun,False,page_institutionnelle,,True,True,pertinent
,Radio Azattyq,Médias indépendants,Арнайы жобалар,https://www.azattyq.org/p/7262.html,,10,D,BRUIT,False,Faible priorité,диссидент,porte régionale: aucun ancrage régional,0,10,0,0,0,0,,absent,opposant,aucun,False,rapport_analyse,,True,True,pertinent
,Central Asia-Caucasus Analyst,Médias régionaux,Editor Page,https://www.cacianalyst.org/editorial/editor-page.html,,7,D,BRUIT,False,Faible priorité,editor,porte régionale: aucun ancrage régional,0,7,0,0,0,0,,absent,journaliste,aucun,False,page_institutionnelle,,True,True,pertinent
,Chatham House,Sécurité & géopolitique (think tanks),"Research paper The water footprints of the global minerals trade Water resources are under increasing pressure from mineral extraction crucial for the global economy. This paper explores how governments, industry and civil society can take collective action to reduce supply-chain risks and mitigate adverse mining impacts on nearby communities. 13 August 2026",https://www.chathamhouse.org/2026/08/water-footprints-global-minerals-trade,,10,D,BRUIT,False,Faible priorité,trade; industry,porte régionale: aucun ancrage régional,0,10,0,0,0,0,,absent,defenseur,aucun,False,page_institutionnelle,,False,True,pertinent
,Chatham House,Sécurité & géopolitique (think tanks),"Conference In person and Online Iraq Initiative Conference 2026 The eighth annual conference convenes Iraqi and international policymakers, business leaders, experts, and civil society to assess whether Iraq’s new government can navigate growing regional and domestic pressures and reinforce national sovereignty. 11 November 2026 — 09:00 TO 17:00 GMT",https://www.chathamhouse.org/events/all/standard-event/iraq-initiative-conference-2026,,9,D,BRUIT,False,Politique intérieure,government; conference; business,porte régionale: aucun ancrage régional,0,10,0,0,2,2,,absent,defenseur,aucun,False,page_institutionnelle,,False,True,pertinent
,RIA Novosti,Médias officiels (contrepoint),"СМИ раскрыли неожиданную проблему, ждущую Запад при прямой войне с Россией 03:33",https://ria.ru/20260913/zapad-2117363302.html,,7,D,BRUIT,False,Faible priorité,СМИ,porte régionale: aucun ancrage régional,0,7,0,0,0,0,,absent,journaliste,aucun,False,page_institutionnelle,,False,True,pertinent
2026-09-13T06:13:23+00:00,Fararu,Médias indépendants,سایه القاعده دوباره بر افغانستان؛ بازگشت یک تهدید قدیمی با چهرهای تازه,https://www.fararu.com/fa/news/1001663/%D8%B3%D8%A7%DB%8C%D9%87-%D8%A7%D9%84%D9%82%D8%A7%D8%B9%D8%AF%D9%87-%D8%AF%D9%88%D8%A8%D8%A7%D8%B1%D9%87-%D8%A8%D8%B1-%D8%A7%D9%81%D8%BA%D8%A7%D9%86%D8%B3%D8%AA%D8%A7%D9%86-%D8%A8%D8%A7%D8%B2%DA%AF%D8%B4%D8%AA-%DB%8C%DA%A9-%D8%AA%D9%87%D8%AF%DB%8C%D8%AF-%D9%82%D8%AF%DB%8C%D9%85%DB%8C-%D8%A8%D8%A7-%DA%86%D9%87%D8%B1%D9%87-%D8%A7%DB%8C-%D8%AA%D8%A7%D8%B2%D9%87,,5,E,BRUIT,False,Faible priorité,آسیای مرکزی; تهدید; بازداشت,porte régionale: aucun ancrage régional,0,0,5,0,0,0,autre,mention_secondaire,aucun,"detention, pression_administrative",False,evenement_date,0,False,True,pertinent
2026-09-13T06:12:33+00:00,Fararu,Médias indépendants,پزشکیان: ما با عربستان سعودی در جنگ نیستیم,https://www.fararu.com/fa/news/1001689/%D9%BE%D8%B2%D8%B4%DA%A9%DB%8C%D8%A7%D9%86-%D9%85%D8%A7-%D8%A8%D8%A7-%D8%B9%D8%B1%D8%A8%D8%B3%D8%AA%D8%A7%D9%86-%D8%B3%D8%B9%D9%88%D8%AF%DB%8C-%D8%AF%D8%B1-%D8%AC%D9%86%DA%AF-%D9%86%DB%8C%D8%B3%D8%AA%DB%8C%D9%85,,0,E,BRUIT,False,Faible priorité,,porte régionale: aucun ancrage régional,0,0,0,0,0,0,,absent,aucun,aucun,False,evenement_date,0,False,True,pertinent
2026-09-13T06:12:12+00:00,Fararu,Médias indépendants,کیش دوباره شلوغ شد,https://www.fararu.com/fa/news/1001649/%DA%A9%DB%8C%D8%B4-%D8%AF%D9%88%D8%A8%D8%A7%D8%B1%D9%87-%D8%B4%D9%84%D9%88%D8%BA-%D8%B4%D8%AF,,0,E,BRUIT,False,Faible priorité,,porte régionale: aucun ancrage régional,0,0,0,0,0,0,,absent,aucun,aucun,False,evenement_date,0,False,True,pertinent
2026-09-13T06:12:00+00:00,Fararu,Médias indépendants,تصاویر؛ در زاهدان چه خبر است؟,https://www.fararu.com/fa/news/1001684/%D8%AA%D8%B5%D8%A7%D9%88%DB%8C%D8%B1-%D8%AF%D8%B1-%D8%B2%D8%A7%D9%87%D8%AF%D8%A7%D9%86-%DA%86%D9%87-%D8%AE%D8%A8%D8%B1-%D8%A7%D8%B3%D8%AA,,0,E,BRUIT,False,Faible priorité,,porte régionale: aucun ancrage régional,0,0,0,0,0,0,,absent,aucun,aucun,False,evenement_date,0,False,True,pertinent
2026-09-13T06:11:18+00:00,Fararu,Médias indépendants,تفاهم تهران و مسقط بر سر هرمز؛ راهی برای کاهش تنش یا آغاز فصل تازه جنگ میان ایران و آمریکا؟,https://www.fararu.com/fa/news/1001627/%D8%AA%D9%81%D8%A7%D9%87%D9%85-%D8%AA%D9%87%D8%B1%D8%A7%D9%86-%D9%85%D8%B3%D9%82%D8%B7-%D8%A8%D8%B1-%D8%B3%D8%B1-%D9%87%D8%B1%D9%85%D8%B2-%D8%B1%D8%A7%D9%87%DB%8C-%D8%A8%D8%B1%D8%A7%DB%8C-%DA%A9%D8%A7%D9%87%D8%B4-%D8%AA%D9%86%D8%B4-%DB%8C%D8%A7-%D8%A2%D8%BA%D8%A7%D8%B2-%D9%81%D8%B5%D9%84-%D8%AA%D8%A7%D8%B2%D9%87-%D8%AC%D9%86%DA%AF-%D9%85%DB%8C%D8%A7%D9%86-%D8%A7%DB%8C%D8%B1%D8%A7%D9%86-%D8%A2%D9%85%D8%B1%DB%8C%DA%A9%D8%A7,,2,E,BRUIT,False,Faible priorité,تهدید,porte régionale: aucun ancrage régional,0,0,2,0,0,0,,absent,aucun,pression_administrative,False,evenement_date,0,False,True,pertinent
2026-09-13T06:10:27+00:00,Fararu,Médias indépendants,تصاویر؛ بازگشت ۱۰ صیاد آزادشده از زندان امارات به بندرعباس,https://www.fararu.com/fa/news/1001679/%D8%AA%D8%B5%D8%A7%D9%88%DB%8C%D8%B1-%D8%A8%D8%A7%D8%B2%DA%AF%D8%B4%D8%AA-%D8%B5%DB%8C%D8%A7%D8%AF-%D8%A2%D8%B2%D8%A7%D8%AF%D8%B4%D8%AF%D9%87-%D8%A7%D8%B2-%D8%B2%D9%86%D8%AF%D8%A7%D9%86-%D8%A7%D9%85%D8%A7%D8%B1%D8%A7%D8%AA-%D8%A8%D9%87-%D8%A8%D9%86%D8%AF%D8%B1%D8%B9%D8%A8%D8%A7%D8%B3,,3,E,BRUIT,False,Faible priorité,بازداشت,porte régionale: aucun ancrage régional,0,0,3,0,0,0,,absent,aucun,detention,False,evenement_date,0,False,True,pertinent
2026-09-13T06:09:21+00:00,Fararu,Médias indépendants,نرخ دلار آزاد چند؟,https://www.fararu.com/fa/news/1001672/%D9%82%DB%8C%D9%85%D8%AA-%D8%AF%D9%84%D8%A7%D8%B1-%D8%AF%D8%B1-%D8%A8%D8%A7%D8%B2%D8%A7%D8%B1-%D8%A2%D8%B2%D8%A7%D8%AF-%D8%A7%D9%85%D8%B1%D9%88%D8%B2-%DB%8C%DA%A9%D8%B4%D9%86%D8%A8%D9%87-22-%D8%B4%D9%87%D8%B1%DB%8C%D9%88%D8%B1-1405,,0,E,BRUIT,False,Faible priorité,,porte régionale: aucun ancrage régional,0,0,0,0,0,0,,absent,aucun,aucun,False,evenement_date,0,False,True,pertinent
2026-09-13T05:59:54+00:00,TASS — russe,Médias officiels (contrepoint),"ВС РФ поразили электроподстанции, обеспечивающие работу портовой инфраструктуры на Украине",https://news.google.com/rss/articles/CBMiTkFVX3lxTE9zQ0JLTEdOMlRneXY1em5ySnVBNlhxZkZ2VnNzRzU4c0J2R0tySkc3MWpnWndheW55MzJwNkRUYVo5UDZIRGRrQmM4QVR1dw?oc=5,,0,E,BRUIT,False,Faible priorité,,porte régionale: aucun ancrage régional,0,0,0,0,0,0,,absent,aucun,aucun,False,navigation,0,False,True,pertinent
2026-09-13T05:59:54+00:00,TASS — russe,Médias officiels (contrepoint),"ВС РФ поразили логистический центр ""Новой почты"" в Одесской области",https://news.google.com/rss/articles/CBMiTkFVX3lxTE1xbVhYcTFHQlRkOGlWWjlhSi1TV21nWlQ5NlRYNGktdUh3a0pWb2hhZEo4M3RLTnR2bkxTeldRYl9kdk9UT2kxMkNWQnk1QQ?oc=5,,0,E,BRUIT,False,Faible priorité,,porte régionale: aucun ancrage régional,0,0,0,0,0,0,,absent,aucun,aucun,False,navigation,0,False,True,pertinent
2026-09-13T05:55:56+00:00,TASS — russe,Médias officiels (contrepoint),Илья Воробьев: идея с буллитами перед играми КХЛ требует доработки,https://news.google.com/rss/articles/CBMiREFVX3lxTE5ydWF2UGd3TEhSVkxaZjN0RWVlbHVleGRaa0djWnZUbmEzdUdocy02c29xQ0xGSmNIbDRqRFhWZ2g4WnpF?oc=5,,0,E,BRUIT,False,Faible priorité,,porte régionale: aucun ancrage régional,0,0,0,0,0,0,,absent,aucun,aucun,False,navigation,0,False,True,pertinent
2026-09-13T05:49:48+00:00,TASS — russe,Médias officiels (contrepoint),В России планируют обучать наставников в сфере цифровой гигиены,https://news.google.com/rss/articles/CBMiS0FVX3lxTE1YQ1lEaG9RXzRGbGtoOVg2STVHbG1rS213TE5rYl92MkR2VjVYWUE2cmZReUxCTW5oNEFRSWJWMGJoTnBFU2ZhWVlEbw?oc=5,,0,E,BRUIT,False,Faible priorité,,porte régionale: aucun ancrage régional,0,0,0,0,0,0,,absent,aucun,aucun,False,navigation,0,False,True,pertinent
2026-09-13T05:39:43+00:00,TASS — russe,Médias officiels (contrepoint),В некоторых домах Нижнекамска после атаки БПЛА есть повреждения,https://news.google.com/rss/articles/CBMiUEFVX3lxTE13TE5jcW9FWUtOazVzYlF5V3NwS0FlYjJ1VjRMVVVJOUtYOUpfRUFQb1FDeDBVYnh3OHBmRk9vTkJER2p2bHJwUS1LS0JMV21u?oc=5,,0,E,BRUIT,False,Faible priorité,,porte régionale: aucun ancrage régional,0,0,0,0,0,0,,absent,aucun,aucun,False,navigation,0,False,True,pertinent
2026-09-13T05:37:45+00:00,TASS — russe,Médias officiels (contrepoint),Алина Загитова провела рекордный урок стретчинга на фестивале молодежи,https://news.google.com/rss/articles/CBMiREFVX3lxTFBYUVppVW1fV1pZLWFjSENlNE92dzhwdEJubkVEcmY4aFZJLXdPbENXbkNXaVdfVVNNVDBRaFVWRUo4YmRv?oc=5,,0,E,BRUIT,False,Faible priorité,,porte régionale: aucun ancrage régional,0,0,0,0,0,0,,absent,aucun,aucun,False,navigation,0,False,True,pertinent
2026-09-13T05:37:45+00:00,TASS — russe,Médias officiels (contrepoint),В Астрахани потушили горение вторсырья,https://news.google.com/rss/articles/CBMiUEFVX3lxTFBLRXBwbEpnZGFtSXJ1Z0VtNmFzd3N5eENtZFROY1JJSTJoQmVBUzl5LTVteHZmSEpFd3loUmN3RmN2dUxyampZcU55dXJ6cXE2?oc=5,,0,E,BRUIT,False,Faible priorité,,porte régionale: aucun ancrage régional,0,0,0,0,0,0,,absent,aucun,aucun,False,navigation,0,False,True,pertinent
2026-09-13T05:35:40+00:00,TASS — russe,Médias officiels (contrepoint),"Ушаков: до встречи РФ, США и Украины надо согласовать массу вопросов",https://news.google.com/rss/articles/CBMiSEFVX3lxTE0weHZsNWF3ZWU0X2VWR0tQY2xFZDZpenF3d0oxRm1wa0pLU1U5ODMxRzFrY0c1Q1AxRmpYVHlGMWNtT2JFN1luNg?oc=5,,12,E,BRUIT,False,Géopolitique majeure,сша,porte régionale: aucun ancrage régional,0,0,0,0,5,7,,absent,aucun,aucun,False,navigation,0,False,True,pertinent
2026-09-13T05:31:42+00:00,TASS — russe,Médias officiels (contrepoint),"Ушаков считает, что после беседы с Путиным эмиссары США стали лучше понимать позицию РФ",https://news.google.com/rss/articles/CBMiSEFVX3lxTE9GREFLOEg0S3g5OHJ0bThFdXc0RGRObFFyaGkzOVBOOGg1bFY4N2hpZHkxR19rSGYtWHpNeWVydC1Jekc1d3htaw?oc=5,,12,E,BRUIT,False,Géopolitique majeure,сша,porte régionale: aucun ancrage régional,0,0,0,0,5,7,,absent,aucun,aucun,False,navigation,0,False,True,pertinent
2026-09-13T05:31:41+00:00,TASS — russe,Médias officiels (contrepoint),"""Страна"": во Львовской области загорелась АЗС",https://news.google.com/rss/articles/CBMiUEFVX3lxTE9lZHhXNmZGVnp2NEhwME5Ka3JaT0NwZTlJYmlwcjdxang3RXhvZWVoNFl3YlU1ZUR1UC1SMnRkZ3RYb0JRd1JEQ2dTUGk2RUlu?oc=5,,0,E,BRUIT,False,Faible priorité,,porte régionale: aucun ancrage régional,0,0,0,0,0,0,,absent,aucun,aucun,False,navigation,0,False,True,pertinent
2026-09-13T05:28:00+00:00,Radio Azattyq,Médias indépendants,Тоқаев АҚШ президентінің Оңтүстік және Орталық Азия бойынша арнайы өкілімен кездесті,https://www.azattyq.org/a/toqaev-aqsh-prezidentinin-ontustik-zhane-ortalyq-aziya-boiynsha-arnaiy-okilimen-kezdesti/33853237.html,,0,E,BRUIT,False,Faible priorité,астана,porte régionale: aucun ancrage régional,0,0,0,0,0,0,kazakhstan,mention_secondaire,aucun,aucun,False,evenement_date,0,True,True,pertinent
2026-09-13T05:27:39+00:00,TASS — russe,Médias officiels (contrepoint),Ушаков: ОАЭ подтвердили готовность предоставить площадку для переговоров по Украине,https://news.google.com/rss/articles/CBMiSEFVX3lxTE1WRHR1OWVHLUhXYV9zcmVDQTl4X2UtanQzVU1KcURhOTZMSnJndDd2OFdVVUo4cTJ6VGxkYnZLblQ4Uk9NaFBIUQ?oc=5,,0,E,BRUIT,False,Faible priorité,,porte régionale: aucun ancrage régional,0,0,0,0,0,0,,absent,aucun,aucun,False,navigation,0,False,True,pertinent
2026-09-13T05:27:39+00:00,TASS — russe,Médias officiels (contrepoint),ВС РФ уничтожили пункт управления беспилотниками ВСУ в Сумской области,https://news.google.com/rss/articles/CBMiTkFVX3lxTFBjTmR4anRJaTdhb0V6bWpvZHJfTGozNExLTFpPdUNOeFpSMUtSMHA0YzZucmZKM0FaSkJoOXhudHl0aFZBWEU2ZUFlZFFNdw?oc=5,,0,E,BRUIT,False,Faible priorité,,porte régionale: aucun ancrage régional,0,0,0,0,0,0,,absent,aucun,aucun,False,navigation,0,False,True,pertinent
2026-09-13T05:13:39+00:00,TASS — russe,Médias officiels (contrepoint),Песков прокомментировал призывы Польши начать учения НАТО у Калининградской области,https://news.google.com/rss/articles/CBMiSEFVX3lxTE9FSzdFWnZUcXQxNjAtUnc0OEdvdXRERXRIclo3ekFLbW1XbFhIeG1wS2Q3MHM2Y1pER0w3elZOYjMwZ2p6VHBBTg?oc=5,,0,E,BRUIT,False,Faible priorité,,porte régionale: aucun ancrage régional,0,0,0,0,0,0,,absent,aucun,aucun,False,navigation,0,False,True,pertinent
2026-09-13T04:55:34+00:00,TASS — russe,Médias officiels (contrepoint),В Бурштыне и Ивано-Франковске произошли взрывы,https://news.google.com/rss/articles/CBMiUEFVX3lxTE9CdFBacG5IUkc5ODVHU2Qwb2RZS3RfTXhDNnJJWUQ1UmpmOGRVWTM1TU52SGtsMU1tMDlfQTBpelI3OEU3bldXRWo5U01ubFNE?oc=5,,0,E,BRUIT,False,Faible priorité,,porte régionale: aucun ancrage régional,0,0,0,0,0,0,,absent,aucun,aucun,False,navigation,0,False,True,pertinent
2026-09-13T04:45:53+00:00,TASS — russe,Médias officiels (contrepoint),В Нижнекамске из-за атаки БПЛА пострадали 12 человек,https://news.google.com/rss/articles/CBMiUEFVX3lxTE9ZeE81UWJEQ0duazU0OWY1bl9qdGZGSGpPaDVPbHVUajJkZkhXcUNwOTRVMDVVNnlpdzhwa2d5b3dmTWRwT3E3ODZKZURCeEJC?oc=5,,0,E,BRUIT,False,Faible priorité,,porte régionale: aucun ancrage régional,0,0,0,0,0,0,,absent,aucun,aucun,False,navigation,0,False,True,pertinent
2026-09-13T04:35:30+00:00,TASS — russe,Médias officiels (contrepoint),В Ростовской области сбили более 60 БПЛА,https://news.google.com/rss/articles/CBMiUEFVX3lxTE5WdEg5Sk1DQ0hnam5fZmJLOXVjd1d3QnZKZkQ0bURkd3dGZVJHS3JOb0tUMzJSbUZOd3NDbEZ1ODJIX3JacHdVVzltOUhYSU9G?oc=5,,0,E,BRUIT,False,Faible priorité,,porte régionale: aucun ancrage régional,0,0,0,0,0,0,,absent,aucun,aucun,False,navigation,0,False,True,pertinent
2026-09-13T04:15:23+00:00,TASS — russe,Médias officiels (contrepoint),"Группировка ""Север"" за ночь уничтожила 58 военных ВСУ",https://news.google.com/rss/articles/CBMiTkFVX3lxTE9heVBweXJqRlU0MlVzUXpCaDlDT2l1Qnd4bTRsNThaTC1vTUtuMHZyY1ZBYjYzbXI0NEd2WmpQRUItelFCRFZDQUhRMHh0dw?oc=5,,0,E,BRUIT,False,Faible priorité,,porte régionale: aucun ancrage régional,0,0,0,0,0,0,,absent,aucun,aucun,False,navigation,0,False,True,pertinent
2026-09-13T03:59:50+00:00,Radio Azattyq,Médias indépendants,"Францияда пойыз рельстен шығып, ондаған адам зардап шекті",https://www.azattyq.org/a/frantsiyada-poiyz-relsten-shygyp-ondagan-adam-zardap-shekti/33853233.html,,0,E,BRUIT,False,Faible priorité,,porte régionale: aucun ancrage régional,0,0,0,0,0,0,,absent,aucun,aucun,False,evenement_date,0,True,True,pertinent
2026-09-13T02:26:52+00:00,TASS — russe,Médias officiels (contrepoint),Южная группировка за сутки уничтожила 116 тяжелых БПЛА коптерного типа ВСУ,https://news.google.com/rss/articles/CBMiTkFVX3lxTFBwN0toOENBQjlnb09RY2I4N1hLOVp5blNNazZoekFLbl9PMzJLTzZWQmtQZlIwdnpIQXpGRlRNVC10N1F1ZURTMHE0REpZZw?oc=5,,0,E,BRUIT,False,Faible priorité,,porte régionale: aucun ancrage régional,0,0,0,0,0,0,,absent,aucun,aucun,False,navigation,0,False,True,pertinent
2026-09-13T02:08:05+00:00,TASS — russe,Médias officiels (contrepoint),"Эксперт Ананьева рассказала, на каких планетах могут обнаружить микроорганизмов",https://news.google.com/rss/articles/CBMiREFVX3lxTE9XcXFEMzEydGNmckE1Y2tsbnR4M2dheWdzd0U1bzBhUVRDSlhIa19JSWRjMk04WWJQT21HajRJN3RtYW9i?oc=5,,0,E,BRUIT,False,Faible priorité,,porte régionale: aucun ancrage régional,0,0,0,0,0,0,,absent,aucun,aucun,False,navigation,0,False,True,pertinent
2026-09-13T02:06:03+00:00,TASS — russe,Médias officiels (contrepoint),Курсанты Казанского танкового училища обучаются на современных Т-72Б3М и Т-80,https://news.google.com/rss/articles/CBMiTkFVX3lxTFBUWTJzUWhzZng3aUZNNU43TlcyRTlMUHBxS3B6T2EtVWlhV1QtSm5YWFNKb3FvRHJMekd6NkdYcVdJTnZVakx4UUJIdGs0QQ?oc=5,,0,E,BRUIT,False,Faible priorité,,porte régionale: aucun ancrage régional,0,0,0,0,0,0,,absent,aucun,aucun,False,navigation,0,False,True,pertinent
2026-09-13T02:06:02+00:00,TASS — russe,Médias officiels (contrepoint),В Хмельницком произошел взрыв,https://news.google.com/rss/articles/CBMiUEFVX3lxTFA3NW5ydmlvRm5VbU9VMktNZExEZzZubHNyVW9VNTU4dGRLakEwTFRoRU5HZ2gwNXVrQlNqc05Ha0lMRG1iV2s0Um5ITE42bDhY?oc=5,,0,E,BRUIT,False,Faible priorité,,porte régionale: aucun ancrage régional,0,0,0,0,0,0,,absent,aucun,aucun,False,navigation,0,False,True,pertinent
2026-09-13T01:48:00+00:00,AP News — Kyrgyzstan,Médias indépendants,India’s Modi and China’s Xi seek to reset ties on BRICS sidelines,https://news.google.com/rss/articles/CBMigwFBVV95cUxNUHJRZ08yZnluclFkNUNTNHNWUjc2TkNBdTAwaXFlemFuSDFvbk4xbmxaQ2JtVGhUMWsyZUxFMG10UTdRTUhfQXMyM3hDdk80UUhsdjQtS09QZ3g0Nm9raXE1NTdVTWxRaHRFcjF0am9KQVdEUGdRdFZEdkNNbXVUY1cxSQ?oc=5,,12,E,BRUIT,False,Géopolitique majeure,china,porte régionale: aucun ancrage régional,0,0,0,0,5,7,,absent,aucun,aucun,False,navigation,0,False,True,pertinent
2026-09-13T01:08:00+00:00,AP News — Kazakhstan,Médias indépendants,Elena Rybakina beats Aryna Sabalenka to win the US Open title and punctuate her rise to No. 1,https://news.google.com/rss/articles/CBMioAFBVV95cUxPeC1fLVdudjJRczJCRVhESkJzR1V2bjQtZjBpR2xYNXBCcVF4QjdPR0pWeDZjZ2l0eDRXQUtvcWNYSk51QUF0RV9wOVlkaHZ1WUptTlJHODJpOHVoSlFlUExGQnEwQXBjQnQ0Q3NTRzRBRXp6ZDhFbkN4cjlycTZmM2FYS1BKMWVScnUwVlBUZnowbDBGNjQxckFlRld0dW9k?oc=5,,0,E,BRUIT,False,Faible priorité,,porte régionale: aucun ancrage régional,0,0,0,0,0,0,,absent,aucun,aucun,False,navigation,0,False,True,pertinent
2026-09-13T00:41:00+00:00,Regnum,Médias officiels (contrepoint),Стали известны имена погибших при крушении самолета в Татарстане,https://news.google.com/rss/articles/CBMiREFVX3lxTE02QnlKcEprdHJlUzJRS2JRV1pwVnRsMXF2YjhJQ21SOGwxSkRpYm1kbW5DX0VDYXNHVXJDamdOTUZFRTd4?oc=5,,0,E,BRUIT,False,Faible priorité,,porte régionale: aucun ancrage régional,0,0,0,0,0,0,,absent,aucun,aucun,False,navigation,0,False,True,pertinent
2026-09-12T23:50:00+00:00,AP News — Kazakhstan,Médias indépendants,Aryna Sabalenka beats herself up as she is denied a US Open three-peat,https://news.google.com/rss/articles/CBMikwFBVV95cUxNSzNqODlVV2ZwX2ExZS05dGtiSHRydzRCZnQzNnpnLWdVYTRVRGhjR2J5ZzhtdGstS3hQYlpUWnBZeHY4NTBGRktWRnBKcFZhUlVERVZHbDZHS1dqTlUzZW1DbU5UanpkRkpKTHc4UEZaX0Z3NTFmWWFzWEExeTBXY0tZVkpkR3QxS2gwNGluVThueHM?oc=5,,0,E,BRUIT,False,Faible priorité,,porte régionale: aucun ancrage régional,0,0,0,0,0,0,,absent,aucun,aucun,False,navigation,0,False,True,pertinent
2026-09-12T23:48:00+00:00,AP News — Kazakhstan,Médias indépendants,"Championship weekend at the US Open, in photos",https://news.google.com/rss/articles/CBMinwFBVV95cUxOenVmdGxTSEZRTl9tUFB0V19Qbmo5SE9VWVg4c3JPemJuOFgwUTd6Tl9fQUZFWVdSRE5XRmM3dlVGVnhrZjU0OHVjUFBia05rdUFlVEl0VGY0SFdRTUhmVHBPcEx6bl9qajNzT2VNOFpBT1QyekpwVGxhRU1BX1lHVnFycFlhdDZHTzhia082eFp4dzV5ZnRtVzFGVE9Hbms?oc=5,,0,E,BRUIT,False,Faible priorité,,porte régionale: aucun ancrage régional,0,0,0,0,0,0,,absent,aucun,aucun,False,navigation,0,False,True,pertinent
2026-09-12T23:33:00+00:00,Regnum,Médias officiels (contrepoint),В Волчанском котле ВСУ превратились в разрозненные банды без командования,https://news.google.com/rss/articles/CBMiREFVX3lxTE5CR3R6Mkp5NVhWWEU0U0dfT09SRFBOMElPWWRfd2UxRkFpaGpKV3c4RFZvMzBjdWJub1g5Um5kaW41MjZf?oc=5,,0,E,BRUIT,False,Faible priorité,,porte régionale: aucun ancrage régional,0,0,0,0,0,0,,absent,aucun,aucun,False,navigation,0,False,True,pertinent
2026-09-12T23:21:45+00:00,Radio Azattyq,Médias indépendants,Елена Рыбакина US Open жарысының жеңімпазы атанды. Ол үшінші рет Grand Slam титулын жеңді,https://www.azattyq.org/a/33853067.html,,0,E,BRUIT,False,Faible priorité,,porte régionale: aucun ancrage régional,0,0,0,0,0,0,,absent,aucun,aucun,False,evenement_date,0,True,True,pertinent
2026-09-12T22:46:56+00:00,TASS — russe,Médias officiels (contrepoint),В Карачаево-Черкесии нашли пропавших туристов,https://news.google.com/rss/articles/CBMiUEFVX3lxTE1ITlBIOExVZWxmM2hkNnZ5N3plLWZfNkdYQUl5VVRfaTg4NkgtdXZYb1dwNkRDa1FrdF9uR3J1M3BIUXhBSFYzLTZ2SlBTYmZL?oc=5,,0,E,BRUIT,False,Faible priorité,,porte régionale: aucun ancrage régional,0,0,0,0,0,0,,absent,aucun,aucun,False,navigation,0,False,True,pertinent
2026-09-12T19:23:19+00:00,Fararu,Médias indépendants,جنگ ایران و آمریکا وارد مرحله جدیدی شده است؟,https://www.fararu.com/fa/news/1001409/%D8%AC%D9%86%DA%AF-%D8%A7%DB%8C%D8%B1%D8%A7%D9%86-%D8%A2%D9%85%D8%B1%DB%8C%DA%A9%D8%A7-%D9%88%D8%A7%D8%B1%D8%AF-%D9%85%D8%B1%D8%AD%D9%84%D9%87-%D8%AC%D8%AF%DB%8C%D8%AF%DB%8C-%D8%B4%D8%AF%D9%87-%D8%A7%D8%B3%D8%AA,,0,E,BRUIT,False,Faible priorité,,porte régionale: aucun ancrage régional,0,0,0,0,0,0,,absent,aucun,aucun,False,evenement_date,0,False,True,pertinent
2026-09-12T19:22:00+00:00,Regnum,Médias officiels (contrepoint),Заслуженный артист России Спириденков умер от оторвавшегося тромба,https://news.google.com/rss/articles/CBMiREFVX3lxTE0wYUdvdzByVjRCbFRMQ3UtZzUxSEtubXV5WFBwNl9iY1NQRzh6TmM1bjh3R2x6b3F6VVBnRTZtcXdxbGJk?oc=5,,0,E,BRUIT,False,Faible priorité,,porte régionale: aucun ancrage régional,0,0,0,0,0,0,,absent,aucun,aucun,False,navigation,0,False,True,pertinent
2026-09-12T19:14:10+00:00,TASS — russe,Médias officiels (contrepoint),Песков назвал невозможной встречу Путина и Зеленского на саммите G20 в Майами,https://news.google.com/rss/articles/CBMiSEFVX3lxTFBZZ2wzTjdrcHRtQjRkYVFQQUV4Ui1Wb1pCRVB2dU52YlpsMUVGOWtwdGpFeGc1enc2NF8zMWw5WngzSVJ1N1MwXw?oc=5,,0,E,BRUIT,False,Faible priorité,,porte régionale: aucun ancrage régional,0,0,0,0,0,0,,absent,aucun,aucun,False,navigation,0,False,True,pertinent
2026-09-12T18:58:53+00:00,Fararu,Médias indépendants,سهمیه بنزین انواع وسایل نقلیه چقدر است؟,https://www.fararu.com/fa/news/1001458/%D8%B3%D9%87%D9%85%DB%8C%D9%87-%D8%A8%D9%86%D8%B2%DB%8C%D9%86-%D8%A7%D9%86%D9%88%D8%A7%D8%B9-%D9%88%D8%B3%D8%A7%DB%8C%D9%84-%D9%86%D9%82%D9%84%DB%8C%D9%87-%DA%86%D9%82%D8%AF%D8%B1-%D8%A7%D8%B3%D8%AA,,0,E,BRUIT,False,Faible priorité,,porte régionale: aucun ancrage régional,0,0,0,0,0,0,,absent,aucun,aucun,False,evenement_date,0,False,True,pertinent
2026-09-12T18:41:56+00:00,TASS — russe,Médias officiels (contrepoint),В Херсонской области произошли сильные перепады напряжения,https://news.google.com/rss/articles/CBMiUEFVX3lxTFBQNXBLYXlZV1hSb015TE8xOVlTaFl2bk5ia1hWQ0txalExTGhZWVBBZkw3Yzd3bnZremVTR1pnMHBxVjBock8tXzB0aWRIYkZV?oc=5,,0,E,BRUIT,False,Faible priorité,,porte régionale: aucun ancrage régional,0,0,0,0,0,0,,absent,aucun,aucun,False,navigation,0,False,True,pertinent
2026-09-12T18:39:59+00:00,Fararu,Médias indépendants,جنگ ایران و آمریکا چه زمانی پایان مییابد؟,https://www.fararu.com/fa/news/1001411/%D8%AC%D9%86%DA%AF-%D8%A7%DB%8C%D8%B1%D8%A7%D9%86-%D8%A2%D9%85%D8%B1%DB%8C%DA%A9%D8%A7-%DA%86%D9%87-%D8%B2%D9%85%D8%A7%D9%86%DB%8C-%D9%BE%D8%A7%DB%8C%D8%A7%D9%86-%D9%85%DB%8C-%DB%8C%D8%A7%D8%A8%D8%AF,,0,E,BRUIT,False,Faible priorité,,porte régionale: aucun ancrage régional,0,0,0,0,0,0,,absent,aucun,aucun,False,evenement_date,0,False,True,pertinent
2026-09-12T17:53:48+00:00,TASS — russe,Médias officiels (contrepoint),Хуситы заявили о 130 ударах Саудовских ВВС за два дня по Йемену,https://news.google.com/rss/articles/CBMiUEFVX3lxTE13eHZRNmR5bGVlY2w2RGF2WlkweFFEaHhiTDJzNW9vUnVSN21pRlBNMnlYLV9TNE9OWXNhU2U5M191YlFBMlhpakpmZTI0QTR4?oc=5,,0,E,BRUIT,False,Faible priorité,,porte régionale: aucun ancrage régional,0,0,0,0,0,0,,absent,aucun,aucun,False,navigation,1,False,True,pertinent
2026-09-12T17:14:00+00:00,Regnum,Médias officiels (contrepoint),"Спасатели нашли тело 16-го альпиниста, попавшего под обвал в ущелье Безенги",https://news.google.com/rss/articles/CBMiREFVX3lxTE1PaExUODZiOTk1dTZaSVBkTlFudktkRWNSU2RIV1NNT0J4ejY2M1k4enQyblVoTFdoVmdHcHptODZQNHRW?oc=5,,0,E,BRUIT,False,Faible priorité,,porte régionale: aucun ancrage régional,0,0,0,0,0,0,,absent,aucun,aucun,False,navigation,1,False,True,pertinent
2026-09-12T16:20:00+00:00,Regnum,Médias officiels (contrepoint),Российским военным передали новые партии модернизированных танков,https://news.google.com/rss/articles/CBMiREFVX3lxTE04UDZrYm1pX082d0ZHakpobTRYU1RyZE9ibndoOFpGVExXY004aXJ5aFJZcW8zMEdOLW16TTllSG11cDlE?oc=5,,0,E,BRUIT,False,Faible priorité,,porte régionale: aucun ancrage régional,0,0,0,0,0,0,,absent,aucun,aucun,False,navigation,1,False,True,pertinent
2026-09-12T15:34:00+00:00,Regnum,Médias officiels (contrepoint),ВС России поразили сухогруз с военным имуществом в порту Одессы,https://news.google.com/rss/articles/CBMiREFVX3lxTE8yV1J6Z1pwSlN3a2Z5aXA2VG1DZ0MtTGwyMnhnUFhITl8yWEd2dGxRR2FFOG1xX1p0eV9lODRZU3QtdTVk?oc=5,,0,E,BRUIT,False,Faible priorité,,porte régionale: aucun ancrage régional,0,0,0,0,0,0,,absent,aucun,aucun,False,navigation,1,False,True,pertinent
2026-09-12T14:54:00+00:00,Regnum,Médias officiels (contrepoint),Дмитриев рассказал о шквале запросов немецкого бизнеса на форум с РФ и США,https://news.google.com/rss/articles/CBMiREFVX3lxTE1YNVNvdDBqMDZBblltUFRpM0N2eUN1SFltQ2VrUFhOdmxxcnM3cElOTV8tcjdna1FnU3lLYXotNHphNVg0?oc=5,,12,E,BRUIT,False,Géopolitique majeure,сша,porte régionale: aucun ancrage régional,0,0,0,0,5,7,,absent,aucun,aucun,False,navigation,1,False,True,pertinent
2026-09-12T13:29:00+00:00,Regnum,Médias officiels (contrepoint),"РФ готова к переговорам с Украиной, но СВО останавливать не будет — Лавров",https://news.google.com/rss/articles/CBMiREFVX3lxTE1SOVpzLWEzSHJjMVN2a3M4M0VqR0hvSjd5dkN4OWRUQ3oxa3FYekVuUWpJa3Z4aUhNUWFDcHdnWlpCRnJD?oc=5,,0,E,BRUIT,False,Faible priorité,,porte régionale: aucun ancrage régional,0,0,0,0,0,0,,absent,aucun,aucun,False,navigation,1,False,True,pertinent
2026-09-12T12:28:00+00:00,TASS — russe,Médias officiels (contrepoint),Кушнер надеется на скорое оглашение следующих шагов по урегулированию на Украине,https://news.google.com/rss/articles/CBMiXkFVX3lxTFBtbXQyNTZVV0ZtRG9LOGNSTHFSOTQzWGpyZ09nbmZzU1ptbjV5ZGFGNDlLMkhReWdHM2REdmxaLXBiU1N0aXM5c2pUUjl5TU9mOUltdjB2REFaYVdUbWc?oc=5,,0,E,BRUIT,False,Faible priorité,,porte régionale: aucun ancrage régional,0,0,0,0,0,0,,absent,aucun,aucun,False,navigation,1,False,True,pertinent
2026-09-12T12:12:00+00:00,TASS — russe,Médias officiels (contrepoint),Аэропорты Самары и Ульяновска приостановили прием и выпуск самолетов,https://news.google.com/rss/articles/CBMiSkFVX3lxTE8tX1hxTmgyUERiU3dUa3BsdTdJUy1lTDRfSkluQm5GUU5MelJVQS00QzVydkV6b0gzZHFLeEgtZXZIcm9iNzl1aXVR?oc=5,,0,E,BRUIT,False,Faible priorité,,porte régionale: aucun ancrage régional,0,0,0,0,0,0,,absent,aucun,aucun,False,navigation,1,False,True,pertinent
2026-09-12T12:12:00+00:00,Regnum,Médias officiels (contrepoint),"Если Зеленский хочет встречи с Путиным, он может приехать в Москву — Песков",https://news.google.com/rss/articles/CBMiREFVX3lxTFBPb1oyaThaME5yMld2OGpYeUpvY3llbUlBOG1PYnN5Yk1VWDhPbGFKUXhpVWtleWY2RVF1OVZ2dWU4ei0x?oc=5,,0,E,BRUIT,False,Faible priorité,,porte régionale: aucun ancrage régional,0,0,0,0,0,0,,absent,aucun,aucun,False,navigation,1,False,True,pertinent
2026-09-12T12:08:22+00:00,TASS — russe,Médias officiels (contrepoint),Песков: Запад по своей инициативе свел практически к нулю отношения с РФ,https://news.google.com/rss/articles/CBMiSEFVX3lxTE9QSFdySzZ4Ui1wclhuU0ZmWFpra3NRYnFMcHRkMVk5WkRKc2tKT3Fncm9sQmJTSkhvbUpuOWYzWGNuS1lfTzFScg?oc=5,,0,E,BRUIT,False,Faible priorité,,porte régionale: aucun ancrage régional,0,0,0,0,0,0,,absent,aucun,aucun,False,navigation,1,False,True,pertinent
2026-09-12T11:59:38+00:00,Radio Azattyq,Médias indépendants,Сауд Арабиясы дрон шабуылынан кейін маңызды мұнай құбырының жұмысын тоқтатты,https://www.azattyq.org/a/saud-arabiyasy-dron-shabuylynan-keiin-manyzdy-munai-qubyrynyn-zhumysyn-toqtatty/33852945.html,,0,E,BRUIT,False,Faible priorité,,porte régionale: aucun ancrage régional,0,0,0,0,0,0,iran,mention_secondaire,aucun,aucun,False,evenement_date,1,True,True,pertinent
2026-09-12T11:34:00+00:00,TASS — russe,Médias officiels (contrepoint),Аэропорт Сочи приостановил прием и выпуск самолетов,https://news.google.com/rss/articles/CBMiSkFVX3lxTE8wWWpOWGtSWjJXLUlkcGd6cmNfaUU5c0NVTWVLcHU1RWhiUkhnLVJxcGZYSFFQNGRiOGJZcWgtZlF3OC1Qa3lLVkNB?oc=5,,0,E,BRUIT,False,Faible priorité,,porte régionale: aucun ancrage régional,0,0,0,0,0,0,,absent,aucun,aucun,False,navigation,1,False,True,pertinent
2026-09-12T11:01:00+00:00,Regnum,Médias officiels (contrepoint),СК назвал две возможные причины крушения самолета в Татарстане,https://news.google.com/rss/articles/CBMiREFVX3lxTFBNTUt0a1lZSGZNVWhta3dWTU9TVGJYZUZibVVIX2llVVFlcGRPWnp4aVlaM2NURGt0NVVCaW5nQ29tZ0xv?oc=5,,0,E,BRUIT,False,Faible priorité,,porte régionale: aucun ancrage régional,0,0,0,0,0,0,,absent,aucun,aucun,False,navigation,1,False,True,pertinent
2026-09-12T10:43:00+00:00,TASS — russe,Médias officiels (contrepoint),В аэропорту Саратова ввели ограничения,https://news.google.com/rss/articles/CBMiS0FVX3lxTE91bk9XYndkYzNyR08tM1FTTTBzSUVMVU4yR2F6ZDJNVVM2SlppVkdfcmpVRUdmYjF0eFB4QWNEM3FVT2NOai0welVTSQ?oc=5,,0,E,BRUIT,False,Faible priorité,,porte régionale: aucun ancrage régional,0,0,0,0,0,0,,absent,aucun,aucun,False,navigation,1,False,True,pertinent
2026-09-12T10:18:00+00:00,Regnum,Médias officiels (contrepoint),В возрасте 38 лет скончался участник Олимпиады в Лондоне борец Николай Ноев,https://news.google.com/rss/articles/CBMiREFVX3lxTFBYeEV6TDVEZUF4VGJoNzU2U3p1N1otc3puQlBBel82eDdONjRGeGFOcE8wd1dwSFJBS21LUzNTZXpVcVlx?oc=5,,0,E,BRUIT,False,Faible priorité,,porte régionale: aucun ancrage régional,0,0,0,0,0,0,,absent,aucun,aucun,False,navigation,1,False,True,pertinent
2026-09-12T10:06:42+00:00,Radio Azattyq,Médias indépendants,Иран Американың әуе базасына соққы жасар алдында Қытайдан спутник суреттерін алған,https://www.azattyq.org/a/iran-iordaniyadagy-bazaga-soqqy-zhasamai-turyp-qytaidan-sputnik-suretterin-algan/33852905.html,,12,E,BRUIT,False,Géopolitique majeure,иран,porte régionale: aucun ancrage régional,0,0,0,0,5,7,iran,sujet_principal,aucun,aucun,False,evenement_date,1,True,True,pertinent
2026-09-12T10:05:10+00:00,TASS — russe,Médias officiels (contrepoint),"Трамп заявил, что война с Ираном закончится ""очень скоро""",https://news.google.com/rss/articles/CBMiXkFVX3lxTFBrcHNCUW10LTVfQVFsMnFjRWxzTVAyajloZlNwUHo3WDNBa091bm1LR0tsT0NmSVNYTGdsSWlFWkE1Z1ZOa2hYcjY4bGRTWXpuemI3ZjBXQU0tYkNWanc?oc=5,,12,E,BRUIT,False,Géopolitique majeure,война,porte régionale: aucun ancrage régional,0,0,0,0,5,7,,absent,aucun,aucun,False,navigation,1,False,True,pertinent
2026-09-12T10:03:00+00:00,TASS — russe,Médias officiels (contrepoint),Посольство РФ: в Того состоялось досрочное выездное голосование на выборах в ГД,https://news.google.com/rss/articles/CBMiSEFVX3lxTE82M3luWEhoLUpMVEpXV1U3V2lzS0tfRnF1QkwxRF80SXRFWGE4cVU5UHM5ek94VGFyaEJNTTJDeS1CSndKM3RXSw?oc=5,,0,E,BRUIT,False,Faible priorité,,porte régionale: aucun ancrage régional,0,0,0,0,0,0,,absent,aucun,aucun,False,navigation,1,False,True,pertinent
2026-09-12T10:00:00+00:00,Regnum,Médias officiels (contrepoint),БРИКС нужна амбициозная повестка на ближайшие 20 лет — Моди,https://news.google.com/rss/articles/CBMiREFVX3lxTE1tN2txUHkwVlZRQ1hPS2JtYldzN2lkbDk3LVhEckxFb2tNZFA3czhmN1RiaHhKR3pTQlY3NW5nMVdxREVk?oc=5,,0,E,BRUIT,False,Faible priorité,,porte régionale: aucun ancrage régional,0,0,0,0,0,0,,absent,aucun,aucun,False,navigation,1,False,True,pertinent
2026-09-12T09:23:00+00:00,TASS — russe,Médias officiels (contrepoint),В Москве после велофестиваля открыли движение по улице Косыгина,https://news.google.com/rss/articles/CBMiS0FVX3lxTFA2ZnZHWDB2SzdqT0dkYTJvX2VHVzllNWI5eUVzQkJxa185dG45ZVRSTEhuSDZ6YldVa296ZW5SUjM0S1RZMGVRbHNyQQ?oc=5,,0,E,BRUIT,False,Faible priorité,,porte régionale: aucun ancrage régional,0,0,0,0,0,0,,absent,aucun,aucun,False,navigation,1,False,True,pertinent
2026-09-12T09:14:00+00:00,Regnum,Médias officiels (contrepoint),Путин прибыл на заседание саммита БРИКС в Нью-Дели,https://news.google.com/rss/articles/CBMiREFVX3lxTFBRbVZBbFdwQ1NVbTlvZ3laYUdFT1o1aThDWGUtRkl6dHc1aklLcTdBcWFWSi1sakVWbTNPRWJhRU8tUWtJ?oc=5,,0,E,BRUIT,False,Faible priorité,,porte régionale: aucun ancrage régional,0,0,0,0,0,0,,absent,aucun,aucun,False,navigation,1,False,True,pertinent
2026-09-12T08:17:00+00:00,Regnum,Médias officiels (contrepoint),ВС России нанесли удары по металлургии и логистике на Украине,https://news.google.com/rss/articles/CBMiREFVX3lxTE9sTThHSmhRN0prMnJkTUJHZzE2MTBZN1oxWHJOUVZGeVVJR1FSdEx0N21qeGhCQXY5TENzazJzZVk2Yk1B?oc=5,,0,E,BRUIT,False,Faible priorité,,porte régionale: aucun ancrage régional,0,0,0,0,0,0,,absent,aucun,aucun,False,navigation,1,False,True,pertinent
2026-09-12T07:59:00+00:00,Regnum,Médias officiels (contrepoint),Силы ПВО за сутки сбили 670 украинских дронов,https://news.google.com/rss/articles/CBMiREFVX3lxTE80MWpyLTdlY3N3d3VCdHVLSjAtdDc1aE44NmVfeFdjd1VXOGxPV1JCclYwNnp6Sk1SVTY1WVFfOUJWWHlj?oc=5,,0,E,BRUIT,False,Faible priorité,,porte régionale: aucun ancrage régional,0,0,0,0,0,0,,absent,aucun,aucun,False,navigation,1,False,True,pertinent
2026-09-12T07:55:00+00:00,Regnum,Médias officiels (contrepoint),Партии АдГ пригрозили ни разу не применявшейся статьей конституции Германии,https://news.google.com/rss/articles/CBMiREFVX3lxTE00TG12RWNTZEozRmJzeVhzU2g4VnJjcTNUWUZJQ0lWQWU4aWk1dEprVWZfb1VjS01rcS1DdnJYLTVaVkRw?oc=5,,0,E,BRUIT,False,Faible priorité,,porte régionale: aucun ancrage régional,0,0,0,0,0,0,,absent,aucun,aucun,False,navigation,1,False,True,pertinent
2026-09-12T07:29:00+00:00,Regnum,Médias officiels (contrepoint),В Нью-Дели кондитеры приготовили для Путина шоколадных матрешек,https://news.google.com/rss/articles/CBMiREFVX3lxTFBWNVJDcmZLdTAyd1c2ZUlRMFF0eWlIUkNUSndmUmt3akFXbTduYWNHa1p4eVQxUmItWlh5dFh5dW9DSHp3?oc=5,,0,E,BRUIT,False,Faible priorité,,porte régionale: aucun ancrage régional,0,0,0,0,0,0,,absent,aucun,aucun,False,navigation,1,False,True,pertinent
2026-09-12T07:20:00+00:00,Regnum,Médias officiels (contrepoint),"В ГД заявили, что ЕС придется вернуть российские активы с процентами",https://news.google.com/rss/articles/CBMiREFVX3lxTFBCUGV1TnBXQ3d3TGJ4Y1Q1WFFoUWFXR2JUVkUzOG9FTG9POEE5bnhnWTM5TDVIVWRtdGxmZUM5VGk1aHI2?oc=5,,0,E,BRUIT,False,Faible priorité,,porte régionale: aucun ancrage régional,0,0,0,0,0,0,,absent,aucun,aucun,False,navigation,1,False,True,pertinent
2026-09-12T07:18:00+00:00,TASS — russe,Médias officiels (contrepoint),Премьер Украины назвал предстоящую зиму главным вызовом для страны,https://news.google.com/rss/articles/CBMiXkFVX3lxTFBuY0daOVlQX0JEWXQ1ckZzc2RaeDBWemJoQ0RPc2xjZG0tN2RtNXhDQjYyWE1JUFJMSXpDV1Q4T0tkSGZLdE5DeE9ZRXZqSmpzWlRLcElvMnJ3dG5tZHc?oc=5,,0,E,BRUIT,False,Faible priorité,,porte régionale: aucun ancrage régional,0,0,0,0,0,0,,absent,aucun,aucun,False,navigation,1,False,True,pertinent
2026-09-12T06:53:56+00:00,TASS — russe,Médias officiels (contrepoint),"ВС РФ поразили поставляющий броню ВСУ металлургический комбинат ""Запорожсталь""",https://news.google.com/rss/articles/CBMiTkFVX3lxTE9WYWVkTTVmNkJkOE1CUElOZ21GV3hoVlBPb3hqQ21WZURXLW1IOTBJWDJwR0ljU0pBVVZjTHRNbXNYMFVIeV96ZURlVjYzdw?oc=5,,0,E,BRUIT,False,Faible priorité,,porte régionale: aucun ancrage régional,0,0,0,0,0,0,,absent,aucun,aucun,False,navigation,1,False,True,pertinent
2026-09-12T06:52:00+00:00,Regnum,Médias officiels (contrepoint),"ВС РФ поразили комбинат «Запорожсталь», поставляющий металл для техники ВСУ",https://news.google.com/rss/articles/CBMiREFVX3lxTE1WWVgxckwwS2tMcTVpaG1QeElEaGpITnkzMEVfazJfNVRPUmlRYVY1MkFOdGloVEF1TjBKZWp4TWIzaUN6?oc=5,,0,E,BRUIT,False,Faible priorité,,porte régionale: aucun ancrage régional,0,0,0,0,0,0,,absent,aucun,aucun,False,navigation,1,False,True,pertinent
2026-09-12T06:40:00+00:00,Regnum,Médias officiels (contrepoint),Киев направляет военных и грузовики с боеприпасами в район ЧАЭС — силовики,https://news.google.com/rss/articles/CBMiREFVX3lxTE03OEJwTlJadUp5TVpsdUxETDZkd3J1R3JubExFQW5pS0dCYTRZeng5RVhHdXpxTUhWWS1IczNUeG8tdEVW?oc=5,,0,E,BRUIT,False,Faible priorité,,porte régionale: aucun ancrage régional,0,0,0,0,0,0,,absent,aucun,aucun,False,navigation,1,False,True,pertinent
2026-09-12T06:05:12+00:00,TASS — russe,Médias officiels (contrepoint),"""Ансар Аллах"": суда проходят через Баб-эль-Мандебский пролив в обычном режиме",https://news.google.com/rss/articles/CBMiXkFVX3lxTE9oQXJ5dk5MejJmLUtJd2YxSi1QZjVMM3pvT0RWRnB5NDhjZW5nWFpEOGhiaTFEU0MxTURjYTlKalJMejRCQ25uYjZIMl9qLXN4c21vTzlLTXhYcEpfb2c?oc=5,,0,E,BRUIT,False,Faible priorité,,porte régionale: aucun ancrage régional,0,0,0,0,0,0,,absent,aucun,aucun,False,navigation,1,False,True,pertinent
2026-09-12T06:05:12+00:00,TASS — russe,Médias officiels (contrepoint),ВС РФ поразили логистический центр с материальными средствами ВСУ,https://news.google.com/rss/articles/CBMiTkFVX3lxTFBZT0RGU2J3Y19seUpobVpsVHA0Zm4yajBWTS1HRWlJX1JhSjBvRE5iRV9id2NnRzBRY0VrUmVuZHhMRTBaTG9LUFd2TXkwdw?oc=5,,0,E,BRUIT,False,Faible priorité,,porte régionale: aucun ancrage régional,0,0,0,0,0,0,,absent,aucun,aucun,False,navigation,1,False,True,pertinent
2026-09-12T06:03:00+00:00,Regnum,Médias officiels (contrepoint),"Один человек погиб, 14 пострадали из-за атак ВСУ на Белгородскую область",https://news.google.com/rss/articles/CBMiREFVX3lxTFBzbTFSanVaU2tjR0pqQW9WWGVoUXZrQmhHUnJlTjVCamJOZjNIOU9CSTFzemtQN0tKVlpYZVdqZjhsN29j?oc=5,,0,E,BRUIT,False,Faible priorité,,porte régionale: aucun ancrage régional,0,0,0,0,0,0,,absent,aucun,aucun,False,navigation,1,False,True,pertinent
2026-09-12T05:59:00+00:00,Regnum,Médias officiels (contrepoint),Дроны ВС России поразили склад с военным имуществом в Гостомеле,https://news.google.com/rss/articles/CBMiREFVX3lxTE5kTE9FUllndnFGdzJwTVNHdG0tSFR4MzhSVlFGUVNOMGd0cDg3ZmNlbm5JSG9ERFRpZHhEN3NTd1lNWjNz?oc=5,,0,E,BRUIT,False,Faible priorité,,porte régionale: aucun ancrage régional,0,0,0,0,0,0,,absent,aucun,aucun,False,navigation,1,False,True,pertinent
2026-09-12T05:31:00+00:00,TASS — russe,Médias officiels (contrepoint),Маск согласился с предложением замедлить темпы развития передовых ИИ-моделей,https://news.google.com/rss/articles/CBMiSkFVX3lxTE13bFA4UFhnNVVwclpTMW9PbmdqVDFiRWlScjByRWUySWJvamtmMnMyRnVaM3FZSWRVd0RZaUs1Uk1DMjhUSzRnUDRB?oc=5,,0,E,BRUIT,False,Faible priorité,,porte régionale: aucun ancrage régional,0,0,0,0,0,0,,absent,aucun,aucun,False,navigation,1,False,True,pertinent
2026-09-12T05:10:00+00:00,TASS — russe,Médias officiels (contrepoint),ВС РФ поразили сухогруз с военными грузами ВСУ в порту Одесса,https://news.google.com/rss/articles/CBMiTkFVX3lxTE9ydXczNWp6UGlUSmI2RWgzbFR3VEZlamFBQjFId1o0cEtBUEVGVTRUREJ1ZVpTLTltMmdJbGV5MTNHY0xhaXZXOWVMcnI3Zw?oc=5,,0,E,BRUIT,False,Faible priorité,,porte régionale: aucun ancrage régional,0,0,0,0,0,0,,absent,aucun,aucun,False,navigation,1,False,True,pertinent
2026-09-12T05:10:00+00:00,Regnum,Médias officiels (contrepoint),Ведущие математики мира заявили об угрозе стремительного развития ИИ,https://news.google.com/rss/articles/CBMiREFVX3lxTE8xZ3AwQ1FhbUF2TDBadDJic0wxWjRFVGFQelB6VF9ZUHNwNDBSY3JidUxDaThWSzFOQWttRVduenk5VnpU?oc=5,,0,E,BRUIT,False,Faible priorité,,porte régionale: aucun ancrage régional,0,0,0,0,0,0,,absent,aucun,pression_administrative,False,navigation,1,False,True,pertinent
2026-09-12T04:36:19+00:00,TASS — russe,Médias officiels (contrepoint),"В РФ создали станцию управления для БПЛА, увеличивающую дальность до 45 км",https://news.google.com/rss/articles/CBMiTkFVX3lxTE96VUNMYWl2SzBJZ0dERXd6TlpTdXVNTkZZaUpaREdEVE9FX18xdGNCS210ZG5SQnAyR3Q3eWxlVmpsLUw4OXQ5bUJzWXhKUQ?oc=5,,0,E,BRUIT,False,Faible priorité,,porte régionale: aucun ancrage régional,0,0,0,0,0,0,,absent,aucun,aucun,False,navigation,1,False,True,pertinent
2026-09-12T04:33:00+00:00,Regnum,Médias officiels (contrepoint),Над Ростовской областью сбили более 70 БПЛА,https://news.google.com/rss/articles/CBMiREFVX3lxTE42dk1LdmJBd1pzYnYzYkFWS2U0Vk5VODI2OHRpMGRiM1hBVW9iVlpYbWpGeWtCWjAxczBXNURLbTliMUJZ?oc=5,,0,E,BRUIT,False,Faible priorité,,porte régionale: aucun ancrage régional,0,0,0,0,0,0,,absent,aucun,aucun,False,navigation,1,False,True,pertinent
2026-09-12T04:20:00+00:00,Regnum,Médias officiels (contrepoint),Сгоревший российский танк Т-90М произвел 10 выстрелов и выехал с поля боя,https://news.google.com/rss/articles/CBMiREFVX3lxTE5qdlgwRFY0dllDbFpVNzVLMGJfOV9wTkRpbmxTY002aF91TnZyWFNnT1pRQkQ2aXFUX1I0bUstZkMyUnJL?oc=5,,0,E,BRUIT,False,Faible priorité,,porte régionale: aucun ancrage régional,0,0,0,0,0,0,,absent,aucun,aucun,False,navigation,1,False,True,pertinent
2026-09-12T03:55:00+00:00,TASS — russe,Médias officiels (contrepoint),"Лавров: Зеленский путешествует, а у руководства России есть дела и дома",https://news.google.com/rss/articles/CBMiSEFVX3lxTE5VMnlqWlI4bExTWm9ER3QwLXhmRmlteVpwUUExS0ltQjNCOVFkd0ZpZUNVRV9Yek9TNjF4amdoNWdjYk03Nk56aQ?oc=5,,0,E,BRUIT,False,Faible priorité,,porte régionale: aucun ancrage régional,0,0,0,0,0,0,,absent,aucun,aucun,False,navigation,1,False,True,pertinent
2026-09-12T03:48:00+00:00,Regnum,Médias officiels (contrepoint),Крупной атаке ВСУ подверглась Самарская область,https://news.google.com/rss/articles/CBMiREFVX3lxTE9CT3NoN0VVbnM2TFRQVi0wVjNxU1NMcmo4c0JYMzVGbUhHMlVEaTRzV2lhWkZCWE00RzNjekplNk1MS1VN?oc=5,,0,E,BRUIT,False,Faible priorité,,porte régionale: aucun ancrage régional,0,0,0,0,0,0,,absent,aucun,aucun,False,navigation,1,False,True,pertinent
2026-09-12T03:37:00+00:00,Regnum,Médias officiels (contrepoint),Прокуратура Архангельской области опубликовала кадры смертельного ДТП,https://news.google.com/rss/articles/CBMiREFVX3lxTE13RDVZY2cwTzV6cUt2UWF6VmlWTERBVE52YU85U2htY2hwcVdPQ2JVNWxwZlYzUGRFTUFXQzkzUDhVd192?oc=5,,0,E,BRUIT,False,Faible priorité,прокуратура,porte régionale: aucun ancrage régional,0,0,0,0,0,0,,absent,aucun,aucun,False,navigation,1,False,True,pertinent
2026-09-12T03:24:00+00:00,TASS — russe,Médias officiels (contrepoint),"Лавров: РФ готова к переговорам с Украиной, но не остановит СВО на это время",https://news.google.com/rss/articles/CBMiSEFVX3lxTE1oNjNmZVh2WERrNUVKMGNhNk10NEpfX3RhVTM2U3EwUzBiQTF4UThvQ3oxNmQ0NzhlSU5jVzhpNkdwZDctZ1JwbQ?oc=5,,0,E,BRUIT,False,Faible priorité,,porte régionale: aucun ancrage régional,0,0,0,0,0,0,,absent,aucun,aucun,False,navigation,1,False,True,pertinent
2026-09-12T03:08:14+00:00,TASS — russe,Médias officiels (contrepoint),"Марочко: пропаганда Киева о победах ВСУ ""сдулась"" после освобождения Зоревки",https://news.google.com/rss/articles/CBMiTkFVX3lxTE5YU1FjcEJwLXhBZW1qN205ZnhDOThqLUo2RWt6bVlKSnU5RUd4UWZkbTc1OEpDX0NXcEZCUDhkbVlwbHpEUTBlMXFSU0hpZw?oc=5,,0,E,BRUIT,False,Faible priorité,,porte régionale: aucun ancrage régional,0,0,0,0,0,0,,absent,aucun,aucun,False,navigation,1,False,True,pertinent
2026-09-12T03:02:00+00:00,Regnum,Médias officiels (contrepoint),Ковчег с мощами Дмитрия Донского доставили в зону спецоперации,https://news.google.com/rss/articles/CBMiREFVX3lxTE9uSG1jc3ZWNC04R0xLSXpaZzFXaDBUSXgwT3RLZjZoeTRJVWJfZEsySE5GM2E1VlpEdGFBU1dlTzY0bDIt?oc=5,,0,E,BRUIT,False,Faible priorité,,porte régionale: aucun ancrage régional,0,0,0,0,0,0,,absent,aucun,aucun,False,navigation,1,False,True,pertinent
2026-09-12T02:13:00+00:00,Regnum,Médias officiels (contrepoint),Запад снисходителен к преступлениям Украины — МИД России,https://news.google.com/rss/articles/CBMiREFVX3lxTE1Zak5neUZJbE1tNkwtRTl3YS1VMzFIbF82M1Z2VkJma2dXRjcxT1U1YThXR2pZekNSN1dOaE5nSnNHOVoy?oc=5,,0,E,BRUIT,False,Faible priorité,,porte régionale: aucun ancrage régional,0,0,0,0,0,0,,absent,aucun,aucun,False,navigation,1,False,True,pertinent
2026-09-12T01:22:00+00:00,Regnum,Médias officiels (contrepoint),"Совладелец компании, автобус которой попал в ДТП, обвиняется в подкупе",https://news.google.com/rss/articles/CBMiREFVX3lxTE5TTEd0T1hrRTJGNFpCeUxIazdUXzN0UnhUZjJiTHVlQ2tsV3JaLXUzOVJoQjlfbFFLV2RMNVI2ZXdpQXpQ?oc=5,,0,E,BRUIT,False,Faible priorité,,porte régionale: aucun ancrage régional,0,0,0,0,0,0,,absent,aucun,aucun,False,navigation,1,False,True,pertinent
2026-09-12T01:17:00+00:00,TASS — russe,Médias officiels (contrepoint),Сотрудничество в духе взаимного уважения. Декларация саммита БРИКС,https://news.google.com/rss/articles/CBMiXkFVX3lxTFBBTjJta05lSGEwODlTanZrcVBrZW9PaHZjeWJNNUdUQVhQVjhLZjFDZkdWT1llTEptT2lEYUdJd3VGVXA3NTUyclhFYUpyazM2bUE3MkFpZ0o2ZE91V2c?oc=5,,0,E,BRUIT,False,Faible priorité,,porte régionale: aucun ancrage régional,0,0,0,0,0,0,,absent,aucun,aucun,False,navigation,1,False,True,pertinent
2026-09-12T01:08:00+00:00,TASS — russe,Médias officiels (contrepoint),"В Индии поделились видео встречи Путина и Моди под песню ""Матушка-земля""",https://news.google.com/rss/articles/CBMiSEFVX3lxTE5YSDZFLU9lWk5VR2lodk13NUNVV1pfdEZBUEJpZzB1SnJwVmFHa3h0ZnE3TXZEalc1Tnppb3hyRTRseWVlc1B3cg?oc=5,,0,E,BRUIT,False,Faible priorité,,porte régionale: aucun ancrage régional,0,0,0,0,0,0,,absent,aucun,aucun,False,navigation,1,False,True,pertinent
2026-09-12T01:02:00+00:00,Regnum,Médias officiels (contrepoint),Волчанский котел назвали зоной эпидемии среди бойцов ВСУ,https://news.google.com/rss/articles/CBMiREFVX3lxTFBoSzVYMTZVX1llRDJZNmFTY2Z6eURXQVJ3ckJRM1diWGlQYlZFejZFTjdNZFpKdngtWmxGX044VUh6MkxV?oc=5,,0,E,BRUIT,False,Faible priorité,,porte régionale: aucun ancrage régional,0,0,0,0,0,0,,absent,aucun,aucun,False,navigation,1,False,True,pertinent
2026-09-12T00:11:53+00:00,TASS — russe,Médias officiels (contrepoint),На Камчатке завершилась лососевая путина — читать подробности,https://news.google.com/rss/articles/CBMioAFBVV95cUxNSkIxV2x5bjJDVU1GbkJta1VwOWp4cnlkcUpodWRwMWRjNDZMUElnaGZVV2JfWWRUbnBzYllmZkFtakI4WHdiZDJnRFpXQ25wMTR5QlBCV04tMzdEWFY0S3NHTGdFNGphRUdvN1Rac1h0ZTdUbXFtS1E1b3ZvbHdCZjVFMTllSmcxeGQ3cUxqNUs1QlRNdURVQ016NkMzTkdf?oc=5,,0,E,BRUIT,False,Faible priorité,,porte régionale: aucun ancrage régional,0,0,0,0,0,0,,absent,aucun,aucun,False,navigation,1,False,True,pertinent
2026-09-11T23:40:00+00:00,TASS — russe,Médias officiels (contrepoint),"ВСУ в волчанском котле распались на ""разрозненные банды""",https://news.google.com/rss/articles/CBMiS0FVX3lxTE1Ea0QyYm5UUmcySWdFRThxZTUzU1BHWGJsdXNldE0tWEt0dWstdGpWY0FWSHh0UzNDa01nWEQ4TWhrLThVUk9iamxwWQ?oc=5,,0,E,BRUIT,False,Faible priorité,,porte régionale: aucun ancrage régional,0,0,0,0,0,0,,absent,aucun,aucun,False,navigation,1,False,True,pertinent
2026-09-11T23:11:00+00:00,Regnum,Médias officiels (contrepoint),Шесть человек погибли в ДТП в Амурской области,https://news.google.com/rss/articles/CBMiREFVX3lxTFBTM0dBX05GVmpLTHZBV09pdHp1SjZrQUwtblFvRlpQYzhYWURtS2RKN2V2eGVYcGRKR0dQSGt5M3BMdzRK?oc=5,,0,E,BRUIT,False,Faible priorité,,porte régionale: aucun ancrage régional,0,0,0,0,0,0,,absent,aucun,aucun,False,navigation,1,False,True,pertinent
2026-09-11T23:02:00+00:00,TASS — russe,Médias officiels (contrepoint),Ушаков: возможность поездки Путина на саммит G20 пока даже не обсуждалась,https://news.google.com/rss/articles/CBMiSEFVX3lxTE5Edmt0dFZjamNLWlhhZnI3UVExOFpOMDZ6NThiS2lJNTA0SHBleEp2T2duMlB3WlcwMWNnUWY3ZV9OZzNmdUZNMQ?oc=5,,0,E,BRUIT,False,Faible priorité,,porte régionale: aucun ancrage régional,0,0,0,0,0,0,,absent,aucun,aucun,False,navigation,1,False,True,pertinent
2026-09-11T22:07:00+00:00,AP News — Kazakhstan,Médias indépendants,Taylor Townsend and Katerina Siniakova win their first US Open women's doubles title together,https://news.google.com/rss/articles/CBMimwFBVV95cUxPNklENkN1ZU14bnRJTXA1UUNkdHpObUZSbWNDd19xRnB5QnJySV90MWc3Q0lDU3J0bnZJQ0ZURlB1YjFvalJTRTV4OElmZlMxbFVLTkRKcXVyRjFKRHJVa25qc2xWeTRxYzBMZWM1b3dDV1ZzOHhRRDNvQWZMQjJ6Tl9tUl84bnhpYzc1WC1ibGhrNlVwTHdxYXRsTQ?oc=5,,0,E,BRUIT,False,Faible priorité,,porte régionale: aucun ancrage régional,0,0,0,0,0,0,,absent,femme,aucun,False,navigation,1,False,True,pertinent
2026-09-11T21:55:00+00:00,Regnum,Médias officiels (contrepoint),Уголовные дела возбудили по факту смертельного ДТП в Архангельской области,https://news.google.com/rss/articles/CBMiREFVX3lxTE93elVYZjlVSVVsbnI0b29KTU9EMjFlQVV1by1nWUlUUHJWN1hSbTVwUDJkQ2xaZ29tNGVaVlJpR1doRVp6?oc=5,,0,E,BRUIT,False,Faible priorité,,porte régionale: aucun ancrage régional,0,0,0,0,0,0,,absent,aucun,aucun,False,navigation,1,False,True,pertinent
2026-09-11T21:40:00+00:00,AP News — Kazakhstan,Médias indépendants,Aryna Sabalenka and Elena Rybakina to meet in a US Open final between the world's top 2 players,https://news.google.com/rss/articles/CBMioAFBVV95cUxOck04Q2kzNFRJSU5sRkVRVURPRDE2cVA4Qk5HVEpLMVBWSENhdjI4SGlCbDB3REFFT3pUcTNhU1NRUVd1V014aUlYSjJfX050bmRHLTk5N1ozbk9xMWlxRXBGSndjakdaS1lqSVcxdTBfSTB0a0xaQ0plSDlUNHVQX1gzOU9qazFXbDdPSHNEcGRwR21DMENLT1FnX1VQajJl?oc=5,,0,E,BRUIT,False,Faible priorité,,porte régionale: aucun ancrage régional,0,0,0,0,0,0,,absent,aucun,aucun,False,navigation,1,False,True,pertinent
2026-09-11T21:23:00+00:00,Regnum,Médias officiels (contrepoint),Россия не приемлет расширение НАТО на восток — Путин,https://news.google.com/rss/articles/CBMiREFVX3lxTE1WeXp2ZmU2dGtQMGRtbFpjUFplYnVBWHN1bm9Wbl9OeG1ESDhvNTdSNW5STU5DT3ZibmxJakJuaTIxLWoy?oc=5,,12,E,BRUIT,False,Géopolitique majeure,россия,porte régionale: aucun ancrage régional,0,0,0,0,5,7,russie,sujet_principal,aucun,aucun,False,navigation,1,False,True,pertinent
2026-09-11T21:10:00+00:00,Regnum,Médias officiels (contrepoint),Участие России в G8 не было полноценным — Путин,https://news.google.com/rss/articles/CBMiREFVX3lxTE44Sk0wMG1SOG5KYUJGSDBrMXNtdWpkdFB2VTF4U3E5SzRXNTc0TU16OGR6T2dQR0NTNHNHb2VQQnFTZEMw?oc=5,,0,E,BRUIT,False,Faible priorité,,porte régionale: aucun ancrage régional,0,0,0,0,0,0,,absent,aucun,aucun,False,navigation,1,False,True,pertinent
2026-09-11T21:09:00+00:00,Regnum,Médias officiels (contrepoint),"Путин не исключил, что цены на газ в Европе достигнут 1,5 тыс. долларов",https://news.google.com/rss/articles/CBMiREFVX3lxTE5Ba1hnVXFmS3JHWWcxR2h2NmVXVmJwcGZkNTNWRkFlejRTMjFGQmxrMjNsajVCRzZENEw5cmFDdFpBdGRV?oc=5,,0,E,BRUIT,False,Faible priorité,,porte régionale: aucun ancrage régional,0,0,0,0,0,0,,absent,aucun,aucun,False,navigation,1,False,True,pertinent
2026-09-11T20:44:00+00:00,Regnum,Médias officiels (contrepoint),"Путин заявил, что у России нет оснований для конфликта с Европой",https://news.google.com/rss/articles/CBMiREFVX3lxTE83cUdoRE5NaXluRHd6YzlFLXpKRm5iNEV1MmlvQ2hHbTlDa180Ul8wTDR3blMwVzd0WHRmQmZyNU1oQUM4?oc=5,,0,E,BRUIT,False,Faible priorité,,porte régionale: aucun ancrage régional,0,0,0,0,0,0,,absent,aucun,aucun,False,navigation,1,False,True,pertinent
2026-09-11T20:26:00+00:00,Regnum,Médias officiels (contrepoint),Европейцев подталкивают к войне с Россией — Путин,https://news.google.com/rss/articles/CBMiREFVX3lxTE52UVRfXzVTWHZKV2tyUFJyWTlpQUxDTExoUGRJM2M3V2RiZ3pvbjd1NXVLZm4yRVJ1aXMyTGM1TEhCYzR3?oc=5,,0,E,BRUIT,False,Faible priorité,,porte régionale: aucun ancrage régional,0,0,0,0,0,0,,absent,aucun,aucun,False,navigation,1,False,True,pertinent
2026-09-11T19:56:00+00:00,Regnum,Médias officiels (contrepoint),Упавший со скалы в районе Дагестана мужчина умер по пути в больницу,https://news.google.com/rss/articles/CBMiREFVX3lxTE1CMUpOXzdqcWROS0REMFJDZUJkN0w5MFpJV3NOQzJzWGpLSHA5NWtWSWFvZC1QaHRqbXR6UFNwLW9uWWR4?oc=5,,12,E,BRUIT,False,Faible priorité,дагестан,Caucase: дагестан; plafond V9: aucun ancrage HR principal,12,0,0,0,0,0,caucase_nord,sujet_principal,aucun,aucun,False,navigation,1,False,True,pertinent
2026-09-11T19:30:00+00:00,Regnum,Médias officiels (contrepoint),РФ выступает за подключение большего числа участников к работе банка БРИКС,https://news.google.com/rss/articles/CBMiREFVX3lxTFA5VFpqWG1rMWVRZFVlRDBsM0RSWHo2c2wxMVgzUHRETXdBVW5WR2QwS1VqZ3JuYzhYS0UxZWd5UkFCYVJo?oc=5,,0,E,BRUIT,False,Faible priorité,,porte régionale: aucun ancrage régional,0,0,0,0,0,0,,absent,aucun,aucun,False,navigation,1,False,True,pertinent
2026-09-11T19:19:00+00:00,TASS — russe,Médias officiels (contrepoint),После атаки ВСУ на предприятие в Самарской области госпитализировали человека,https://news.google.com/rss/articles/CBMiUEFVX3lxTFBXZUkwd0xSZEJjZWdUNlJFcFBmdHhWRDh5OVdUWDI3TDR0ZW1nbTlqTkJLWEJNemZ1RkNrM05BaEtFRnF5Uk9hdFJEMWNfRXFv?oc=5,,0,E,BRUIT,False,Faible priorité,,porte régionale: aucun ancrage régional,0,0,0,0,0,0,,absent,aucun,aucun,False,navigation,1,False,True,pertinent
2026-09-11T19:15:00+00:00,Regnum,Médias officiels (contrepoint),Путин встретился в Нью-Дели с главой Нового банка развития Роуссефф,https://news.google.com/rss/articles/CBMiREFVX3lxTE9Ybnd6QUJnaldDV3l2azdrVWZnVE52UG5NQTQ4cEpCVkZyNlo0TUp5QTlyQkdKakhhdTg2NTBVbC1zdnc3?oc=5,,0,E,BRUIT,False,Faible priorité,,porte régionale: aucun ancrage régional,0,0,0,0,0,0,,absent,aucun,aucun,False,navigation,1,False,True,pertinent
2026-09-11T18:58:00+00:00,Regnum,Médias officiels (contrepoint),Появились кадры с места столкновения лесовоза с автобусом под Архангельском,https://news.google.com/rss/articles/CBMiREFVX3lxTFBlVDF1Q1BPbnJCcTdpbzViMlpwTGhSTERUdlhCeGJzT28xOFJlM0t6Z3NrZllSUVN3Rld1NF9SVUF4QWdz?oc=5,,0,E,BRUIT,False,Faible priorité,,porte régionale: aucun ancrage régional,0,0,0,0,0,0,,absent,aucun,aucun,False,navigation,1,False,True,pertinent
2026-09-11T18:16:00+00:00,Regnum,Médias officiels (contrepoint),Лукашенко призвал США вернуть Белоруссии «должок»,https://news.google.com/rss/articles/CBMiREFVX3lxTFBrOFd6R3RqOVo5Mk9YMUpkTlVPWkN4aWowQkh2b2VCOElWdzdfQ015c3hDZVp4RFYwYWEtUlJ2Q1NDaERw?oc=5,,12,E,BRUIT,False,Géopolitique majeure,сша,porte régionale: aucun ancrage régional,0,0,0,0,5,7,,absent,aucun,aucun,False,navigation,1,False,True,pertinent
2026-09-11T18:11:00+00:00,Regnum,Médias officiels (contrepoint),Путин провел встречу с премьер-министром Малайзии,https://news.google.com/rss/articles/CBMiREFVX3lxTE9tSEdqQlhnY1NobTJscVVTbmp2ZVZkTTN2UDhvR1lyaW5BOUoxLUxBU0VmdlNtTDYzQ0wwYk85blUzajBW?oc=5,,0,E,BRUIT,False,Faible priorité,,porte régionale: aucun ancrage régional,0,0,0,0,0,0,,absent,aucun,aucun,False,navigation,1,False,True,pertinent
2026-09-11T17:41:00+00:00,Regnum,Médias officiels (contrepoint),Под Архангельском 12 человек погибли при столкновении автобуса и грузовика,https://news.google.com/rss/articles/CBMiREFVX3lxTE8ydHV5R2hRX1RHWEI4aHFwVE5lSnhRa1g0Uy1oczBfOGRjZDRic0lDODJmaDgwMWpaaFBuVk5kSUtoUTcw?oc=5,,0,E,BRUIT,False,Faible priorité,,porte régionale: aucun ancrage régional,0,0,0,0,0,0,,absent,aucun,aucun,False,navigation,2,False,True,pertinent
2026-09-11T17:32:00+00:00,Regnum,Médias officiels (contrepoint),"Набор контрактников в ВС РФ идет быстрее, чем запланировано — Медведев",https://news.google.com/rss/articles/CBMiREFVX3lxTE9DWWJlY2U4RmRZWUtPMk53QlBTc1NfMDExZW94b2R2azhhUVlRRGpQVWcwVk40YTBVZ0RsbTRZVDJIRFUx?oc=5,,0,E,BRUIT,False,Faible priorité,,porte régionale: aucun ancrage régional,0,0,0,0,0,0,,absent,aucun,aucun,False,navigation,2,False,True,pertinent
2026-09-11T16:18:00+00:00,Regnum,Médias officiels (contrepoint),В Крыму брат и сестра предстанут перед судом по обвинению в госизмене,https://news.google.com/rss/articles/CBMiREFVX3lxTFBjNk1BOU8xTjBZeThYNllqcTF6RkVOX2duWTgxc2V5S0pHN3NjcmJaN3p2d3piR2pTdXZtSnVET1VmWTJO?oc=5,,0,E,BRUIT,False,Faible priorité,,porte régionale: aucun ancrage régional,0,0,0,0,0,0,,absent,aucun,aucun,False,navigation,2,False,True,pertinent
2026-09-11T16:01:00+00:00,Regnum,Médias officiels (contrepoint),В Москве запретили работу «таксистов-зазывал» на вокзалах и в аэропортах,https://news.google.com/rss/articles/CBMiREFVX3lxTE94MFc5QlNoUzIyX0xaOXRpUk5MbXZCS0JqVUN4NWxHSmxWdmRoLTVrdzI0d3N5QUwyMERTc0ZKQzJsajZW?oc=5,,0,E,BRUIT,False,Faible priorité,,porte régionale: aucun ancrage régional,0,0,0,0,0,0,,absent,aucun,aucun,False,navigation,2,False,True,pertinent
2026-09-11T15:14:00+00:00,Regnum,Médias officiels (contrepoint),Россия восстановила гражданское авиастроение — глава ОАК,https://news.google.com/rss/articles/CBMiREFVX3lxTE43ODFqUGRsRVhXZ0RYSTRnZXJod2NCNm9iYVAyRXY4SWZwdXBoSUlKZnlSMFpVc1Y1dkliUHV3OGQ1UFhh?oc=5,,12,E,BRUIT,False,Géopolitique majeure,россия,porte régionale: aucun ancrage régional,0,0,0,0,5,7,russie,sujet_principal,aucun,aucun,False,navigation,2,False,True,pertinent
2026-09-11T15:13:00+00:00,Regnum,Médias officiels (contrepoint),Путин заявил об особом внимании России к отношениям с Африкой,https://news.google.com/rss/articles/CBMiREFVX3lxTFBtMFFHRnlQSVpVZTVEbkpyRjJzQXpDbU5aWDhnTUFDNEo1WTRaaFJmNklHWHdjRjNzelpqVEdySUhrNC10?oc=5,,0,E,BRUIT,False,Faible priorité,,porte régionale: aucun ancrage régional,0,0,0,0,0,0,,absent,aucun,aucun,False,navigation,2,False,True,pertinent
2026-09-11T14:53:00+00:00,Regnum,Médias officiels (contrepoint),"Песков заявил, что возможную встречу Путина и Трампа не получится сорвать",https://news.google.com/rss/articles/CBMiREFVX3lxTFBvNHBidzQtUlFlb0FYUjRSZHVjTk9odVk0Rzg0UHJOMjVQWktvZmpzWFFoVmo2SXluXzlOdWMzcUo5UmlD?oc=5,,0,E,BRUIT,False,Faible priorité,,porte régionale: aucun ancrage régional,0,0,0,0,0,0,,absent,aucun,aucun,False,navigation,2,False,True,pertinent
2026-09-11T14:37:00+00:00,Regnum,Médias officiels (contrepoint),В Волгоградской области стартовал второй заезд финала «Зарницы 2.0»,https://news.google.com/rss/articles/CBMiREFVX3lxTFByeXRuSVJpWkVDbEVhamphblJwUDVzTnc4Y3NIQmxkMnhQZTJSTFMzdEdUeS16WVV3M1c2VGZXbUw4ZVdq?oc=5,,0,E,BRUIT,False,Faible priorité,,porte régionale: aucun ancrage régional,0,0,0,0,0,0,,absent,aucun,aucun,False,navigation,2,False,True,pertinent
2026-09-11T14:36:00+00:00,Regnum,Médias officiels (contrepoint),Как экономика впечатлений влияет на развитие Москвы,https://news.google.com/rss/articles/CBMiREFVX3lxTE0wMnBfaHhPVDRnTGY5UjBqOGU1ZWYwczRQUDRNNEhtREJONHNFY3Nmb0tnTlBkRXV4Z29vTUgtMEhPLTZ2?oc=5,,0,E,BRUIT,False,Faible priorité,,porte régionale: aucun ancrage régional,0,0,0,0,0,0,,absent,aucun,aucun,False,navigation,2,False,True,pertinent
2026-09-11T14:32:00+00:00,Regnum,Médias officiels (contrepoint),Суд приостановил работу ресторана «Frank by Баста» в Москве из-за нарушений,https://news.google.com/rss/articles/CBMiREFVX3lxTE40MWZaUXJmNmxnNGlhUjhlb0NhanFjTFo1OWduOXFDUTJsclJTcV9JY3Rpc2lMX0hFaWdVTWMtZ25IVFVr?oc=5,,0,E,BRUIT,False,Faible priorité,суд,porte régionale: aucun ancrage régional,0,0,0,0,0,0,,absent,aucun,aucun,False,navigation,2,False,True,pertinent
2026-09-11T13:32:00+00:00,Regnum,Médias officiels (contrepoint),Рост кредитования поддерживают льготные ставки — Набиуллина,https://news.google.com/rss/articles/CBMiREFVX3lxTFB6Z0Vwem9nZGdHWFVMNm1rTWZpRzJ3cUdpTHptQ1B3QTdqR2xNUGRQQ016bmZYOEZCbTRHUWV1dVFPZndq?oc=5,,0,E,BRUIT,False,Faible priorité,,porte régionale: aucun ancrage régional,0,0,0,0,0,0,,absent,aucun,aucun,False,navigation,2,False,True,pertinent
2026-09-11T13:32:00+00:00,Regnum,Médias officiels (contrepoint),"Путин заявил, что Запад пытается любыми путями вернуть былое лидерство",https://news.google.com/rss/articles/CBMiREFVX3lxTE5YQUpDWHdoUjlOX2dneGRLdmE5eXZBVFI4Y1Q0NHZZNDEtVVo5bTVtRFNaLVl2VDRMR3ZBSXR0TlZrNndo?oc=5,,0,E,BRUIT,False,Faible priorité,,porte régionale: aucun ancrage régional,0,0,0,0,0,0,,absent,aucun,aucun,False,navigation,2,False,True,pertinent
2026-09-11T13:27:00+00:00,Regnum,Médias officiels (contrepoint),Герман Греф возглавил Российско-индийский деловой совет,https://news.google.com/rss/articles/CBMiREFVX3lxTE85dUxSQ1BXbXNIYzZHSzFCT25QWE5VSW14bFN5cE5rUmlvSUF6Unp6ZXdhczN5OVNPU2lzM1IwTW1QLUc0?oc=5,,0,E,BRUIT,False,Faible priorité,,porte régionale: aucun ancrage régional,0,0,0,0,0,0,,absent,aucun,aucun,False,navigation,2,False,True,pertinent
2026-09-11T12:50:05+00:00,Radio Azattyq,Médias indépendants,Украина Саратов облысындағы Ozon қоймасына шабуыл жасады,https://www.azattyq.org/a/33852443.html,,12,E,BRUIT,False,Géopolitique majeure,украина,porte régionale: aucun ancrage régional,0,0,0,0,5,7,,absent,aucun,aucun,False,evenement_date,2,True,True,pertinent
2026-09-11T12:49:00+00:00,Regnum,Médias officiels (contrepoint),"Путин отметил, что против России ввели 30 тыс. санкций",https://news.google.com/rss/articles/CBMiREFVX3lxTE1XcmpVbHZQLWhXMEw4Ul9jUXBVQ2FaSlVFUzQ0VEw5eXp0c2pSaTFZNmJrWDhGbFlvSFNTVWFjU2Fwa0NZ?oc=5,,0,E,BRUIT,False,Faible priorité,,porte régionale: aucun ancrage régional,0,0,0,0,0,0,,absent,aucun,aucun,False,navigation,2,False,True,pertinent
2026-09-11T12:48:00+00:00,Regnum,Médias officiels (contrepoint),Экс-участнице «Дом-2» Брагиной дали условный срок за распространение порно,https://news.google.com/rss/articles/CBMiREFVX3lxTFB2SWdCZ2FxMTNZd1F6VUJHLWhLMmMteWVlS1RtUWdpMTZGUHpJVzNYUjR4ZzZPcjV4ampadWdfSTBXSjYz?oc=5,,0,E,BRUIT,False,Faible priorité,,porte régionale: aucun ancrage régional,0,0,0,0,0,0,,absent,aucun,aucun,False,navigation,2,False,True,pertinent
2026-09-11T12:46:00+00:00,Regnum,Médias officiels (contrepoint),Россия рассчитывает на поддержку идеи об инвестплатформе БРИКС — Путин,https://news.google.com/rss/articles/CBMiREFVX3lxTE1COEZ6NU5wYWJsdFFnaGEzZUU4bm1BTGFFNDFoRG1CaEZ3cWpLSXgwQy1Wcm1KdlI1UkM3UVl0M0xFazJv?oc=5,,12,E,BRUIT,False,Géopolitique majeure,россия,porte régionale: aucun ancrage régional,0,0,0,0,5,7,russie,sujet_principal,aucun,aucun,False,navigation,2,False,True,pertinent
2026-09-11T12:43:00+00:00,Regnum,Médias officiels (contrepoint),Путин заявил о формировании БРИКС новой платформы глобального роста,https://news.google.com/rss/articles/CBMiREFVX3lxTE9lSXRqOFgxekpLa3dkVExwYmRNblg1c3FJS2NRRVJxU1hTdW94bXlacW15S2xJdmZkdDNhRW12bTlLR2ow?oc=5,,0,E,BRUIT,False,Faible priorité,,porte régionale: aucun ancrage régional,0,0,0,0,0,0,,absent,aucun,aucun,False,navigation,2,False,True,pertinent
2026-09-11T12:42:00+00:00,Regnum,Médias officiels (contrepoint),Россия готова вносить вклад в обеспечение энергобезопасности в мире — Путин,https://news.google.com/rss/articles/CBMiREFVX3lxTE9COHR1dnhjaTBOSEtaS21GUnVWUWx1YmJLTmwzZjMxZHE5cEZtNXgza2x4VmRKN0pkZWhicWdaMGJMN0Vn?oc=5,,12,E,BRUIT,False,Géopolitique majeure,россия,porte régionale: aucun ancrage régional,0,0,0,0,5,7,russie,sujet_principal,aucun,aucun,False,navigation,2,False,True,pertinent
2026-09-11T12:36:00+00:00,Regnum,Médias officiels (contrepoint),Высокие инфляционные ожидания ограничивают снижение ставки — Набиуллина,https://news.google.com/rss/articles/CBMiREFVX3lxTFBYU2JtMm1XMEI3Z2FveHc3S0RIVHZoMHdsX0FtRW14bEtGYjdyOTRKVnFqOVo2U0xiRjJvQ1VRZ2JvUmhu?oc=5,,0,E,BRUIT,False,Faible priorité,,porte régionale: aucun ancrage régional,0,0,0,0,0,0,,absent,aucun,aucun,False,navigation,2,False,True,pertinent
2026-09-11T12:27:47+00:00,OHCHR,Droits humains & presse,"Policing built on human rights, accountability and trust, beyond enforcement",https://news.google.com/rss/articles/CBMisgFBVV95cUxOcWdLTDlka3dBSC1wNWN5RmNxeGZaMzhyVU14OVF6eFl1ekdUN21XdE1YR3lfbEdmVmpIOGhsSVRKT2ktS3Nna0FtTVNwQ3NRc0twREFxTWhrOWIwR3RFVlNlR1RRUHltdEJBRE50R3Zrd253SzBFOUJvS0g3NWpXdldHWmlZeEhYeWQ1dUxOU20xZEVIRUd1eGZNWk5YQzRyQnV0WWRyMWliZi1OSS1qbURn?oc=5,,7,E,BRUIT,False,Faible priorité,human rights,porte régionale: aucun ancrage régional,0,0,0,4,3,0,,absent,aucun,aucun,False,navigation,2,False,True,pertinent
2026-09-11T12:19:00+00:00,Regnum,Médias officiels (contrepoint),Неизвестный изрезал 13-летнюю девочку канцелярским ножом в Екатеринбурге,https://news.google.com/rss/articles/CBMiREFVX3lxTE9XWVlaTFh6QTkxYnJTQ25taVV5UkM2Vmh2QkkxakkyVUs3NlZWcVlzN0dPUC0zX1MtT2RtM0g4a04xdi1t?oc=5,,0,E,BRUIT,False,Faible priorité,,porte régionale: aucun ancrage régional,0,0,0,0,0,0,,absent,aucun,aucun,False,navigation,2,False,True,pertinent
2026-09-11T12:17:00+00:00,Regnum,Médias officiels (contrepoint),«Кросс нации» пройдет 12 сентября в парке «Крылатские холмы»,https://news.google.com/rss/articles/CBMiREFVX3lxTE9GZFc0T3h2a1FheHVFUjROMy1RcGxnSEZhU2VPd0g0cjJreTZYcFBhUVBiR3N3a2E3Tl9WcmZJVTIwRndk?oc=5,,0,E,BRUIT,False,Faible priorité,,porte régionale: aucun ancrage régional,0,0,0,0,0,0,,absent,aucun,aucun,False,navigation,2,False,True,pertinent
2026-09-11T12:14:37+00:00,Regnum,Médias officiels (contrepoint),"Лукашенко рассказал о подразделении, в котором служит его сын Николай",https://news.google.com/rss/articles/CBMiSkFVX3lxTE9QU0NWaGhtYVdublNWMDJ0SEs5N0wwY1prNUtMY0twRkFLTEJGMGg3RXg0VC15ckg0TmIzTDRmUlNXODljYUd1YWN3?oc=5,,0,E,BRUIT,False,Faible priorité,,porte régionale: aucun ancrage régional,0,0,0,0,0,0,,absent,aucun,aucun,False,navigation,2,False,True,pertinent
2026-09-11T12:11:00+00:00,Azernews,Médias régionaux,Azerbaijan envoy warns of negative media narrative in Russia,https://www.azernews.az/nation/263745.html,,34,E,FAIBLE,False,Géopolitique majeure,azerbaijan; baku; journalists; russia,Caucase: azerbaijan; géographie confirmée dans le corps; plafond V9: aucun ancrage HR principal,15,7,0,0,5,7,"azerbaidjan, russie",sujet_principal,journaliste,aucun,False,evenement_date,2,True,True,pertinent
2026-09-11T12:11:00+00:00,Regnum,Médias officiels (contrepoint),Мужчина погиб при ударе украинского дрона по Курской области,https://news.google.com/rss/articles/CBMiREFVX3lxTE1HaXB2NmtuMTNONE56WXJ6QlRVSmdUc3QzcGJZcnJNNFJQcVpXV0JlcndyZnl5TzNkWFV6RHRGcTRRQjFf?oc=5,,0,E,BRUIT,False,Faible priorité,,porte régionale: aucun ancrage régional,0,0,0,0,0,0,,absent,aucun,aucun,False,navigation,2,False,True,pertinent
2026-09-11T11:48:00+00:00,Regnum,Médias officiels (contrepoint),Путин прибыл на Деловой форум БРИКС в Нью-Дели,https://news.google.com/rss/articles/CBMiREFVX3lxTE5QSnR3cUZyUU5yd2YzcS1CcVdtcG50bFo3MzRmdWpCNGFOQWpkYnRQcG1HM3EwRW9XT1VrNHNNNl9vUldP?oc=5,,0,E,BRUIT,False,Faible priorité,,porte régionale: aucun ancrage régional,0,0,0,0,0,0,,absent,aucun,aucun,False,navigation,2,False,True,pertinent
2026-09-11T11:46:00+00:00,Regnum,Médias officiels (contrepoint),"Лукашенко рассказал о подразделении, в котором служит его сын Николай",https://news.google.com/rss/articles/CBMiREFVX3lxTFBaUHBWeExSRnJVSkFOWTZvR0djeWYtbFNqT2dQNUVDbGNEeDRjWmtZQkdtQ3JjeTQzREFsNGx3S2lLVEkw?oc=5,,0,E,BRUIT,False,Faible priorité,,porte régionale: aucun ancrage régional,0,0,0,0,0,0,,absent,aucun,aucun,False,navigation,2,False,True,pertinent
2026-09-11T11:39:00+00:00,Regnum,Médias officiels (contrepoint),Лукашенко рассказал о продаже белорусского калия в США,https://news.google.com/rss/articles/CBMiREFVX3lxTE9tM3FDajdfS1VtQ00wcGQyM0V6NmQ4WEZsVWVLM0NNTTU0NFUxbUhzM1E0VmZGNmh1SjB3SDNDY2VJWVMy?oc=5,,12,E,BRUIT,False,Géopolitique majeure,сша,porte régionale: aucun ancrage régional,0,0,0,0,5,7,,absent,aucun,aucun,False,navigation,2,False,True,pertinent
2026-09-11T11:38:00+00:00,Regnum,Médias officiels (contrepoint),Россияне смогут посетить музыкальный фестиваль Zion в Тбилиси,https://news.google.com/rss/articles/CBMiREFVX3lxTFAyMEJmRF9KMzJBQTY1d2pRdmJXWV9kR0Y4RVE0SHZtV29QaFByUUdhZ2ZlSFhNUlBjQmtmVmpiSGtxeXFL?oc=5,,12,E,BRUIT,False,Faible priorité,тбилиси,Caucase: тбилиси; plafond V9: aucun ancrage HR principal,12,0,0,0,0,0,georgie,sujet_principal,aucun,aucun,False,navigation,2,False,True,pertinent
2026-09-11T11:30:00+00:00,Regnum,Médias officiels (contrepoint),На фудхолле «Центральный рынок» пройдет концерт от «Сбера»,https://news.google.com/rss/articles/CBMiREFVX3lxTE5aWFVfVXNqUG1yZ0lFNUhFUk1ld1NTdFNYdVVVdzhyaWplREtiZ01YX21tSDExZllkSFg1cEZqZGFIWVJ6?oc=5,,0,E,BRUIT,False,Faible priorité,,porte régionale: aucun ancrage régional,0,0,0,0,0,0,,absent,aucun,aucun,False,navigation,2,False,True,pertinent
2026-09-11T11:29:00+00:00,Regnum,Médias officiels (contrepoint),МУС начал готовиться к выборам нового прокурора после отстранения Хана,https://news.google.com/rss/articles/CBMiREFVX3lxTFBmTXVIOS1vSndnWmhRSno3Mi15V3lQZ2g3TE5TeU15MHY4eHpWeUVROENOWjFHR1Vpa3pacU0xcG1yd3kt?oc=5,,0,E,BRUIT,False,Faible priorité,,porte régionale: aucun ancrage régional,0,0,0,0,0,0,,absent,aucun,aucun,False,navigation,2,False,True,pertinent
2026-09-11T11:08:00+00:00,Regnum,Médias officiels (contrepoint),Эль-Ниньо в 2026 году станет одним из самых сильных за 200 лет — климатолог,https://news.google.com/rss/articles/CBMiREFVX3lxTFAyVEtFQ0hsUDJ2VGQtZEljVG81eEE4dEZGbk1JUXoxWkVqSkNhQ1JlWEhVLXo2UDNhMDJQRzZyc1pQRG1l?oc=5,,0,E,BRUIT,False,Faible priorité,,porte régionale: aucun ancrage régional,0,0,0,0,0,0,,absent,aucun,aucun,False,navigation,2,False,True,pertinent
2026-09-11T10:38:00+00:00,Regnum,Médias officiels (contrepoint),В Сети завирусились кадры с играющим в баскетбол 72-летним Эрдоганом,https://news.google.com/rss/articles/CBMiREFVX3lxTFBaV193LUo3bGg3bEhNNmU0LWdHbzVSVmUwVnZjUHJDZnp1UEtpUUoxM0NLOWt4bEtZTW5mYXRPdTVsUVZI?oc=5,,0,E,BRUIT,False,Faible priorité,,porte régionale: aucun ancrage régional,0,0,0,0,0,0,,absent,aucun,aucun,False,navigation,2,False,True,pertinent
2026-09-11T10:32:00+00:00,Regnum,Médias officiels (contrepoint),Банк России сохранил ключевую ставку на уровне 14%,https://news.google.com/rss/articles/CBMiREFVX3lxTE5YZjZ6clRxd1AwOHZNY0dmdGx6MHBIcklhdk1PZzhFVTRrSzJlQUVaUXdZNzc3Q0dfYlZOMFQzOWZlWXFh?oc=5,,0,E,BRUIT,False,Faible priorité,,porte régionale: aucun ancrage régional,0,0,0,0,0,0,,absent,aucun,aucun,False,navigation,2,False,True,pertinent
2026-09-11T10:32:00+00:00,Regnum,Médias officiels (contrepoint),Буданов* заявил о готовности Украины прекратить огонь,https://news.google.com/rss/articles/CBMiREFVX3lxTE1FRGZkdUlhb3dxVE5zLTRPbnhVODlDZTNfci1lZXd3ZHJmcDdIZzFRZFdsaDBRdkdhQkdXU2FUblpQdjR3?oc=5,,0,E,BRUIT,False,Faible priorité,,porte régionale: aucun ancrage régional,0,0,0,0,0,0,,absent,aucun,aucun,False,navigation,2,False,True,pertinent
2026-09-11T10:27:00+00:00,Regnum,Médias officiels (contrepoint),В Польше евродепутат своими руками уничтожил памятник пособникам УПА,https://news.google.com/rss/articles/CBMiREFVX3lxTE5NYVhzVmdFWDI2RUVqV1pYd2pfSF9pN0dFSjFKQ2RWZWYzdW1MSDhYcUtZcVpNdmZ1ZDRmYllSNFAtWXVR?oc=5,,0,E,BRUIT,False,Faible priorité,,porte régionale: aucun ancrage régional,0,0,0,0,0,0,,absent,aucun,aucun,False,navigation,2,False,True,pertinent
2026-09-11T10:24:00+00:00,Regnum,Médias officiels (contrepoint),Вражеские дроны атаковали Новокуйбышевск Самарской области,https://news.google.com/rss/articles/CBMiREFVX3lxTE9IeHRSSmEwOXZRbVpWajRoSmsxaE10djBVVVRMbEh1dHhGdnBGWXZpdWI3RGktQ21saEpqaXlNc0ppOWct?oc=5,,0,E,BRUIT,False,Faible priorité,,porte régionale: aucun ancrage régional,0,0,0,0,0,0,,absent,aucun,aucun,False,navigation,2,False,True,pertinent
2026-09-11T10:23:00+00:00,Regnum,Médias officiels (contrepoint),В Дубне мужчина пытался затащить ребенка в автомобиль такси,https://news.google.com/rss/articles/CBMiREFVX3lxTE80NXptRWxTS2hTWlhzc09aRElvUV9GS1U0NzgyclAxYnBHbkRFSFZ4eUJtSFYxa2FrMS0xc0xKVFRLYk14?oc=5,,0,E,BRUIT,False,Faible priorité,,porte régionale: aucun ancrage régional,0,0,0,0,0,0,,absent,aucun,aucun,False,navigation,2,False,True,pertinent
2026-09-11T10:10:00+00:00,Regnum,Médias officiels (contrepoint),Убийство беременной женщины под Калининградом раскрыли через 17 лет,https://news.google.com/rss/articles/CBMiREFVX3lxTE00MjdrU25pdC1lNWRUR0hRdWhQOTRIYTduZDZqYzFxNVN4REJNenpIczRwRy1lMjF0V2QtTGtfZkt0UDZq?oc=5,,0,E,BRUIT,False,Faible priorité,,porte régionale: aucun ancrage régional,0,0,0,0,0,0,,absent,femme,aucun,False,navigation,2,False,True,pertinent
2026-09-11T09:55:57+00:00,Regnum,Médias officiels (contrepoint),«Пастуший натиск»: израильская бесцеремонность в Палестине взбесила Запад,https://news.google.com/rss/articles/CBMiSEFVX3lxTE9RZ2xEaG1yc0tlVnNtMnNEOGZ0VGFyOEoxdnpnUTB2WkJEV1ZKYXVlYUZYaGY4RzNPbGgxdnJ5TzI4MkFyWWtuXw?oc=5,,0,E,BRUIT,False,Faible priorité,,porte régionale: aucun ancrage régional,0,0,0,0,0,0,,absent,aucun,aucun,False,navigation,2,False,True,pertinent
2026-09-11T09:40:12+00:00,Radio Azattyq,Médias indépendants,11 қыркүйек оқиғасына 25 жыл. Ауғанстан жаһандық терроризм ошағына қайта айналуы мүмкін бе?,https://www.azattyq.org/a/33852319.html,,12,E,BRUIT,False,Géopolitique majeure,терроризм,porte régionale: aucun ancrage régional,0,0,0,0,5,7,,absent,aucun,aucun,False,evenement_date,2,True,True,pertinent
2026-09-11T09:18:00+00:00,Regnum,Médias officiels (contrepoint),Кадры рукопожатия Путина и бортпроводницы стали вирусными в Индии,https://news.google.com/rss/articles/CBMiREFVX3lxTFBpaVVseVhldG5kZWJqVjdkUXFTVUpPbVZmRndyRW5Xd3BXRjJZbjRYZ2RoOU5MV28wcEhTLXduVTZXQTAz?oc=5,,0,E,BRUIT,False,Faible priorité,,porte régionale: aucun ancrage régional,0,0,0,0,0,0,,absent,aucun,aucun,False,navigation,2,False,True,pertinent
2026-09-11T06:42:43+00:00,TASS — russe,Médias officiels (contrepoint),"""Под прицелом РВСН"". Кремль прокомментировал планы Литвы снять запрет на ЯО",https://news.google.com/rss/articles/CBMiSEFVX3lxTE5IemJPeGFDaFNvUmtQdHVYRmZpNHFHRU8xVC1TRVE2eDhNa2NUQjFOb202YWhXdDdFcnE4eTA1eE5PMVI5Q1pvUQ?oc=5,,0,E,BRUIT,False,Faible priorité,,porte régionale: aucun ancrage régional,0,0,0,0,0,0,,absent,aucun,aucun,False,navigation,2,False,True,pertinent
2026-09-11T06:38:06+00:00,TASS — russe,Médias officiels (contrepoint),Шадаев и Григоренко оценили запуск 5G в России,https://news.google.com/rss/articles/CBMiS0FVX3lxTFBqUFlORE5kNjl3Tlc3SVVYcUNOQ1lzZjhVVzFIcnpicnZfdVpHSDk4S214V2stRHdRSnlvYUtWTzNnejJfWFphdldxWQ?oc=5,,0,E,BRUIT,False,Faible priorité,,porte régionale: aucun ancrage régional,0,0,0,0,0,0,,absent,aucun,aucun,False,navigation,2,False,True,pertinent
2026-09-11T06:28:30+00:00,Regnum,Médias officiels (contrepoint),Теракты 11 сентября: как саудовский миллиардер стал террористом номер один,https://news.google.com/rss/articles/CBMiTkFVX3lxTE5SakNxVkhOVkFkTHVYODRZaUh0cGk1dWxLaU55dmdNZnRSRDBvSVJHQ0JrWk5fcXR2LUt2bGQyNXpWS3ZFLTdkSXg2R0hSQQ?oc=5,,0,E,BRUIT,False,Faible priorité,,porte régionale: aucun ancrage régional,0,0,0,0,0,0,,absent,aucun,aucun,False,navigation,2,False,True,pertinent
2026-09-11T04:07:00+00:00,TASS — russe,Médias officiels (contrepoint),"Влияние атак БПЛА, инфляция и ключевая ставка. Заявления Набиуллиной",https://news.google.com/rss/articles/CBMiSkFVX3lxTE5UbVk5R2tPQTU4UFBiNl85Wlh0NldxZjFGWVktQk44UUwwZmlldmhRV3R5QWVfS0lSSndjb0lnNXlOdzd2emxmLTRn?oc=5,,0,E,BRUIT,False,Faible priorité,,porte régionale: aucun ancrage régional,0,0,0,0,0,0,,absent,aucun,aucun,False,navigation,2,False,True,pertinent
2026-09-11T03:03:49+00:00,Regnum,Médias officiels (contrepoint),В Роспотребнадзоре допустили возникновение новой пандемии коронавируса,https://news.google.com/rss/articles/CBMiSkFVX3lxTFBCUHY1SVduaE9qZ1JBUGpQWmRTb0RxYlM3UHU0ZXZLMVE2VFV3X3UtY3lVTFJUOHZYbEg5VmV4dUljRDFTQjBfbTZ3?oc=5,,0,E,BRUIT,False,Faible priorité,,porte régionale: aucun ancrage régional,0,0,0,0,0,0,,absent,aucun,aucun,False,navigation,2,False,True,pertinent
2026-09-11T00:56:15+00:00,Regnum,Médias officiels (contrepoint),Путин чрезвычайно популярен в Пакистане — посол Тирмизи,https://news.google.com/rss/articles/CBMiSkFVX3lxTE5WaGNzaURDcXV0UF84cG9mVzVRTXBQR21ZNlNobXM4Ymw0R0N3cXd2NjI2WFpsaEpaSXpTc21DdFNhb1RZOXpCRXl3?oc=5,,0,E,BRUIT,False,Faible priorité,,porte régionale: aucun ancrage régional,0,0,0,0,0,0,,absent,aucun,aucun,False,navigation,2,False,True,pertinent
2026-09-11T00:06:00+00:00,TASS — russe,Médias officiels (contrepoint),"Еврокомиссия одобрила €6,1 млрд для Киева на ракеты к Patriot и дроны",https://news.google.com/rss/articles/CBMiXkFVX3lxTE1iRHdBSnlqQmRzMVVSdXFnU3Z3aEFUdmNicThhX3JzTklmREt5U0ZCWVhOOU9xQjNWS1hSQ2NNNjhJSzg5azJlRXRqT3Jibjktc0xwb3dOZ0o2VDM3VWc?oc=5,,0,E,BRUIT,False,Faible priorité,,porte régionale: aucun ancrage régional,0,0,0,0,0,0,,absent,aucun,aucun,False,navigation,2,False,True,pertinent
2026-09-10T22:08:00+00:00,TASS — russe,Médias officiels (contrepoint),В Самарской области БПЛА попал в здание территориального избиркома,https://news.google.com/rss/articles/CBMiUEFVX3lxTFBVWDJnYm5LblpKeVlwUWw3aF9kTjgyLTJYVEdEU3BtQ19Zb0x6VjJwdnZDWlNvLXRpLU9ickc5ZnM2Z3pnVWRlUE50LXRaODJ2?oc=5,,0,E,BRUIT,False,Faible priorité,,porte régionale: aucun ancrage régional,0,0,0,0,0,0,,absent,aucun,aucun,False,navigation,2,False,True,pertinent
2026-09-10T21:55:20+00:00,TASS — russe,Médias officiels (contrepoint),Путин прибыл в Нью-Дели,https://news.google.com/rss/articles/CBMiSEFVX3lxTE4wTUNpckpSXzVmRzUtdW12WVZWaXFaLXVpYmk2MmJiNjdxcHhiRWJBTFN4NWpuU0RQQnpTeWlieEVCRjg1aFhqQg?oc=5,,0,E,BRUIT,False,Faible priorité,,porte régionale: aucun ancrage régional,0,0,0,0,0,0,,absent,aucun,aucun,False,navigation,2,False,True,pertinent
2026-09-10T17:42:36+00:00,Human Rights Watch,Droits humains & presse,HRW Text,https://news.google.com/rss/articles/CBMiOEFVX3lxTE5zZ2kzbC0tSjVRMW5KLVVmcWJmM2hyVXV4RXY4bndWTzdvZ3dWT1JqSER0Q1hJRjVi?oc=5,,0,E,BRUIT,False,Faible priorité,,porte régionale: aucun ancrage régional,0,0,0,0,0,0,,absent,aucun,aucun,False,navigation,3,True,True,pertinent
2026-09-10T17:26:57+00:00,Regnum,Médias officiels (contrepoint),"Спасатели обнаружили тело 15-го альпиниста, погибшего в горах КБР",https://news.google.com/rss/articles/CBMiSkFVX3lxTE0zR0J3eGdmLU50U1ZseVR6Wjk1WHhnc0k4WUR4Zi1sOU1qZ2NidlFxbm5OX0d6RmtvcWd1WFV6YWpXa0xDQVVva3lR?oc=5,,0,E,BRUIT,False,Faible priorité,,porte régionale: aucun ancrage régional,0,0,0,0,0,0,,absent,aucun,aucun,False,navigation,3,False,True,pertinent
2026-09-10T12:40:40+00:00,TASS — russe,Médias officiels (contrepoint),"Противоядия нет: рекорды дрона ""Князь Вандал"" в спецоперации",https://news.google.com/rss/articles/CBMiTkFVX3lxTE9ua3RJeVlYNWp3ZmstNGFibUdCNVR5YkdRZnF3ZEQwX3ZVaVg4Q1JkRU1FQlJHV0tPaDU1ek1mcjB3em1weUtGVm90bE5YZw?oc=5,,0,E,BRUIT,False,Faible priorité,,porte régionale: aucun ancrage régional,0,0,0,0,0,0,,absent,aucun,aucun,False,navigation,3,False,True,pertinent
2026-09-10T12:31:00+00:00,TASS — russe,Médias officiels (contrepoint),Старшеклассники смогут отказаться от углубленного изучения предметов,https://news.google.com/rss/articles/CBMiS0FVX3lxTE9MYmpPUUNkMjI1Sl9uMTliMF8zQnRLMDhLenZ3V21FU1BWWEowODI1N2d6UWlHYWs1VE0taG9zbmZOR2NyalNkS2Ztaw?oc=5,,0,E,BRUIT,False,Faible priorité,,porte régionale: aucun ancrage régional,0,0,0,0,0,0,,absent,aucun,aucun,False,navigation,3,False,True,pertinent
2026-09-10T11:36:50+00:00,Regnum,Médias officiels (contrepoint),Суд отправил в СИЗО обвиняемую в финансировании «Артподготовки»,https://news.google.com/rss/articles/CBMiSkFVX3lxTE1Sa1publFMZG93dmduc3ZrRy1WRHFVWnlnckNOTm50RWhMN3ByZy03ZlVfenBSUDJNcnhwSlpnbVZaY040bFZUdHJ3?oc=5,,0,E,BRUIT,False,Faible priorité,суд,porte régionale: aucun ancrage régional,0,0,0,0,0,0,,absent,aucun,aucun,False,navigation,3,False,True,pertinent
2026-09-10T10:59:21+00:00,Regnum,Médias officiels (contrepoint),Собянин: в Коммунарке появится мультиспортивный центр и футбольный манеж,https://news.google.com/rss/articles/CBMiSkFVX3lxTE9TS0dGMDR0TW1kNVpZRVIxUXFKdnJmOFBnazMxTHdaOXBvSDRNOE40SDVObWlXcFpPT3RqTWVtWUgtMG4ybEs1bEJB?oc=5,,0,E,BRUIT,False,Faible priorité,,porte régionale: aucun ancrage régional,0,0,0,0,0,0,,absent,aucun,aucun,False,navigation,3,False,True,pertinent
2026-09-10T09:56:03+00:00,Regnum,Médias officiels (contrepoint),На Ямале прошел фестиваль национальных видов спорта,https://news.google.com/rss/articles/CBMiSkFVX3lxTE5HMzV3Y1dmcVQwVTRaaV9fWURNeUN1TldXVHR5M190S3ZDenM2c2stbTJ5c1Nhcy1WV3RKaUFsWS1SQVpwLVNyZjJB?oc=5,,0,E,BRUIT,False,Faible priorité,,porte régionale: aucun ancrage régional,0,0,0,0,0,0,,absent,aucun,aucun,False,navigation,3,False,True,pertinent
2026-09-10T09:13:09+00:00,OHCHR,Droits humains & presse,South Sudan: UN commission warns of growing risks to civilians and democratic transition as violence and impunity persist,https://news.google.com/rss/articles/CBMiugFBVV95cUxNWTFXT3N0SlE3aGo1cEJMem1Sa3VTVkZTaFFZVHVzUkVFcHRhVUZ2cnQzWm8teW9PcFVWNXJZUG5nQkRhX0owRDN4OGlkNU1zVFFjQnRDV3JzX1FBTTBEZWRfOFphZkxqNlVBbU1ncTVmLVJoMXRyVlhZS0dRNm1sM3JHcTVCaUt1cnFTQlp0bXBJZm9UdkFJZm40anJXcXdvTGN4VE95NmpoZ0ZkTVI5VVhfbHhYMU9vYXc?oc=5,,0,E,BRUIT,False,Faible priorité,,porte régionale: aucun ancrage régional,0,0,0,0,0,0,,absent,citoyen_ordinaire,aucun,False,navigation,3,False,True,pertinent
2026-09-10T06:19:47+00:00,TASS — russe,Médias officiels (contrepoint),Собирал информацию о британских дипломатах. Главное о задержании агента СБУ,https://news.google.com/rss/articles/CBMiUEFVX3lxTE9VY1c5cFBzUk1QQXJDSTNKSWM2amN6WHE3MGNxcHJqMWFWemFBendzQWVYc2M5aFR1NjRld0Q5NV9CTW5wTXJNZVJkRzBJc3lQ?oc=5,,0,E,BRUIT,False,Faible priorité,,porte régionale: aucun ancrage régional,0,0,0,0,0,0,,absent,aucun,detention,False,navigation,3,False,True,pertinent
2026-09-10T04:00:00+00:00,Human Rights Watch,Droits humains & presse,Iran: Ongoing Unlawful Execution Campaign Against Protesters,https://news.google.com/rss/articles/CBMimwFBVV95cUxOWGRDWlFoVnlZZFVoRFQyb1dBNE9tSXUwcVB1LXhKbFBFeHp1UGJhMHVXTEI4YzI5Q01OemlHel83WkNhaGV5a2R3WVBRSk9oTk9OSy04MFNQaFY4OXc1ZkJjVFAwbHRyNThWandFTjRkb1pJVU01S19oeU9zMXJGT2VfN3RrZUFIWUZzZkFadGluQ0JfTGZyVi1vMA?oc=5,,17,E,BRUIT,False,Géopolitique majeure,iran,porte régionale: aucun ancrage régional,0,5,0,0,5,7,iran,sujet_principal,aucun,aucun,False,navigation,3,True,True,pertinent
2026-09-10T04:00:00+00:00,Human Rights Watch — français,Droits humains & presse,Iran : Une campagne continue d’exécutions illégales cible des manifestants,https://news.google.com/rss/articles/CBMirwFBVV95cUxOWGF1Yld6b2U4NXhlY0J0NzV5UzBHdUhjMjY5RjkydUhJQ19USFRMNlNQR0s0eGZ1aEs0WUJLakExLVJMRHBzbnowdEZyZUFMeV9XcDc4TXQ5RzJTdEJjcVp3cEw2b0dtMkJVQkJ5TU1jV2xSVnFSMTY2Wk15bGZaejJUajVrc2lvRVZ3NVhrY2J0STUxdGNIUVpLUk5xNWE3OUlKc25CZGFUc3lkeWRF?oc=5,,12,E,BRUIT,False,Géopolitique majeure,iran,porte régionale: aucun ancrage régional,0,0,0,0,5,7,iran,sujet_principal,aucun,aucun,False,navigation,3,True,True,pertinent
2026-09-10T03:51:14+00:00,TASS — russe,Médias officiels (contrepoint),"Захарова заявила, что игнорирующим преступления Киева странам уже не отмыться",https://news.google.com/rss/articles/CBMiSEFVX3lxTE15U2tqdDNZQUlYcndXd0pFRUJ6YkQ0RGdDdlA2ZUZHQ2FXZlVjT2RwMm9fV3o5SkYzbUZqcUdNLWJUbXVNOEliWQ?oc=5,,0,E,BRUIT,False,Faible priorité,,porte régionale: aucun ancrage régional,0,0,0,0,0,0,,absent,aucun,aucun,False,navigation,3,False,True,pertinent
2026-09-10T03:09:11+00:00,TASS — russe,Médias officiels (contrepoint),Ушедший на СВО экс-генпрокурор Грузии предостерег воюющих за ВСУ наемников,https://news.google.com/rss/articles/CBMiXkFVX3lxTE5VWVdxcTRGRkFHYWIzclBLU1VDNno3SXZ2U2lyenNZZ3N0RGg0RFc3OWNFTDhid2JQSWx2M2tuWHJibkVwMVp2WFQzbUpDWEJmaDhoYlY4M005eVhpQVE?oc=5,,12,E,BRUIT,False,Faible priorité,грузия,Caucase: грузия; plafond V9: aucun ancrage HR principal,12,0,0,0,0,0,georgie,sujet_principal,aucun,aucun,False,navigation,3,False,True,pertinent
2026-09-10T02:57:09+00:00,International Crisis Group,Sécurité & géopolitique (think tanks),Rare Earths | Outsourcing the Green Transition and Rearmament Imperative | Crisis Group,https://news.google.com/rss/articles/CBMihwFBVV95cUxOa1V3bTMzSnRIVXA4Y2YxQ0c3eHlMUDB6M3B0dTVmWWdPT3J6Mkx0YWVjMGhJcXpZNUhTLWh4TG9NOWVGOXFSeGVmRVNvQ0NtYXlnQnIwTjBZck1IN0d1T0NHRXk4eHFCZGhFOXdhVFVnOFRENms5dkg2Uk9xVGd0TWdpakZ3elU?oc=5,,0,E,BRUIT,False,Faible priorité,,porte régionale: aucun ancrage régional,0,0,0,0,0,0,,absent,aucun,aucun,False,navigation,3,False,True,pertinent
2026-09-10T02:51:00+00:00,TASS — russe,Médias officiels (contrepoint),Саммит БРИКС и двусторонние переговоры. Ушаков о визите Путина в Индию,https://news.google.com/rss/articles/CBMiSEFVX3lxTE5ielNMSTh4eE0zRjVwVThPQU4yT2lnMFl3TmZJelVmWjQ2bzk0TjA4S3g1SjRrZ2Q4dVQ2OEt6N202UVZ0Q1ZvRw?oc=5,,0,E,BRUIT,False,Faible priorité,,porte régionale: aucun ancrage régional,0,0,0,0,0,0,,absent,aucun,aucun,False,navigation,3,False,True,pertinent
2026-09-10T02:17:23+00:00,Human Rights Watch,Droits humains & presse,Pakistan Moves to Expel Afghan Medical Students,https://news.google.com/rss/articles/CBMiiwFBVV95cUxNcG1zX25wY0dybWR3a3FnS2tDdWMtNjB0NlY5el80Tzh6dGdFdEFkd18td3l0S2tPVDFPbG9uRE1Sd2xESE9CeFRVWHlnLTZUT0h5UC1KSXBjS0NyTUNJOU42SHRVMGhJdGI0Q0t0ZjdGbDBCM25OVXRsTnJiR3FJMUVhcl9LdkhTeUFn?oc=5,,0,E,BRUIT,False,Faible priorité,,porte régionale: aucun ancrage régional,0,0,0,0,0,0,,absent,aucun,aucun,False,navigation,3,True,True,pertinent
2026-09-10T01:30:00+00:00,Human Rights Watch,Droits humains & presse,Australia: 25 Years of Abusive Offshore Detention,https://news.google.com/rss/articles/CBMijwFBVV95cUxNTFYzeHh2TF9HbFJtdjRGUkZieWlReHYwdHlYdHRqcEtWWkxsVHNTcGNuUTdERjhMamhSWmNiMmh6eXZ3Q1RYVWRWYzFFV3lEalRZdlA0elBpR2ZGQWhaQUJFdVdxRGxhN2hwbkFXczZ0TmJfVEE5OVBTY003NVpXV3Q4TUUxb1dyTGZlY3VvTQ?oc=5,,0,E,BRUIT,False,Faible priorité,detention,porte régionale: aucun ancrage régional,0,0,0,0,0,0,,absent,aucun,detention,False,navigation,3,True,True,pertinent
2026-09-09T22:39:00+00:00,The Diplomat,Analyse internationale,"Turkish, Kazakh, and Malaysian Companies Hit With New US Sanctions Over Iran By Catherine Putz In addition to sanctioning 27 Iranian airlines, the U.S. designated Turkish, Kazakh, and Malaysian companies for serving as general sales agents for long-sanctioned Iranian airline Mahan Air.",https://thediplomat.com/2026/09/turkish-kazakh-and-malaysian-companies-hit-with-new-us-sanctions-over-iran/,,27,E,FAIBLE,False,Géopolitique majeure,kazakh; kazakhstan; sanctions; iran,Asie centrale: kazakh; géographie confirmée dans le corps; plafond V9: aucun ancrage HR principal,15,0,0,0,5,7,"kazakhstan, iran",sujet_principal,aucun,aucun,False,evenement_date,3,True,True,pertinent
2026-09-09T21:24:00+00:00,The Diplomat,Analyse internationale,"Rethinking Russia, Re-evaluating Risk: The Changing Face of Kyrgyz Migration By Asel Murzakulova The war in Ukraine has produced a much longer-term transformation of the institutional and political environment in which migration takes place.",https://thediplomat.com/2026/09/rethinking-russia-re-evaluating-risk-the-changing-face-of-kyrgyz-migration/,,27,E,FAIBLE,False,Géopolitique majeure,kyrgyz; central asian; kyrgyzstan; detention; war; russia; ukraine; environment,Asie centrale: kyrgyz; géographie confirmée dans le corps; plafond V9: aucun ancrage HR principal,15,0,0,0,5,7,"kirghizistan, russie, autre",sujet_principal,"femme, migrant","detention, expulsion_extradition",True,evenement_date,3,True,True,pertinent
2026-09-09T21:04:14+00:00,Human Rights Watch,Droits humains & presse,China Wants Citizens to Report ‘Illegal’ Religious Practice,https://news.google.com/rss/articles/CBMimAFBVV95cUxQMlFtLWRjUWVlTGViNnFPRlZQTTQyQmJtYm5hNTBrbnp5YTBfcjY2UTNCU1BHM0JCMDNpTkhMR19pVXFlUnlyTzBILXN2R3NMSDI3Smowc1lKcXVmLURoOFdZdDMzWmZfbXlCQVJmSVlLdW9IZ1Z5OV9vYkNpYktkVjVqOUZLd2hOSXF3WW1aTTQ2YXlNWjJ3Vw?oc=5,,12,E,BRUIT,False,Géopolitique majeure,china,porte régionale: aucun ancrage régional,0,0,0,0,5,7,,absent,aucun,aucun,False,navigation,3,True,True,pertinent
2026-09-09T19:21:00+00:00,TASS — russe,Médias officiels (contrepoint),Экс-сотрудник охраны посольства Британии в Москве хотел перейти на сторону ВСУ,https://news.google.com/rss/articles/CBMiS0FVX3lxTE5sNlltcGdrZS1FOUFfVWo3UnRMaWJ4UkNvNlBFR09Tb1hJeXNid2hfTnVJY2w3U1VvUlVQTGVZM1NQXzRhdjhhQ0JEQQ?oc=5,,0,E,BRUIT,False,Faible priorité,,porte régionale: aucun ancrage régional,0,0,0,0,0,0,,absent,aucun,aucun,False,navigation,3,False,True,pertinent
2026-09-09T18:08:00+00:00,TASS — russe,Médias officiels (contrepoint),В Дагестане из-за атаки БПЛА повреждены портовая инфраструктура и театр,https://news.google.com/rss/articles/CBMiUEFVX3lxTE1DRWdCaU1PbzhlS0ctTll0c1Qzb21jNDhxMUc1SS1rRU1UeEY2Rmg0alQ1X3N3b0xmMWFXQWQ4SzkzZ2ZJa3hXREJCZW5uZy1h?oc=5,,12,E,BRUIT,False,Faible priorité,дагестан,Caucase: дагестан; plafond V9: aucun ancrage HR principal,12,0,0,0,0,0,caucase_nord,sujet_principal,aucun,aucun,False,navigation,4,False,True,pertinent
2026-09-09T15:35:00+00:00,TASS — russe,Médias officiels (contrepoint),Миршаймер усомнился в успехе визитов Уиткоффа и Кушнера в Москву и Киев,https://news.google.com/rss/articles/CBMiXkFVX3lxTFBsb09NU2E4b09xT2phYUdUOTRTaTJuVktaMWNYNGdrZDVCLXJtNmtzQlFfcHJsVlQzTzZXd2RUQVpjZjBsaTlGa0NZdllnZTZINWt5VTVXOTZPYTh0eEE?oc=5,,0,E,BRUIT,False,Faible priorité,,porte régionale: aucun ancrage régional,0,0,0,0,0,0,,absent,aucun,aucun,False,navigation,4,False,True,pertinent
2026-09-09T13:48:44+00:00,ARTICLE 19,Droits humains & presse,USA: Terrorism designation has global consequences for open internet and free expression - ARTICLE 19,https://news.google.com/rss/articles/CBMiwgFBVV95cUxNWlhKNG4xOV9Gb0paMVRvbm5NaktmMFVCc1JqamoxT3JpUUQyanBWZGNjNzZRTnhONGRFdU53SVZla0lhOFp0YkdpU0ZxSDhSUnotbndVaDA5WGc3bjBFWkhHV1ZpMFdLZHFiV0R3MVM0SG1WVmkwaXAwUGVoeVRiQVU1V2VpS1ljcU9Hemh1VVRfRFNkVG5iLTVtM1ZtLWJMTUVnZldNbWs5NTdEell2SXBndXBpdEV0akF3UVJNM2padw?oc=5,,12,E,BRUIT,False,Géopolitique majeure,terrorism,porte régionale: aucun ancrage régional,0,0,0,0,5,7,,absent,aucun,aucun,False,navigation,4,False,True,pertinent
2026-09-09T12:02:15+00:00,OHCHR,Droits humains & presse,"Türk says “deafening silence” for suffering Afghans, urges renewed pressure",https://news.google.com/rss/articles/CBMitwFBVV95cUxOajZEcjg4ZW9naS15RTQ3b2twS2MybmFydjNISm53YktORlpiSXJ3OGtIODJIRjBIMWEtdHZuYkpRd0VRc0NYYjZYQk84N0U1RTlJZ3hObHRucnNEOVh0WXl6R0hfdjVkVXZfOVA5NnNfMV9hQUxkM3NrWXRzWGllbGpqTHlqcm1yeGt3cmZFYnBBVjJkWDVSUnpQMm9aVjVDLVRoRjc0ajlsbVQwUXY5cEpZdTVfNkk?oc=5,,0,E,BRUIT,False,Faible priorité,,porte régionale: aucun ancrage régional,0,0,0,0,0,0,,absent,aucun,aucun,False,navigation,4,False,True,pertinent
2026-09-09T08:34:00+00:00,TASS — russe,Médias officiels (contrepoint),"Трамп заявил, что Путин настроен на договоренности по Украине",https://news.google.com/rss/articles/CBMiXkFVX3lxTE90RnZoUzJwR3Nfbi14SkVyQ2VKV2NOSjhqdFpSemtVRTZvbHUxdFVGYmJZRnZheHpKZHVPMVY1Tm5yaE95THoyWWhvbWViVXBzaElpWVpfT1d2Z2JOVUE?oc=5,,0,E,BRUIT,False,Faible priorité,,porte régionale: aucun ancrage régional,0,0,0,0,0,0,,absent,aucun,aucun,False,navigation,4,False,True,pertinent
2026-09-09T04:30:00+00:00,Human Rights Watch,Droits humains & presse,Lebanon/Israel: Hezbollah’s Use of Cluster Munitions,https://news.google.com/rss/articles/CBMijwFBVV95cUxQS1BuS1ViSzg4OUVYVE14amVDUlJIOHBjVlhwSUpEUTNOTlNDUzVSa0NGakhSTmxpbEozUzVrMXk2ODY2QktSVUp2VmJpc0RNLUZoTmprYjFnR2hoSEhhSG81YU41VFFnVnZIQ25FU20yRW5welBOQ1BKcnNySXdOc2tfMG5kT3FWVGRKWVVoZw?oc=5,,0,E,BRUIT,False,Faible priorité,,porte régionale: aucun ancrage régional,0,0,0,0,0,0,,absent,aucun,aucun,False,navigation,4,True,True,pertinent
2026-09-09T04:00:00+00:00,Human Rights Watch,Droits humains & presse,Rising Tigray Tensions Test African Union,https://news.google.com/rss/articles/CBMigwFBVV95cUxPTVJGdXFrMko1QUZWT2NhOS1nY1I2cXloZnNKcW1jeTc2bXhmeVNGMkRUc1RwcW1XQ3dybTA4d21KMzhZcGtHVm9SeTNHaXhfbW94VjJTa1gyeDl3eEswSkoyMFRUWGhIRUt6clhfT0YycFlERnViUUJueWN6S0RIRlo5dw?oc=5,,0,E,BRUIT,False,Faible priorité,,porte régionale: aucun ancrage régional,0,0,0,0,0,0,,absent,aucun,aucun,False,navigation,4,True,True,pertinent
2026-09-09T04:00:00+00:00,Human Rights Watch,Droits humains & presse,"White Phosphorus: Recent Use, Inhumane Effects Require New Law",https://news.google.com/rss/articles/CBMinAFBVV95cUxPdFdfMGdKMDZ5TmJCSHJmWTdCWkNHeDJDUXJLS1Y5eGFmbFdYck1KWFJ1eEYyaXNIV3lDTlVpSGMyMksyT095Ri1PdG1HbFN2Szg0cEFaNlVsVW0yNHBhc2x0TmlIekpOUUdoRHNaZmlzYmJjN2JNWHJ4a3ByOUQxMGY4TDRDdDUtTGVoZ3lLU0ZjXzEzeVJ1OTIyeV8?oc=5,,0,E,BRUIT,False,Faible priorité,,porte régionale: aucun ancrage régional,0,0,0,0,0,0,,absent,aucun,aucun,False,navigation,4,True,True,pertinent
2026-09-09T03:44:00+00:00,AP News — Kazakhstan,Médias indépendants,Nepal's flood disaster and the impact of climate change loom large in the icy shadow of Mont Blanc,https://news.google.com/rss/articles/CBMipgFBVV95cUxNZXpicWZJS0J5LWw0QzJIcUxkeS1OS0dXOGlWTnlRNGtmRjhNMkhPSl9DTERJd1BVLUQzS0ExU1RjZ0xMNlE3bEFWdEtzSkVlaTRTT3ZVb1ZYT1hCNjZnWFVWLWNPWGwzUXRYVHdMNG5LVmo2b2twNkVKNGNFOXV2ckFfTnlSc1UwelJHQk45TVdxR3lyWG5OMTdoUUhuUWNkUU5oUzJ3?oc=5,,0,E,BRUIT,False,Faible priorité,climate,porte régionale: aucun ancrage régional,0,0,0,0,0,0,,absent,aucun,aucun,False,navigation,4,False,True,pertinent
2026-09-09T02:13:17+00:00,TASS — russe,Médias officiels (contrepoint),Заблудившихся в лесу у Хабаровска грибников нашли спасатели — читать подробности,https://news.google.com/rss/articles/CBMivAFBVV95cUxPOEJkRExWLUFDSFY1Z2FXZVVhZllPT2p0bjQ2N0xKVlBld25xc0hjRF8tTjRHd1Y5NzR1SWRFZGZHal9LdDgxZGV1cU1JRENTd1o2YnYzX0J1aVgzS09uUEl1NGdPTHRiaTQ4VDhpNVJ6SXpPaUdSUGFIdDFMem9tbzF1Sm5kR3ZIU3h6U3NlVjRqYjltRW1FNGpTMzVwSS1vT1dIUDJILUxpZGNaRk9hTGowQ1dhRlE5UWxVSg?oc=5,,0,E,BRUIT,False,Faible priorité,,porte régionale: aucun ancrage régional,0,0,0,0,0,0,,absent,aucun,aucun,False,navigation,4,False,True,pertinent
2026-09-09T02:06:00+00:00,TASS — russe,Médias officiels (contrepoint),Ушаков назвал возможную площадку для трехсторонних переговоров по Украине,https://news.google.com/rss/articles/CBMiSEFVX3lxTE5GLVVEYkJzSVBUUXF5V2s2ZXJoVFFZVkJSemUxUVZOZWJ2Q201MTNhRDBaTm03VVdmR1RMeUFnSmpNMGhzdXpTSQ?oc=5,,0,E,BRUIT,False,Faible priorité,,porte régionale: aucun ancrage régional,0,0,0,0,0,0,,absent,aucun,aucun,False,navigation,4,False,True,pertinent
2026-09-09T01:43:00+00:00,AP News — Kazakhstan,Médias indépendants,US strikes Iranian tankers plus other key Mideast news,https://news.google.com/rss/articles/CBMitwFBVV95cUxPTUgxSWZaOWhTSTVEbEFLYURrY3Rac2FMMll6dk1rTDZFbThMc24yY3FNWHlLcks1dXV6cl9mWEIxdUxGUmx6NlUyek1lWFFISXFpSUxEY2Ixbzg5b3J2ZVZtemN0eTd5bHgxRzNzOG5MMUltajZvSmU3UlNSb3VwMFR2TTlnTFhlNGplRzVld2hBODMyb2p1eFl3TTZ0ZWZOUTNHV0k3UzZVSTBmVWNwNzgtcDdraWc?oc=5,,0,E,BRUIT,False,Faible priorité,,porte régionale: aucun ancrage régional,0,0,0,0,0,0,,absent,aucun,aucun,False,navigation,4,False,True,pertinent
2026-09-09T01:26:00+00:00,TASS — russe,Médias officiels (contrepoint),В России признали законным заочный арест Буданова,https://news.google.com/rss/articles/CBMiUEFVX3lxTFBEQzhDSXVBSEx0b0FQYjlIOF96Rk44cllFcURRbHd4TjVLdzJHbHJ3Q2IzN1dET1pEZHNaOTl6Mzl6cGw2U09xbS00TkNhVVVS?oc=5,,0,E,BRUIT,False,Faible priorité,арест,porte régionale: aucun ancrage régional,0,0,0,0,0,0,,absent,aucun,detention,False,navigation,4,False,True,pertinent
2026-09-09T01:09:00+00:00,TASS — russe,Médias officiels (contrepoint),"Дорожные карты по Украине, дефицит бюджета и цены на газ. Темы брифинга Пескова",https://news.google.com/rss/articles/CBMiSEFVX3lxTE5KektiTjdCSEMzTmxvd0lINzlQangwdWQ5WEpYZTlVbm8yZHZ4WWZxaWxmdTlKX2liM2FyaVpxVlZlUWwzYjJjeA?oc=5,,0,E,BRUIT,False,Faible priorité,,porte régionale: aucun ancrage régional,0,0,0,0,0,0,,absent,aucun,aucun,False,navigation,4,False,True,pertinent
2026-09-09T00:26:00+00:00,TASS — russe,Médias officiels (contrepoint),Кремль прокомментировал данные Минфина о дефиците бюджета,https://news.google.com/rss/articles/CBMiSkFVX3lxTFB2aVlQdEJkUl9rQXo3ZUhyMXVNbWxPNEJXWGtqTWY2YmJ6OUQ2QnRlUUFXRmRJSlZkaXJmZFVIXzVaS3pYZjhhY1BR?oc=5,,0,E,BRUIT,False,Faible priorité,,porte régionale: aucun ancrage régional,0,0,0,0,0,0,,absent,aucun,aucun,False,navigation,4,False,True,pertinent
2026-09-08T20:39:12+00:00,Human Rights Watch — français,Droits humains & presse,"Le Royaume-Uni, la France et le Canada interdisent le commerce avec les colonies illégales israéliennes",https://news.google.com/rss/articles/CBMiugFBVV95cUxPOFZPWXBBUm9WNVNXV2F6TzlrWDd1cWVqckVIUGoyczdBemFNbElMZFFIUDhVUGdaS29nc1pEWFJnX1l1QkRxaHV3Q20waTVhZXdPT21EbGtIa0lTQnZHbTBnV3FrODVaUUcwN1ljbE5MOTVKVVpBWDAtREtKVU05Um5tNHFvVHdRT0MtZFJQWFV0Vnhfd2hTVW5LUHgyTGEySkZaZW9laGptUE0tWEtySkJHY1RlcTRSTHc?oc=5,,0,E,BRUIT,False,Faible priorité,,porte régionale: aucun ancrage régional,0,0,0,0,0,0,,absent,aucun,aucun,False,navigation,4,True,True,pertinent
2026-09-08T19:48:39+00:00,Human Rights Watch,Droits humains & presse,"UK, France, Canada Ban Trade With Israel’s Illegal Settlements",https://news.google.com/rss/articles/CBMimwFBVV95cUxNLVlXTGVYUWhEM2tWRFp6NUp0elByeXdGY1N2TmEyVU1KQkxCX0tmOXpQRGQ0WkFFZ09pSjAwczlkd3ZkRzR5RW4tVWdFeFJ4WERHY3NzekZuM25NUGNuTXJYTmFyN2xRM3pmSTFBNldQd20waE9td2NCa1JkQ0dUV1F5bTVIN01tT2VyTXlzR1JBUXhPWklCSFBCSQ?oc=5,,0,E,BRUIT,False,Faible priorité,trade,porte régionale: aucun ancrage régional,0,0,0,0,0,0,,absent,aucun,aucun,False,navigation,4,True,True,pertinent
2026-09-08T17:07:00+00:00,TASS — russe,Médias officiels (contrepoint),Грузинский доброволец в ВС РФ гордится своим внесением в санкционные списки ЕС,https://news.google.com/rss/articles/CBMiXkFVX3lxTE43ZlhrbFlLRUtpWERyb1k0eFJ2aU5HZFNQTTl2SUZ1cHFNdVkxeEdVdDVPMEpIR1NmdXdMWkVFRzVydWRfbVNaRklJNE5Vc2x5NDRuRVVnNERfVnRnX2c?oc=5,,12,E,BRUIT,False,Faible priorité,грузия,Caucase: грузия; plafond V9: aucun ancrage HR principal,12,0,0,0,0,0,georgie,sujet_principal,aucun,aucun,False,navigation,5,False,True,pertinent
2026-09-08T15:28:00+00:00,TASS — russe,Médias officiels (contrepoint),22 октября в российский прокат выйдет фильм «Свинцовые небеса» — читать подробности,https://news.google.com/rss/articles/CBMixAFBVV95cUxOYUQtRHdfUk9Hel9tVnZPZHE2WHdFTzZuQlZsTVdsWWE3WlBib1dTV05CbjdHMlQySHREaXF4cDg3M2xjQTMxeENEblZkbHZ6T1pFSlZwQ0wwSkZGV20yNWFKVjItTTdZTnVoRDhiendmdnFVUG9BYk1QMl9Hd3c0ZGUwckRPYlZhaU5aMnRIUVFPUW40NmJNd2lid3hIS1pZSzZQYkZ6Rk5RcHRGZ2ZGckxmd0lVelA3V29BRG9tME1WeUVq?oc=5,,0,E,BRUIT,False,Faible priorité,,porte régionale: aucun ancrage régional,0,0,0,0,0,0,,absent,aucun,aucun,False,navigation,5,False,True,pertinent
2026-09-08T14:35:51+00:00,TASS — russe,Médias officiels (contrepoint),"Средняя зарплата ставропольцев за полгода выросла до 68,3 тыс. рублей — читать подробности",https://news.google.com/rss/articles/CBMiyAFBVV95cUxNQlVtMVpRM2xKamd4M0oxZkZaalZNRDJRdmtPTG9jemtHeUVoaDUza0ZYYWVOMGVJcXltdzNxaXI0TENzbUVUMjB5dS1XbHU2cUNsUUJYZDVjWThwa1JTN2pzcmtNVDBMbTQwMUxRR0NnV1pMMjAwdXVKZURjdmRwUGk0ejI5WHVZUHJ1bEVsX2JoNkZkQVBGcTRScjJJUFZ3R2txM0R0UVVVYnppMEQ1dVJpdFZwc0JUQllfQTVLT3FXaXk1QVlCUA?oc=5,,0,E,BRUIT,False,Faible priorité,,porte régionale: aucun ancrage régional,0,0,0,0,0,0,,absent,aucun,aucun,False,navigation,5,False,True,pertinent
2026-09-08T12:10:37+00:00,AP News — Kazakhstan,Médias indépendants,Jerry Sandusky appears remotely in court as lawyers prepare a federal court bid to seek a new trial,https://news.google.com/rss/articles/CBMiqwFBVV95cUxOenBBczJWUVlwQWlLemh2WGo2U2cwVVk2bkhXSld0dlI4bmtmTjZncjlnQ1JpN0VqdXVsNnJHVWMtTXNZTDFuNnF0X3RyNElMRTQtc3Ztajg5Zjh0QTFWZEVaeG0tUTE1QVlhNjI3SDM4MFFyVkFsMFotVnhNUm1IZEZCa0VMSUdUQU9WbXBEUmR6OE9GdWc2MUJPV0dSaDJXRy05WVhSM1lzWlE?oc=5,,0,E,BRUIT,False,Faible priorité,trial; court,porte régionale: aucun ancrage régional,0,0,0,0,0,0,,absent,avocat,aucun,False,navigation,5,False,True,pertinent
2026-09-08T10:05:39+00:00,Human Rights Watch,Droits humains & presse,HRW Oral Statement at the 63rd Session of the UN Human Rights Council,https://news.google.com/rss/articles/CBMiqAFBVV95cUxPYmZKUjRSV19tcm5rR3FJMWt3VC1ad0toZDNjSXZfRkQyV1dwZjBOZTRHV0dVMGdlSHRwQVRUTW1fNXBjMllGSjNVbXlrdGpxUTg3Ui15VDZzMGFlOEx2bHh5ZnZWSlRRQW51VmtkalVUcTZxWnJkY3pzaXByUGllVV9wZzRjR2xvb3V6VGpQbXplOUxUMWNMUXUxVUVRckt0ZFZnWGQycVE?oc=5,,7,E,BRUIT,False,Faible priorité,human rights,porte régionale: aucun ancrage régional,0,0,0,4,3,0,,absent,aucun,aucun,False,navigation,5,True,True,pertinent
2026-09-08T09:51:42+00:00,OHCHR,Droits humains & presse,Statement by the Independent International Commission of Inquiry on the Syrian Arab Republic accompanying its Oral Update to the 63rd Session of the Human Rights Council,https://news.google.com/rss/articles/CBMiwAFBVV95cUxNQ1VhdGtMeTlXZEhtOTB1OHVib3NIVE9RZ25CV3duQnRPR2NibTAxaEFiSFpsZjN6SkdCbTl5WnFweGI3ZW9MRkZDWTg3WFVnS3dCQ1pxVzlmX1g0amVVaGlXRDRuUy1KVENjc2g1RDNaemVDWkJQX3hFYVQ0bVlGT200STM0N09tUVNkYTh6TjhMbFhYZVhrQUpsTEY4VE1yTFQzUWZUNXE0bXZNcXFJWFlRRHVqMnhFUW03Q1BrWWU?oc=5,,7,E,BRUIT,False,Faible priorité,human rights,porte régionale: aucun ancrage régional,0,0,0,4,3,0,,absent,aucun,aucun,False,navigation,5,False,True,pertinent
2026-09-08T09:51:42+00:00,OHCHR,Droits humains & presse,Oral Update by Commissioner Fionnuala Ní Aoláin of the Independent International Commission of Inquiry on the Syrian Arab Republic at the 63rd Session of the Human Rights Council,https://news.google.com/rss/articles/CBMiswFBVV95cUxQYW1CSjhPSTVVSUxZRW5YNUtrOVZ1aFgxZWNkZUtiVURMNUVhOWNfSEF1QjJvZ0xaaUc5Z29JY1ZrUDJDZTYwVkNQZ0tlTF9neGh6UHZ5ZDVFX1BCX092bk13bTlYb1I2bTh6dC1RbS1UM09PX3psaTV6OWlFSVN4M0Ffd0REQUdyRWNrai0ydDhIcDFPUndBNExXamV3cm9RbUEtNHJFbFZ4aDZrRFpFU0FWSQ?oc=5,,7,E,BRUIT,False,Faible priorité,human rights,porte régionale: aucun ancrage régional,0,0,0,4,3,0,,absent,aucun,aucun,False,navigation,5,False,True,pertinent
2026-09-08T09:51:42+00:00,OHCHR,Droits humains & presse,"Syria: Accountability, inclusion, and non-recurrence central to successful transition, UN Syria Commisssion says",https://news.google.com/rss/articles/CBMitwFBVV95cUxQWjNqb2Y5VGVlTnZSZ291NHBVU0szSmdEanpZS1VjYkFFV2g3RnU0T045QU1zLUt2OC0zWXVoZnBRSGZWSjkyMnViaDdDUTJ0U0pZU0NzZktBVmpjRUdNOEFYbVVIVnd1MmJBT0w2bXBlZXlOU3VpQlRuZ09uZmVLOTVMR2xUaHNmWDhpcmRtQ3VhQ3Q0dTk3N3lQNXkwamlRd3htTFR5Q0pLMERFNHFFMEV2cVdudGM?oc=5,,0,E,BRUIT,False,Faible priorité,,porte régionale: aucun ancrage régional,0,0,0,0,0,0,,absent,aucun,aucun,False,navigation,5,False,True,pertinent
2026-09-08T08:35:47+00:00,TASS — russe,Médias officiels (contrepoint),Фестиваль «Пильняковские чтения» в Ногинске перенесен из-за непогоды — читать подробности,https://news.google.com/rss/articles/CBMixAFBVV95cUxNbzVJTk5YeGZWcXNsUmZDYlZwNE9CbDQxSVJYRmVYbG12ZklxQWFZZ2pVTmJyR0NDc2cwcFVWbVd2RnNhai12amxtSElyTlVETVVMRGNCa2NvRFNpT3Y5UkF1VXU2SGdmQWNtZ3V3ZVJqcVk1M2dQSmJFd2NZc2ZjMFZFelZkOW5IWVg5M0tsRFF6al9JZ3FOdENZUmphSmhoMC1NMDFmZlozYUJFYWwzRlVlZjJRcnlranRURXBQWVJybW5K?oc=5,,0,E,BRUIT,False,Faible priorité,,porte régionale: aucun ancrage régional,0,0,0,0,0,0,,absent,aucun,aucun,False,navigation,5,False,True,pertinent
2026-09-08T03:01:00+00:00,Human Rights Watch,Droits humains & presse,"Germany: Confront UAE Role in Sudan, Repression at Home",https://news.google.com/rss/articles/CBMikwFBVV95cUxOMmFvOWRjRE50dkJtVG1KV3NoZ1lBQU5ILWttOV9XTWJKdDVWcnAzTk13dHhfa2FRY2lLMFoteUk5V2M2RDJ1N2tKanJieFExaEtKdjhoY2ZJaFdGTkhvTDFJQ045V2FoMkRmXzhpTDd6WlBFMmRyYUNBTURBdi1YRi1iNjY2b0prQTM2RTVIa0pHQVU?oc=5,,2,E,BRUIT,False,Faible priorité,repression,porte régionale: aucun ancrage régional,0,0,2,0,0,0,,absent,aucun,pression_administrative,False,navigation,5,True,True,pertinent
2026-09-08T00:34:00+00:00,TASS — russe,Médias officiels (contrepoint),Уверенность в скорой победе и визит Путина в Индию. Заявления Пескова,https://news.google.com/rss/articles/CBMiSEFVX3lxTE5TZGY2U291bjNKNE1nRUVJdWVhTjZKM3NpN21JaDdWVjhld0JIUmUxLUhLaTJWQ0RMNlF5TFYwaFVTWnpXV1NiRA?oc=5,,0,E,BRUIT,False,Faible priorité,,porte régionale: aucun ancrage régional,0,0,0,0,0,0,,absent,aucun,aucun,False,navigation,5,False,True,pertinent
2026-09-07T23:55:00+00:00,TASS — russe,Médias officiels (contrepoint),Захарова пообещала жесткий ответ русофобскому лобби в Будапеште,https://news.google.com/rss/articles/CBMiSEFVX3lxTE55NmxWV2tmYUluQVpIU1c2a3RMTF9PNmtKVmhXcXRROWVHajNDSmU0b0xrdWR2Z1VyV0R4S09KVFMwUnN5SzlzTw?oc=5,,0,E,BRUIT,False,Faible priorité,,porte régionale: aucun ancrage régional,0,0,0,0,0,0,,absent,aucun,aucun,False,navigation,5,False,True,pertinent
2026-09-07T23:49:00+00:00,TASS — russe,Médias officiels (contrepoint),Россия ответит на высылку 10 дипломатов из Венгрии,https://news.google.com/rss/articles/CBMiSEFVX3lxTE1kcDczMzBDb3JsdVZ2OHJhem81VjY3RzFaSEVkalFEWnNsMnFCZjR6QlF2VjhkSmtvZlZOeDF6bFhldmwxa1VSVw?oc=5,,12,E,BRUIT,False,Géopolitique majeure,россия,porte régionale: aucun ancrage régional,0,0,0,0,5,7,russie,sujet_principal,aucun,aucun,False,navigation,5,False,True,pertinent
2026-09-07T20:14:00+00:00,AP News — Kazakhstan,Médias indépendants,Mirra Andreeva helps injured opponent Anastasia Potapova before finishing her US Open victory,https://news.google.com/rss/articles/CBMilwFBVV95cUxNWEhPYjVQa2MzWWFxX3NQc0hIdUdfSW9tczd6MGJKaGw1S19JVXF6U3V1UGVkXzNta1JMcW9BVEtPY24xXzRuei1RYnlsRFh0LTNPS2U2amctSFFXck14QU9TU1BxSC1uMEg4Ry1TNmQ3aFF1ZFZGQ29obGRjdjJFYjZxX0JXTF9zQUZ6UGkzZ09raEpQQWVn?oc=5,,0,E,BRUIT,False,Faible priorité,,porte régionale: aucun ancrage régional,0,0,0,0,0,0,,absent,aucun,aucun,False,navigation,5,False,True,pertinent
2026-09-07T19:55:22+00:00,Human Rights Watch — français,Droits humains & presse,Afghanistan : Déclaration de HRW au Conseil des droits de l’homme de l’ONU,https://news.google.com/rss/articles/CBMiugFBVV95cUxPejFZbkxqTGJqdFNHYlp6YXBvSTVqVWxYNTVjeTROU2FYNTctY2RxM0Y2MzBORVNjdGVLeTRqM3M3bGdMSGNpOVczcGIyc2ZsM3RvX3JZN3Q2Q3lObWZQWFAySlprT0lDSDVhb0FiTlBoWlJWQU4wcklnUlNQVVo5Q1lrSnFTRXlDam1HWVBwdktjOWh1aDVPeHA3NnpTUF9xVU1aOS10QW9DZVlHbGF0Y3RNMV90TndxU0E?oc=5,,12,E,BRUIT,False,Géopolitique majeure,afghanistan,porte régionale: aucun ancrage régional,0,0,0,0,5,7,afghanistan,sujet_principal,aucun,aucun,False,navigation,5,True,True,pertinent
2026-09-07T19:39:59+00:00,Human Rights Watch — français,Droits humains & presse,Afghanistan : L’ONU devrait exiger la reddition de comptes pour les graves abus,https://news.google.com/rss/articles/CBMitgFBVV95cUxQcUxoX3lFcFc4c1ZxbHJQcnltYXNpRXoyQ3ZvdnlNQ05IQlVRdEpjN3RuT3EtQXFVRmcwLVpEM1VtNUlESVMwVzFGWFN2OW9ZYnl3YmxRTUNOUnVNNVlhVV9lSWlYVDhrZE52ejQ3YkljUzRmLWQtbjVOdzZjN0NicGR2RHBxS1ZOUkUxeUtPOG5PbEx5ZjJ3eGV4bjJzU051UzM0STFERVFGckY1bUdWRjZRNTZBdw?oc=5,,12,E,BRUIT,False,Géopolitique majeure,afghanistan,porte régionale: aucun ancrage régional,0,0,0,0,5,7,afghanistan,sujet_principal,aucun,aucun,False,navigation,5,True,True,pertinent
2026-09-07T15:41:28+00:00,OHCHR,Droits humains & presse,"Taliban policies denying Afghan children a future, warns UN expert",https://news.google.com/rss/articles/CBMisAFBVV95cUxOdFBic0JFTnJ1cFEyMVlvQ1IxUFZIWEVPTzBGUW5mdm1aNWY3R05tYWVvWXZnaVpFV0NSM2hrOFpvVkw0VGx3ay00emhPcDJaN0cxX2lYSXF0bWR1WUcydHF2MmZsU201V2I2d2FTR3A2U3hRWkdWNEU3NmpiNXFQYjJPbW15R0Z2dWxzQmRCT25jTjhJazhSOWdMZWtqd2VucnI3TXpXc253SXdlcDNlSw?oc=5,,12,E,BRUIT,False,Géopolitique majeure,taliban,porte régionale: aucun ancrage régional,0,0,0,0,5,7,,absent,aucun,aucun,False,navigation,6,False,True,pertinent
2026-09-07T11:36:28+00:00,OHCHR,Droits humains & presse,High Commissioner Türk deplores deepening human rights crisis in Myanmar,https://news.google.com/rss/articles/CBMiugFBVV95cUxQZy1yMEpVNEUtYk93djMtVkJkdVppYWNLeU5NWXFlMTRDbVh6OS1wRkd0TTJhU01qWVBEZXlPb2JwWkZMZVl0dXhNR1RLSDFPSW0xTi1Vdzg5VkhnYUxQbmpnTTV2SVBtOG5nYk1ULUkwSVhORzZEZUNHTnRNQlQ2V0lrZl9kR1hrX0g0NzE5WkN2ajRHUm1EejI0WDhrX3Q5TXRJOVNRNk9mM1NvQmp4c05PdXBNWUJpOHc?oc=5,,7,E,BRUIT,False,Faible priorité,human rights,porte régionale: aucun ancrage régional,0,0,0,4,3,0,,absent,aucun,aucun,False,navigation,6,False,True,pertinent
2026-09-07T11:36:28+00:00,OHCHR,Droits humains & presse,UN experts urge Pakistan to end persecution of Ahmadiyya community and uphold freedom of religion or belief,https://news.google.com/rss/articles/CBMiuwFBVV95cUxOUlByR0N2NmZkZXNzNXlFX0JJRklqOTZoMW1xT29ORHd0RUlMZjFDeFVZdjFUcjhxZTlpbTNuWVBVZXpfMUtWVnhHc04xSEhoZS1CeVloVzV6NFNDbm1KYkh4N0NtM2hTcGt0SDluVjY1WlRJLVdFYTRKc0J6Yk5nSTZxV3dyWk96M0ExbENYcXNFOXNzRXNKS3FuYUtxTUszMUg2ZnQ0cVVyV0ZGOTkwTUJuZ2VTUXE4U1J3?oc=5,,16,E,BRUIT,False,Faible priorité,freedom of religion; persecution,porte régionale: aucun ancrage régional,0,0,9,4,3,0,,absent,aucun,pression_administrative,False,navigation,6,False,True,pertinent
2026-09-07T10:36:28+00:00,OHCHR,Droits humains & presse,High Commissioner Türk updates Human Rights Council: Human rights are carriers of hope,https://news.google.com/rss/articles/CBMivgFBVV95cUxNTlZTMTF6LTR2dWhpWV9SYnE4Mzh5M24yVmhHaDF3TU5BZVJOVTVzVHFsTjRWUmFTXzdrX2FmR2ZXMUVFaHFacjNnQkFBRkVPY01tQS1BZ0YweEs1ckVWdmo2dUVSUmpSZHUtQVRDNDNvcnJkdGJTM3dha2ZVR0xaOGJoQ1FzZWxQaGZGMFpsYm5fTWJJN044Vy1HTDExUnFYdE9qY0x5QkkyalNFejJjeFA3MkI3OUtucnJENUx3?oc=5,,7,E,BRUIT,False,Faible priorité,human rights,porte régionale: aucun ancrage régional,0,0,0,4,3,0,,absent,aucun,aucun,False,navigation,6,False,True,pertinent
2026-09-07T10:36:28+00:00,OHCHR,Droits humains & presse,Gaza: UN expert warns Israeli rubble-clearing could erase traces of atrocity crimes,https://news.google.com/rss/articles/CBMivAFBVV95cUxNMkJPQ3FtNWZBX1AxSU96ZFpJLTdKc3F1S0JVRTlNNHJuZS1XT3RSMTVxRmR3Y1hwc2ZQcFIyUVhBcGJzZ3A5dFZnZHdtakF3S0RlWVJETEg2b0h5UGQ3RHg5NTdwNGxZUnZyUzJUaGdjWUR5UlpRM3BSWk9RekNIUGtiTGx0M2NZbXcyQmVCOWZkaE9YR3p2dzFBRHl1VC1GRjZRUXQ0bjY3X1hLa3plTTdqdmZ6bHRKQi1PRQ?oc=5,,0,E,BRUIT,False,Faible priorité,,porte régionale: aucun ancrage régional,0,0,0,0,0,0,,absent,aucun,aucun,False,navigation,6,False,True,pertinent
2026-09-07T06:39:00+00:00,TASS — russe,Médias officiels (contrepoint),Экс-генпрокурор Грузии возглавил подразделение добровольцев в зоне СВО,https://news.google.com/rss/articles/CBMiTkFVX3lxTFBHQmF0VUpFdExSQnZfN19GUzBkeE5ERGE5dHY1TGVJRkMxcjNIckxRdHlnUFBSLWpLRTlsWm1HaVY0MUUwNkFoUnp1WEF6dw?oc=5,,12,E,BRUIT,False,Faible priorité,грузия,Caucase: грузия; plafond V9: aucun ancrage HR principal,12,0,0,0,0,0,georgie,sujet_principal,aucun,aucun,False,navigation,6,False,True,pertinent
2026-09-07T03:21:11+00:00,TASS — russe,Médias officiels (contrepoint),В Приангарье определили победителя регионального этапа игры «Казачий сполох» — читать подробности,https://news.google.com/rss/articles/CBMixgFBVV95cUxOeDVRU0RKMHdIVkFwN3Z6MHZMUnRvNk9uUnd5VTJOVFJTbEVQWHpXQU5LbWxOWGM4T1Z4ZW1IRUNnUnctTEx4czFyb3FwcjhCS2RLVG1zR0tnZGxYZ05leV9ZSTBlN2RWb25NT08ydUY2WjVpRWpmQWtJa0h4ZVRlaGVwamZTVDFqZDgzVVhrdU9DTUVYN2NaaXFVVGpiNFduUXN6RWVRaTcyUWxfbm94UHRMVDgySWl2NUpDdkhZal91Zll4dGc?oc=5,,0,E,BRUIT,False,Faible priorité,,porte régionale: aucun ancrage régional,0,0,0,0,0,0,,absent,aucun,aucun,False,navigation,6,False,True,pertinent
2026-09-07T00:11:00+00:00,TASS — russe,Médias officiels (contrepoint),Кремль оценил размещение Норвегией артиллерийского дивизиона на границе с РФ,https://news.google.com/rss/articles/CBMiSEFVX3lxTE9kSnYxdEFHUzkwNGYzdmhfOXpuMkRFbE5YNVJNMi1ZNVZtSlhTTFU4SndONE1JVUFscm82THRacnV4ZFFoYmZHMg?oc=5,,0,E,BRUIT,False,Faible priorité,,porte régionale: aucun ancrage régional,0,0,0,0,0,0,,absent,aucun,aucun,False,navigation,6,False,True,pertinent
2026-09-06T10:23:36+00:00,AP News — Kazakhstan,Médias indépendants,"Volcanic island in Indonesia erupts, canceling hundreds of flights and stranding thousands",https://news.google.com/rss/articles/CBMirgFBVV95cUxNYV9LY1JLSHlZeDl1dXA5cTJZeXFCdUdaREphR2NJNVBXLUE1NXlzRnV0d1JCVlVqSkF2LThqcFJZVVlNTzVFYV90N2RYQnh3QzFQVmNtOHkzVUktNUNiR2xIak9oYXhNNXlWQVNKdlNIUWltYW54NS00eXZQQ1hydVdaYjJpZG5wZmhDek1VTjhQVWhyU0JZTUVTQnBNeUdtVkE1b3dSMVRPeFBGSHc?oc=5,,0,E,BRUIT,False,Faible priorité,,porte régionale: aucun ancrage régional,0,0,0,0,0,0,,absent,aucun,aucun,False,navigation,7,False,True,pertinent
2026-09-05T10:59:51+00:00,CGTN,Médias officiels (contrepoint),China-Kyrgyzstan-Uzbekistan railway achieves breakthrough,https://news.cgtn.com/news/2026-09-05/China-Kyrgyzstan-Uzbekistan-railway-achieves-breakthrough-1Qc3rDBAukw/p.html,,27,E,FAIBLE,False,Géopolitique majeure,uzbekistan; kyrgyzstan; china; railway,"Asie centrale: uzbekistan, kyrgyzstan; géographie confirmée dans le corps; plafond V9: aucun ancrage HR principal",15,0,0,0,5,7,"ouzbekistan, kirghizistan",sujet_principal,aucun,aucun,False,evenement_date,8,False,True,pertinent
2026-09-05T01:46:00+00:00,TASS — russe,Médias officiels (contrepoint),Путин дал указание в течение трех суток не наносить ударов по Киеву,https://news.google.com/rss/articles/CBMiTkFVX3lxTE1xMXJiSDAzbEIxRXVCbTdpUEFZdlpPekcyRllqMWs3aWh1SzhITE5ZRVJfQlMtMWVSeEJRdVh2RnB2Xzd2blVSdDZsNXNrQQ?oc=5,,0,E,BRUIT,False,Faible priorité,,porte régionale: aucun ancrage régional,0,0,0,0,0,0,,absent,aucun,aucun,False,navigation,8,False,True,pertinent
2026-09-04T16:32:00+00:00,TASS — russe,Médias officiels (contrepoint),Туляков приглашают на финал Кубка по конному спорту — читать подробности,https://news.google.com/rss/articles/CBMirwFBVV95cUxOZV9Qb28xUHRvZzFBeXByQTQwbTdUamNOQTFPZXJTMHFoNmNOdmZUV2UtVzU2SWh4NDNCbHN5VWxiY3lHQ3h5T2NqeU9NMnlQdFE5SVNGZTlrbC1JU3dlMldyOGMxYnkyYTdQZGgwaGxWQXNiR3ZWY3hFXzBTTDlvRlQ5QUNXbm5mUXppamM4ZTZTNERwSVJQalExZFRBT0oxeldLT2Y0aFJENFFtZEJN?oc=5,,0,E,BRUIT,False,Faible priorité,,porte régionale: aucun ancrage régional,0,0,0,0,0,0,,absent,aucun,aucun,False,navigation,9,False,True,pertinent
2026-09-04T10:21:28+00:00,Turkmen.News,Droits humains & presse,Министр обороны Туркменистана сделал бывших военных невыездными,https://turkmen.news/2026/09/04/ministr-oborony-turkmenistana-sdelal-byvshih-voennyh-nevyezdnymi/,,14,E,BRUIT,False,Politique intérieure,туркменистан; туркмен; министр,"Asie centrale: туркменистан, туркмен; plafond V9: aucun ancrage HR principal",12,0,0,0,2,0,turkmenistan,sujet_principal,aucun,aucun,False,evenement_date,9,True,True,pertinent
2026-09-04T09:55:37+00:00,OHCHR,Droits humains & presse,"Israeli forces expelled Palestinian refugees from three West Bank camps, in violation of international law – UN report",https://news.google.com/rss/articles/CBMiwgFBVV95cUxPOU9uckpQNjVfcV80c1dOYmJuQUVqOUl2WUpERDhHaEg2dm1GS1NLZHE3NWlTZ3dpaVRuYmtMb2VXS05tRnAteTkxYTB5Y2FhM19tam5NR1hCRUotb2ROOUpuakF5LWEtU0VKZWFUY0VQN1VsWmpja1RVbk82VFhIa0ZWQnFULTcxclU0NEpYdzBCMnFLSFllRWNGX3BSWmFtQUd5d2ZfUGNfZWVBZEpkZVBQdjFHalhaVTNYZmx5dUdzZw?oc=5,,0,E,BRUIT,False,Faible priorité,,porte régionale: aucun ancrage régional,0,0,0,0,0,0,,absent,migrant,aucun,False,navigation,9,False,True,pertinent
2026-09-04T07:00:00+00:00,AP News — Kazakhstan,Médias indépendants,Mistrial is declared in Lindsay Clancy child killings case after jury deadlocks,https://news.google.com/rss/articles/CBMiqAFBVV95cUxQcldjRVJhMFF6X3BoT1hoUW9JU1h3QzVuZzFKT19YM0dSQ0ZVdG5IbURjVXhCc1k1N3pkZkQydjdoS1N5Mnlid0M5YV9jdGV2U3NFMXI5Q2JUN1dXZ0NTY0wwTjVoeG5lRHRUSkZLS1pzemhNM2dOTXNxQkJ6SDBKY0dmRUpJZG1XNzVTcVVyUUZ0SkJXQUVVOEpuVTU5S0xtSnE1ejUwbE8?oc=5,,0,E,BRUIT,False,Faible priorité,,porte régionale: aucun ancrage régional,0,0,0,0,0,0,,absent,aucun,aucun,False,navigation,9,False,True,pertinent
2026-09-04T07:00:00+00:00,Human Rights Watch — français,Droits humains & presse,Afrique | Country Page | World,https://news.google.com/rss/articles/CBMiREFVX3lxTFBSbmZwdFVOb2hPWE9YQ1llSUd6eFpBXzlhUnNKOURXTDVoOTBzSi1QMEs2ZjlqakNxVk1WZWdKWllmQ3FE?oc=5,,0,E,BRUIT,False,Faible priorité,,porte régionale: aucun ancrage régional,0,0,0,0,0,0,,absent,aucun,aucun,False,navigation,9,True,True,pertinent
2026-09-03T20:00:00+00:00,Amnesty International — français,Droits humains & presse,Israel/ TPO. Israël intensifie ses mesures d’annexion par le biais d’ordres illégaux de saisies de terres en Cisjordanie occupée,https://www.amnesty.org/fr/latest/news/2026/09/israel-opt-israel-steps-up-annexation-measures-with-unlawful-land-seizure-orders-in-the-occupied-west-bank/,,14,E,BRUIT,False,Faible priorité,droits humains; suppression,porte régionale: aucun ancrage régional,0,0,7,4,3,0,,absent,aucun,pression_administrative,False,evenement_date,9,True,True,pertinent
2026-09-03T16:17:17+00:00,OHCHR,Droits humains & presse,Sri Lanka: UN human rights report urges robust accountability and institutional reforms,https://news.google.com/rss/articles/CBMisgFBVV95cUxQenFERVA2Nld0YmhObVJFSkJILVljYnJtZ09rUWxySTB1YngwQm9kc0hTWkx2UDdUZzg2TGExeUYwR2VYQ2haNUtDTWQyc3pmc3BXcEJfX2o0RHdHYjY5Q24tV3RHS2VpMlU3Q1BLNkVVam5LMGpzT0dfZ1RydmJJakhLMWQxaTNjMGpuX2xlZGpGWnlEX2VYN0xxWVo4TnBhUWRBSGNrMnE5aTBkUUp2SThB?oc=5,,7,E,BRUIT,False,Faible priorité,human rights,porte régionale: aucun ancrage régional,0,0,0,4,3,0,,absent,aucun,aucun,False,navigation,10,False,True,pertinent
2026-09-03T13:45:00+00:00,Human Rights Watch,Droits humains & presse,Philippine Police Arrest 11 Indigenous Rights Protesters,https://news.google.com/rss/articles/CBMilwFBVV95cUxQYW5uSXlYd25LYUd5bmVqLVNUc2ZBRVQ1VnFPYlF4VVQ0ME1LOHBTLWVXY1Bnb3EyU0JHR1Y1XzNjdGRUN1pxclRBQVJIQ3FVLTFJbXdqejgyQTVQeFJWUVIxd0FCdnJQMllHQm9MeGZxVGc5QkxVMlNWallxcWExNkxWaUZzZzcxZzYtQnluREdRWkRzMTlr?oc=5,,0,E,BRUIT,False,Faible priorité,arrest; police,porte régionale: aucun ancrage régional,0,0,0,0,0,0,,absent,aucun,detention,False,navigation,10,True,True,pertinent
2026-09-03T10:45:16+00:00,Al Jazeera — Kyrgyzstan,Médias indépendants,Kyrgyzstan hosts pivotal SCO summit amid global geopolitical shifts,https://www.aljazeera.com/news/2026/9/3/kyrgyzstan-hosts-pivotal-sco-summit-amid-global-geopolitical-shifts,,20,E,FAIBLE,False,Géopolitique majeure,kyrgyzstan; central asia; central asian; bishkek; armenia; geopolitical; summit,Asie centrale: kyrgyzstan; géographie confirmée dans le corps; géopolitique / économie ordinaire; plafond V9: sujet non-HR,15,0,0,0,5,10,"kirghizistan, autre, armenie, iran, russie",sujet_principal,aucun,aucun,False,evenement_date,10,False,True,pertinent
2026-09-03T07:12:16+00:00,OHCHR,Droits humains & presse,"Sudan: External support networks are fuelling conflict and civilian harm, UN Fact-Finding Mission warns",https://news.google.com/rss/articles/CBMivwFBVV95cUxQWlhiT3ZEcGo5MzJ0ZUJSQnV6NnUtTjYzYkxsMXl1UTZpQmVkbllnUDlDOWZDZC12RVUxQ2tRdFZiaVVnSkhfaVJYVHotV3RJU1pvVWVOb0lpZVl2eXUxTl84V1hZWVJ6U25GUzc0OXRINzlqbU1UaWNlN1dqREp6MndhZWhIRlJPOWVSQWktazlnLXBiTUlvQlQ4VlRCMGN6cXhWNzltVlpqR1AzUVhsT1BCczlIWkt3MUNNWFphSQ?oc=5,,12,E,BRUIT,False,Géopolitique majeure,conflict,porte régionale: aucun ancrage régional,0,0,0,0,5,7,,absent,citoyen_ordinaire,aucun,False,navigation,10,False,True,pertinent
2026-09-02T20:00:11+00:00,Human Rights Watch — français,Droits humains & presse,États-Unis : Un an depuis le début des exécutions extrajudiciaires maritimes,https://news.google.com/rss/articles/CBMiswFBVV95cUxQWk56c3haWjc3akRYbG9CMm1GUmw5LVRIODZDVVVKR0V2a2U2aWRFdDkwRXhjQkRJa1NJS3dtaWRFcl92UlZPMkhWUHJVandPam94dlFyekhaSDR3M25zX09QOC1CMG9KVncxc3JWS3pqTFN3Mm90SXVZUW4tcFNodE9TQ25mZmJ2bzF3cW5ZSnFfNFpUc2MzRmwtYkllekwzaXAxYW45T1R3Um1TeDloM2o0NA?oc=5,,0,E,BRUIT,False,Faible priorité,,porte régionale: aucun ancrage régional,0,0,0,0,0,0,,absent,aucun,aucun,False,navigation,10,True,True,pertinent
2026-09-02T13:52:35+00:00,Amnesty International — français,Droits humains & presse,Tunisie. Dernier recours judiciaire permettant d’annuler les condamnations dans le cadre de l’affaire inique dite « du complot »,https://www.amnesty.org/fr/latest/news/2026/09/tunisia-final-judicial-avenue-to-overturn-convictions-in-unjust-conspiracy-case/,,11,E,BRUIT,False,Faible priorité,droits humains; procès équitable; emprisonnement; détenu,porte régionale: aucun ancrage régional,0,0,4,4,3,0,,absent,avocat,aucun,False,evenement_date,11,True,True,pertinent
2026-09-02T11:10:36+00:00,Human Rights Watch — russe,Droits humains & presse,В Казахстане дело лишенного сана священника передано в суд,https://news.google.com/rss/articles/CBMikwFBVV95cUxNQnFaSF9paUptZkphdm1zS3lLcm55SUp6bllPd3F2Y3htdGVVaUVUSl94YkRDOUM3eVlPZGlQaGhLNEtkQ3h1U0JUc3YxcV9hUnIxR0FqazVrNkFURzhmZ3dSRV9VejdESEVRb0ZneWNyQTl1Zm5qN01IMWJJSUkwQkVQbnZBZHdGTnBmdG1ldnJkaTg?oc=5,,7,E,BRUIT,False,Faible priorité,казахстан; казах; суд,"Asie centrale: казахстан, казах; plafond V9: aucun ancrage HR principal",12,0,0,0,0,0,kazakhstan,sujet_principal,aucun,aucun,False,navigation,11,True,True,pertinent
2026-09-02T04:00:01+00:00,Human Rights Watch — français,Droits humains & presse,« Nous vivons en sursis »: Répression de la société civile en Tunisie | HRW,https://news.google.com/rss/articles/CBMiqAFBVV95cUxNZ0tWSW04eW9Mek5wVWtiZFdvbTgwS054cThEV1FzSFZEV2RUR041cG1ReWhfWElIWFNSZHJpUXBIMHdmN0w1b2hlNW8zNnVQajQ4QV9RU0xhYm1tM05FTHE2WU04YllGT0lhMnZlWFBpejF1WmJwNl9aUnlLSFNURjFMVGpPaEZlcWRnbmtFZHNCdkNjVkF4VWR5VmNkY0ZZS3JIbkh1ZlQ?oc=5,,2,E,BRUIT,False,Faible priorité,répression,porte régionale: aucun ancrage régional,0,0,2,0,0,0,,absent,aucun,pression_administrative,False,navigation,11,True,True,pertinent
2026-09-01T07:00:00+00:00,AP News — Kyrgyzstan,Médias indépendants,Leaders gather for Shanghai Cooperation Organization summit in Kyrgyzstan,https://news.google.com/rss/articles/CBMiywFBVV95cUxNUVNuaXVJNlZyTDR3OWs0Vjd0bllGZXd4eWNVbVlOaXl5TjJiSlFMXzdHNW1fTmR5UHA1UUdHUFJab2FLZW15UlllNXNvcW42NnpBZ0d2SzFZblJRN3pBam5YY2FLbV9tLWV2alplenZQeENpOVJ0d1ZRQ3p3dmg3eUJmeUFWbzNwYU43M2dxSEVwTDQ5akhHdTRzUWlzZmhYRFhGLW5ITmJWOUJBYlhFU3NNSE5JRU5jcjdOX01jMjVJVEU3QlAzR0FUNA?oc=5,,4,E,BRUIT,False,Économie / géopolitique ordinaire,kyrgyzstan; summit,Asie centrale: kyrgyzstan; géopolitique / économie ordinaire; plafond V9: aucun ancrage HR principal,12,0,0,0,0,2,kirghizistan,sujet_principal,aucun,aucun,False,navigation,12,False,True,pertinent
2026-09-01T07:00:00+00:00,AP News — Kyrgyzstan,Médias indépendants,"US and Iran trade strikes, and other Mideast news",https://news.google.com/rss/articles/CBMixgFBVV95cUxQdlc2ODRWbzc4Ujc2bkpMYWU2dGtJU3JNdk1UeHhYbThocGhLbG9WdDVGd3JpdlIxLUNRZFhWZU80TXhRMWk2RFVaYmVwRXhVdG9fcUl3Zk5Pd0Q1SHpzT0w1aURMQVVxUURyR2lZYTZGbjNfT18yTlBMRml2bTZGM3dDaWNKNmNfelRuLXlsWmw1SlIwNHY0c3ljY2cwc0pma0tId2VtUjBpVWQ4OE5TeE90QVFrWFI5UTZ5eV9HeWhVQ09WUGc?oc=5,,12,E,BRUIT,False,Géopolitique majeure,iran; trade,porte régionale: aucun ancrage régional,0,0,0,0,5,7,iran,sujet_principal,aucun,aucun,False,navigation,12,False,True,pertinent
2026-09-01T07:00:00+00:00,OHCHR,Droits humains & presse,"A/HRC/63/23: Fuelling Sudan’s conflict: weapons, fighters and external support networks - Report of the independent internatio",https://news.google.com/rss/articles/CBMizwFBVV95cUxNVXM3ZFoySjZRQVJnMjlfQnBvQVduMTVZREtxblZyUk5ZZWQ5UWhqcG9XTGZvbEJhLUhjdzQ0RmljTUJqQTB5c01qbjgzcWhURDNuVnQxTlVsOUZ1dmtNQXlodlMxMVlVUXg4R1BwblJoQnlYRlpwalY3V0haMDU2Yl9nWG9QTzhnVHJIZVVweWgzQndDcW12U3lVRkZlYnhnNGFoTFotX3o5bmZhT2RmWmxUV2NjS0xXWU10S2JKT0FFZDViNzFKaEEyc1BlNzQ?oc=5,,12,E,BRUIT,False,Géopolitique majeure,conflict,porte régionale: aucun ancrage régional,0,0,0,0,5,7,,absent,aucun,aucun,False,navigation,12,False,True,pertinent
2026-09-01T07:00:00+00:00,CIDCA (Chine),Médias officiels (contrepoint),Full text of Chinese President Xi Jinping's speech at 26th Meeting of Council of Heads of State of SCO,https://news.google.com/rss/articles/CBMiW0FVX3lxTE1PYzJYRUlhVm1jaDdaaGx4Q2dyMUptWk94S0R6ck05alZZN1FESUJqb1pPZ1FzY1FLUE9ZWmFYUUEydjRqSDJhUHcxcFAtUlhQWFR2UkhxV3llcGc?oc=5,,0,E,BRUIT,False,Politique intérieure,president; meeting,géopolitique / économie ordinaire; porte régionale: aucun ancrage régional,0,0,0,0,2,2,,absent,aucun,aucun,False,navigation,12,False,True,pertinent
2026-09-01T03:54:34+00:00,CIDCA (Chine),Médias officiels (contrepoint),CIDCA chairman meets speaker of Congress of Micronesia,https://news.google.com/rss/articles/CBMiW0FVX3lxTE5tRkFlRXAxRnJUc2V5djhyMEJLRXJkamdEenFxNUxMRmhmWGlPZXpjeHNiUDZCUThUUmxfU1NUUjFzYlJwU3d6UUZORGM2a1pzaXBaS0JGUnVQQ3M?oc=5,,0,E,BRUIT,False,Faible priorité,,porte régionale: aucun ancrage régional,0,0,0,0,0,0,,absent,aucun,aucun,False,navigation,12,False,True,pertinent
2026-08-31T21:14:47+00:00,Al Jazeera — Kyrgyzstan,Médias indépendants,"Putin, Xi reaffirm Russia-China ties amid ‘unpredictable’ world",https://www.aljazeera.com/news/2026/8/31/putin-and-xi-affirm-strategic-alliance-amid-unpredictable-world,,15,E,BRUIT,False,Géopolitique majeure,kyrgyzstan; kyrgyz; bishkek; china; russia,plafond V9: aucun ancrage HR principal,0,0,0,0,5,10,"russie, kirghizistan, iran, afghanistan",sujet_principal,aucun,aucun,False,evenement_date,12,False,True,pertinent
2026-08-31T09:07:15+00:00,Al Jazeera — Kazakhstan,Médias indépendants,Kazakhstan’s Tokayev appoints longtime adviser as vice president,https://www.aljazeera.com/news/2026/8/31/kazakhstans-president-taps-longtime-adviser-for-vice-president-role,,17,E,BRUIT,False,Politique intérieure,kazakhstan; central asian; kazakh; astana; court; constitution; president,Asie centrale: kazakhstan; géographie confirmée dans le corps; plafond V9: aucun ancrage HR principal,15,0,0,0,2,0,"kazakhstan, autre, russie",sujet_principal,aucun,aucun,False,evenement_date,13,False,True,pertinent
2026-08-31T08:47:03+00:00,Al Jazeera — Kyrgyzstan,Médias indépendants,"Xi, Modi and Putin attend SCO summit: What’s on the agenda?",https://www.aljazeera.com/news/2026/8/31/xi-modi-and-putin-set-to-meet-for-sco-summit-whats-on-the-agenda,,0,E,BRUIT,False,Économie / géopolitique ordinaire,kazakhstan; uzbekistan; kyrgyzstan; tajikistan; kyrgyz; bishkek; summit,géopolitique / économie ordinaire; plafond V9: confirmation HR dans le body,0,0,0,0,0,2,"kazakhstan, ouzbekistan, kirghizistan, tadjikistan, iran, afghanistan, russie",mention_secondaire,aucun,aucun,False,evenement_date,13,False,True,pertinent
2026-08-31T07:00:00+00:00,AP News — Kyrgyzstan,Médias indépendants,"Leaders of China, Russia and India are among heads of state meeting to counter US influence",https://news.google.com/rss/articles/CBMisgFBVV95cUxQLVhWWGlhWk5tVjFtTjE5MWF1MU5sSkh0cFZld011VW9PM3d5Z2dPREh5cFM1MThGdF9Fb0lXTXE3OUdfMnRtUFBqd0VVN1BjN2dTY2tnQVFUelRwcFJHTU9VVTBiTmJUamtnejJfQnZLcWVaSjZNT1RTWkVnM09RTm13dks5bWt2QXlSdVI0WWQ2ajBXLW5mX3NNalo5YlhTQmR4cXA3aFVzdkRrMEFSZDBn?oc=5,,2,E,BRUIT,False,Géopolitique majeure,china; russia; meeting,géopolitique / économie ordinaire; porte régionale: aucun ancrage régional,0,0,0,0,5,7,russie,sujet_principal,aucun,aucun,False,navigation,13,False,True,pertinent
2026-08-31T07:00:00+00:00,AP News — Kyrgyzstan,Médias indépendants,Chinese President Xi welcomed by Kyrgyzstan counterpart in Bishkek,https://news.google.com/rss/articles/CBMiwgFBVV95cUxOelJlZTJ1dVFJbTRENzA4c08xNUdfcHpTajVKSW1JVnU2Y3VxNVNpeFp1dk0zU0ZCdUYwSWRtUUJsZWV5SUkzNUR0OGhOUHd0Y2diLXE4bF83OVl6RFNyRlRUNzJfV0FkSXFfSTZGZ2hlSU5jVXJEYzJCemk0NWt5MnpmU3dlbDRreFgtYXc5SWV5YW82Vk5VLVNCYk96S0tvRE5LU0VRa3ZqN2FtQVA2aGM2SURLbzZYNGlqZ2NTNWJIZw?oc=5,,14,E,BRUIT,False,Politique intérieure,kyrgyzstan; bishkek; president,"Asie centrale: kyrgyzstan, bishkek; plafond V9: aucun ancrage HR principal",12,0,0,0,2,0,kirghizistan,sujet_principal,aucun,aucun,False,navigation,13,False,True,pertinent
2026-08-31T07:00:00+00:00,World Uyghur Congress,Droits humains & presse,The WUC Calls for Action on the Fourth Anniversary of the OHCHR Report on East Turkistan,https://news.google.com/rss/articles/CBMiwAFBVV95cUxOcGxobkEtenJoRk12VTRhamx5VGpfaERMWlN4V2FOSzB3anF6MHNjcEpnN0E2el9FNU4tRXFBalJzZkI1VmdGcTQ0ekwza1M5cURIVVBHd2EtMU9rZk13b010NlF4SVFQV3drLVpDdkVIcU9JRDdoV0dZYWU4ZndrMzlVd1RXSDcwU3NWTENPOWxGWVl5aUhVamY2XzNpVTFWSGVYdzNUVXdzVlpaMkpXb1pvR2pWaXA1VGpvaWR2MG8?oc=5,,0,E,BRUIT,False,Histoire / culture / contexte,anniversary,histoire / culture; porte régionale: aucun ancrage régional,0,0,0,0,0,0,,absent,aucun,aucun,False,navigation,13,False,True,pertinent
2026-08-31T04:18:23+00:00,Al Jazeera — Kyrgyzstan,Médias indépendants,"Russia, China leaders to meet at Shanghai Cooperation Organisation summit",https://www.aljazeera.com/news/2026/8/31/russia-china-leaders-to-meet-at-shanghai-cooperation-organisation-summit,,27,E,FAIBLE,False,Répression / droits humains,kyrgyzstan; kyrgyz; bishkek; intimidation; china; russia; summit,plafond V9: aucun ancrage HR principal,0,0,11,0,6,10,"russie, kirghizistan, iran",sujet_principal,aucun,pression_administrative,False,evenement_date,13,False,True,pertinent
2026-08-30T07:00:00+00:00,TASS — russe,Médias officiels (contrepoint),В деревне Янгранур Советского района реконструировали памятное место — читать подробности,https://news.google.com/rss/articles/CBMizAFBVV95cUxQVWtRVHRmdFVKVXlMMzVObE5ydmRjYzJQdkFkS29OTDhGRmFteTdncWp2OC1EdWk0Tk83VEV5U0loMUF6Snh1R1Z4cTRKMlR2Qko4eWp6c2Nia3hVclFvN0JmRmNNZ1JtRndySVpzazlleTFaNXJYaGEzZnJydHNaZWI0UVVYRXZZYUIyT2YtZGdiZDROQ2VhcEc2STlZMkowT3N1eHAzRk16enEwVTZBWGhVdkFhUmY1QkJ5UmlHcFA3SU1ObzhTSkN3TmE?oc=5,,0,E,BRUIT,False,Faible priorité,,porte régionale: aucun ancrage régional,0,0,0,0,0,0,,absent,aucun,aucun,False,navigation,14,False,True,pertinent
2026-08-26T22:14:00+00:00,Amnesty International — russe,Droits humains & presse,США: сделка Meta на 18 млрд долларов по иску о защите детей от соцсетей должна привести к масштабной реформе для защиты несовершеннолетних в интернете,https://www.amnesty.org/ru/latest/news/2026/08/usa-metas-18-billion-settlement-should-be-a-turning-point-that-leads-to-sweeping-social-media-reforms-to-protect-children-online/,,12,E,BRUIT,False,Géopolitique majeure,обвинения; сша,porte régionale: aucun ancrage régional,0,0,0,0,5,7,,absent,aucun,condamnation,False,evenement_date,17,True,True,pertinent
2026-08-26T10:29:46+00:00,Al Jazeera — Kyrgyzstan,Médias indépendants,"China’s Xi to visit Kyrgyzstan, Egypt",https://www.aljazeera.com/news/2026/8/26/chinas-xi-to-visit-kyrgyzstan-egypt,,20,E,FAIBLE,False,Géopolitique majeure,kyrgyzstan; kyrgyz; bishkek; china; visit,Asie centrale: kyrgyzstan; géographie confirmée dans le corps; géopolitique / économie ordinaire; plafond V9: aucun ancrage HR principal,15,0,0,0,5,10,"kirghizistan, iran, russie",sujet_principal,aucun,aucun,False,evenement_date,18,False,True,pertinent
2026-08-26T07:05:00+00:00,Vlast — russe,Médias indépendants,"Нефтяной обход Душанбе–Тегеран: новая энергетическая дилемма Центральной Азии Столкнувшись с перебоями в поставках из России и экономической блокадой со стороны США, Таджикистан тестирует новый топливный коридор через Иран и Китай.",https://vlast.kz/politika/70596-neftanoj-obhod-dusanbe-tegeran-novaa-energeticeskaa-dilemma-centralnoj-azii.html,,27,E,FAIBLE,False,Géopolitique majeure,таджикистан; душанбе; таджик; казахстан; казах; китай; сша; иран,"Asie centrale: таджикистан, душанбе, таджик; géographie confirmée dans le corps; plafond V9: confirmation HR dans le body",15,0,0,0,5,7,"tadjikistan, iran, kazakhstan, afghanistan",sujet_principal,aucun,detention,False,evenement_date,18,True,True,pertinent
2026-08-25T13:07:56+00:00,Turkmen.News,Droits humains & presse,Снесённый в Ашхабаде участок принадлежал президентскому кузену. Его главного арендатора задержали с наркотиками,https://turkmen.news/2026/08/25/snesyonnyy-v-ashkhabade-uchastok-prinadlezhal-prezidentskomu-kuzenu-ego-glavnogo-arendatora-zaderzhali-s-narkotikami/,,23,E,FAIBLE,False,Répression / droits humains,ашхабад,Asie centrale: ашхабад,12,0,5,0,6,0,turkmenistan,sujet_principal,aucun,detention,False,evenement_date,19,True,True,pertinent
2026-08-25T09:02:20+00:00,Turkmen.News,Droits humains & presse,В Туркменабаде покупатели возмутились ценами на мясо. Их задержали спецслужбы,https://turkmen.news/2026/08/25/v-turkmenabade-pokupateli-vozmutilis-cenami-na-myaso-ih-zaderzhali-specsluzhby/,,23,E,FAIBLE,False,Répression / droits humains,туркмен; спецслужбы,Asie centrale: туркмен,12,0,5,0,6,0,turkmenistan,sujet_principal,aucun,detention,False,evenement_date,19,True,True,pertinent
2026-08-25T07:00:00+00:00,Human Rights Watch — français,Droits humains & presse,Europe/Asie centrale | Country Page | World,https://news.google.com/rss/articles/CBMiVkFVX3lxTE1RajFBaG44RldTS2ExS3dKdFlPLVAteGItV1k5OFJ3Z3g4c0JLWXhlZVZzRFB5VmFDaFVPTlFJVlV3VjVPTnBqZEtxYlItYkRlZ2RRbkFn?oc=5,,12,E,BRUIT,False,Faible priorité,asie centrale,Asie centrale: asie centrale; plafond V9: aucun ancrage HR principal,12,0,0,0,0,0,autre,sujet_principal,aucun,aucun,False,navigation,19,True,True,pertinent
2026-08-24T10:11:19+00:00,Al Jazeera — Kazakhstan,Médias indépendants,Ukraine’s offensive against Russia causes petrol panic across Central Asia,https://www.aljazeera.com/news/2026/8/24/ukraines-offensive-against-russia-causes-petrol-panic-across-central-asia,,27,E,FAIBLE,False,Géopolitique majeure,central asia; central asian; kazakhstan; uzbekistan; kyrgyzstan; tajikistan; turkmenistan; kazakh; uzbek; kyrgyz; almaty; tashkent; russia; ukraine,Asie centrale: central asia; géographie confirmée dans le corps; plafond V9: confirmation HR dans le body,15,0,0,0,5,7,"autre, russie, kazakhstan, ouzbekistan, kirghizistan, tadjikistan, turkmenistan, iran",sujet_principal,aucun,aucun,False,evenement_date,20,False,True,pertinent
2026-08-24T08:29:54+00:00,Al Jazeera — Kazakhstan,Médias indépendants,Kazakhstan’s newly formed pro-government party wins parliamentary election,https://www.aljazeera.com/news/2026/8/24/kazakhstans-newly-formed-pro-government-party-wins-parliamentary-election,,24,E,FAIBLE,False,Politique intérieure,kazakhstan; central asia; central asian; almaty; astana; journalists; court; constitution; government; parliamentary; election,Asie centrale: kazakhstan; géographie confirmée dans le corps; plafond V9: aucun ancrage HR principal,15,7,0,0,2,0,"kazakhstan, autre, iran, russie",sujet_principal,journaliste,aucun,False,evenement_date,20,False,True,pertinent
2026-08-23T07:38:42+00:00,Al Jazeera — Kazakhstan,Médias indépendants,Polls close in Kazakhstan parliamentary elections; vote count under way,https://www.aljazeera.com/news/2026/8/23/kazakhstan-holds-parliamentary-election-expected-to-cement-presidents-grip,,26,E,FAIBLE,False,Politique intérieure,kazakhstan; central asian; almaty; journalists; independent journalists; media freedom; charges; arrest; parliamentary; elections,Asie centrale: kazakhstan; géographie confirmée dans le corps; plafond V9: confirmation HR dans le body,15,7,0,2,2,0,"kazakhstan, autre, iran, russie",sujet_principal,journaliste,detention,True,evenement_date,21,False,True,pertinent
2026-08-20T13:21:30+00:00,OHCHR,Droits humains & presse,Homepage | HRC / UPR,https://news.google.com/rss/articles/CBMiTEFVX3lxTE0wS19STVE5TlNWT0JmbzhoWGZWTEV0a1lUZllpUm1Pc0VaSE5pVlRQcEVWdGU5Y3YxVlEyMko1MENPM1VUakhOeEc1bW0?oc=5,,0,E,BRUIT,False,Faible priorité,,porte régionale: aucun ancrage régional,0,0,0,0,0,0,,absent,aucun,aucun,False,navigation,24,False,True,pertinent
2026-08-20T10:14:30+00:00,Al Jazeera — Uzbekistan,Médias indépendants,Taliban secures pragmatic global alliances without formal recognition,https://www.aljazeera.com/economy/2026/8/20/taliban-secures-pragmatic-global-alliances-without-formal-recognition,,12,E,BRUIT,False,Géopolitique majeure,central asia; central asian; uzbekistan; turkmenistan; taliban,plafond V9: aucun ancrage HR principal,0,0,0,0,5,7,"autre, ouzbekistan, turkmenistan, iran, afghanistan, russie",mention_secondaire,femme,aucun,False,evenement_date,24,False,True,pertinent
2026-08-20T07:00:00+00:00,Human Rights Watch,Droits humains & presse,West Bank: Israel-Backed Settler Violence Drives Displacement,https://news.google.com/rss/articles/CBMinAFBVV95cUxNTmM4ZVVJa044QjhMTkZDN0NGbmJLcWJhLWJ3QlBjNGJsY3dXV2hZdXhtb181YUZfM3BQX3plWWk4RDZNYzYyNlF4a0ZBb0d5b1dfQ3d2WnpSZU5nMDYwSkt3dnFpNnk1Z05jWlNjb09CQno5dm5TYktsSTlVaDZjQ3haNFBnWUxLQmY2bXhVSDdGTkF5NVFzb1FmdTA?oc=5,,0,E,BRUIT,False,Faible priorité,,porte régionale: aucun ancrage régional,0,0,0,0,0,0,,absent,aucun,aucun,False,navigation,24,True,True,pertinent
2026-08-20T07:00:00+00:00,Human Rights Watch — français,Droits humains & presse,Cisjordanie : Les violences des colons israéliens provoquent des déplacements d’habitants,https://news.google.com/rss/articles/CBMitAFBVV95cUxPRjdYRVE4dkNrLXd5QU5CRmV0THpIX1Fuam1NWGpuY0VLaWlkSHAtb1g2YWRkZjhCUkpDMFBEdHdZY05EbzRRUUVJblJpUWFXVFBkdjFKOUswZjEyc0x0V0dwbk9RdXp3dFFiNU1HenNJRVJxN2ljQkZXQWtvR3JEalZ0RmRWN0VJRXM4dkxWMS16VHpqSEpxTXdQcFVreGY1d2NIRTgzZlBod0xQVy1jMDNiWjA?oc=5,,0,E,BRUIT,False,Faible priorité,,porte régionale: aucun ancrage régional,0,0,0,0,0,0,,absent,aucun,aucun,False,navigation,24,True,True,pertinent
2026-08-19T23:51:26+00:00,Sputnik,Médias officiels (contrepoint),- arabic.sputniknews.com,https://news.google.com/rss/articles/CBMiZEFVX3lxTE85V2VpTTdOcGVtSUdZc0tMUzlreXgwc1UzTzFVRkp5d2Q5ZnFodVBUcW1GczBPMjhfdEw1Z08tVXdGX2RlVUREel9QeU5oWUJuSlQzbUdrN0p0LVU0d1ozeXBJNHM?oc=5,,0,E,BRUIT,False,Faible priorité,,porte régionale: aucun ancrage régional,0,0,0,0,0,0,,absent,aucun,aucun,False,navigation,24,False,True,pertinent
2026-08-19T10:10:23+00:00,CIDCA (Chine),Médias officiels (contrepoint),CIDCA chairman signs development cooperation documents with Ecuador's FM,https://news.google.com/rss/articles/CBMiW0FVX3lxTFBXZEd5dEtlTVIxcEkwWkdlZjdKSXBLTFB4X0todk1WQVM0X21kS2Uxb08zdDJWWUNaUDR0ZVAtd2dtTjZuVTBUemZPOTcyVDVjTWJTRkQtSk5raTQ?oc=5,,0,E,BRUIT,False,Faible priorité,development,porte régionale: aucun ancrage régional,0,0,0,0,0,0,,absent,aucun,aucun,False,navigation,25,False,True,pertinent
2026-08-19T03:20:28+00:00,OHCHR,Droits humains & presse,CERD - ohchr.org,https://news.google.com/rss/articles/CBMiVkFVX3lxTE0tT1JQaGdqSWVsdTRNQ3ZrcTJ6Rnlaa1hQRldvQlNMUFhOOUpMWDJkNlVDUm44bjk0ZXdhblVKVVlVbmhGbGF2Uk5ZVUlMdTdtZGNsbnJn?oc=5,,0,E,BRUIT,False,Faible priorité,,porte régionale: aucun ancrage régional,0,0,0,0,0,0,,absent,aucun,aucun,False,navigation,25,False,True,pertinent
2026-08-18T11:25:23+00:00,Turkmen.News,Droits humains & presse,"Президент Туркменистана сменил хякима этрапа Аваза, управляющего курортной зоной",https://turkmen.news/2026/08/18/prezident-turkmenistana-smenil-hyakima-etrapa-avaza-upravlyayushego-kurortnoy-zonoy/,,14,E,BRUIT,False,Politique intérieure,туркменистан; туркмен; президент,"Asie centrale: туркменистан, туркмен; plafond V9: aucun ancrage HR principal",12,0,0,0,2,0,turkmenistan,sujet_principal,aucun,aucun,False,evenement_date,26,True,True,pertinent
2026-08-18T07:00:00+00:00,International Crisis Group,Sécurité & géopolitique (think tanks),Golan Heights and South/West Syria,https://news.google.com/rss/articles/CBMiswFBVV95cUxOU0ZnS2xlc1RxZ1F5U2dDeHhhZjQwaGUwc3lUd0pKVXBKS2tuNlBjWGpTdl94SVFacGlPRFhKem1JcHBPZUw5a2dkZmxJOEI2d29EdEtrSDFLdk9UZ3hCWUF2U3g1VWpsOVZkeXRMM2FjOTJFUmJjQ2NsR0dZYjBNZUJHNnhBd3hoazlBLUZVRTNTc3RGT0hzVUNSZzh3STV2MElUTWlyc1poUWFRbmpPWHZGNA?oc=5,,0,E,BRUIT,False,Faible priorité,,porte régionale: aucun ancrage régional,0,0,0,0,0,0,,absent,aucun,aucun,False,navigation,26,False,True,pertinent
2026-08-12T07:00:00+00:00,AP News — Turkmenistan,Médias indépendants,Afghanistan’s Taliban rulers detain two members of the UN political mission,https://news.google.com/rss/articles/CBMiwgFBVV95cUxOQ3pGQzN0VDNGaTZmLUxPNEFaOFlEeGNYZm5yR2VzNXJIY0k0WXpHR3hhS3FoZ1hfSllmTWkzRHhXSmJyLVRkUzBlYzBCMDZGcmdXc3hjRE9Fd2tXUzlpeVprRjJtNnppYkdFNGx2bVh3M0I4bjVENXVCdDYtX0I1a0ctc1V2YUpfa3BLUXRwelhHaHRGQUpMcW4xdUltQjZNanQyTk5kV0NzdFRWUjNjcmVtbkJOdUZzM21QbWpJQ1Q2UQ?oc=5,,12,E,BRUIT,False,Géopolitique majeure,afghanistan; taliban,porte régionale: aucun ancrage régional,0,0,0,0,5,7,afghanistan,sujet_principal,aucun,aucun,False,navigation,32,False,True,pertinent
2026-08-12T07:00:00+00:00,CIDCA (Chine),Médias officiels (contrepoint),CIDCA spokesperson: China ready to provide humanitarian quake relief assistance to Colombia,https://news.google.com/rss/articles/CBMiW0FVX3lxTE90c3BfQVI5dVB5eEpjTGVXRnpEREhIQlJxRGxSM2xoekt0NXdTR0VMU1VYM2doQl9meUhkZFdPanZaQ2ZyOUxWY05PYkdQM0wwdndTZWhxVkZsc00?oc=5,,12,E,BRUIT,False,Géopolitique majeure,china,porte régionale: aucun ancrage régional,0,0,0,0,5,7,,absent,aucun,aucun,False,navigation,32,False,True,pertinent
2026-08-11T07:00:00+00:00,AP News — Tajikistan,Médias indépendants,"2.4 million Afghan girls shut out of secondary school 5 years after Taliban takeover, UN says",https://news.google.com/rss/articles/CBMitAFBVV95cUxQUmhveGxWMjhhUXd6ckJIN0ZrOG9ObVVITWY3Qkx6XzBwRTZQaDM2R2I0UlpGdlh2eFBTQXcxVnY5bEZDbXZNOTN0Y2hlTEhBM2Vydk95QUUwUzRoWk5ySDZfUXl2TlUzcWxuNVlBd3A3VlFoMTNRWUJWNDJybWpub1hobWd0TW9uTHB5Z29wVTAwN3c5aWZ0Rm93VW5jVHVHQXo2ZTBEZzZjaHJfVHlQeE1VMEk?oc=5,,12,E,BRUIT,False,Géopolitique majeure,taliban,porte régionale: aucun ancrage régional,0,0,0,0,5,7,,absent,femme,aucun,False,navigation,33,False,True,pertinent
2026-08-06T07:00:00+00:00,CIDCA (Chine),Médias officiels (contrepoint),CIDCA vice-chairman meets IOM deputy director general,https://news.google.com/rss/articles/CBMiW0FVX3lxTE9xX09KRGR2X2dhd1lCWWVROEhtSHJIU0xhVWZmUDRYT0lxdkJOR1RzaVMtRlNSSUlHWm03RW9qTWpHUDFodVNneGFQODdXWmlVZWxuTzhGeXgyb0E?oc=5,,0,E,BRUIT,False,Faible priorité,,porte régionale: aucun ancrage régional,0,0,0,0,0,0,,absent,aucun,aucun,False,navigation,38,False,True,pertinent
2026-08-05T07:00:00+00:00,CIDCA (Chine),Médias officiels (contrepoint),CIDCA vice-chairman addresses Workshop on High-Quality Development of Maritime Economy,https://news.google.com/rss/articles/CBMiW0FVX3lxTE8xcF8tY0FudjRZbnI5eVJjQ2l4SGRnTlhic2loMldXTlVmNmQ0eTlLWld0MU4tRU1PaGd2OHZSYTRjRm1FQThHZTlkd0Vwd29idlp4Q19GU2k2VHM?oc=5,,0,E,BRUIT,False,Faible priorité,development,porte régionale: aucun ancrage régional,0,0,0,0,0,0,,absent,aucun,aucun,False,navigation,39,False,True,pertinent
2026-08-04T09:09:47+00:00,Turkmen.News,Droits humains & presse,США закрепили и повысили визовый залог для граждан Туркменистана и ещё 49 стран,https://turkmen.news/2026/08/04/ssha-zakrepili-i-povysili-vizovyj-zalog-dlya-grazhdan-turkmenistana-i-eshyo-49-stran/,,24,E,FAIBLE,False,Géopolitique majeure,туркменистан; туркмен; сша,"Asie centrale: туркменистан, туркмен; plafond V9: aucun ancrage HR principal",12,0,0,0,5,7,turkmenistan,sujet_principal,aucun,aucun,False,evenement_date,40,True,True,pertinent
2026-08-03T07:00:00+00:00,CIDCA (Chine),Médias officiels (contrepoint),GDI International Media Youth Training Program concludes in Beijing and Hainan,https://news.google.com/rss/articles/CBMiW0FVX3lxTE1SNnlEUVd3cmdoMnZ1alhZTlJOYkVsVG0yYUtSLU1WVGJ4QVdKRXhqQjJBRTk5T2h0M1c5T25ubElHdGZKVjVfeWFQb0d2Q0JYSmZnVW5vV3JKMms?oc=5,,0,E,BRUIT,False,Faible priorité,,porte régionale: aucun ancrage régional,0,0,0,0,0,0,,absent,aucun,aucun,False,navigation,41,False,True,pertinent
2026-08-03T07:00:00+00:00,CIDCA (Chine),Médias officiels (contrepoint),CIDCA vice-chairman meets Kenya's principal secretary for foreign affairs,https://news.google.com/rss/articles/CBMiW0FVX3lxTFBLbzI4VnVER2JISFo2SXlYYzVlS3FGbHE3V2YtY24zYkU3NFk3ZkFtVGtnMjdjMDZxVFdpNGIyamliTEF6X1U3b0hkRFpiOHdFWFQ2eDkyazlMZEk?oc=5,,0,E,BRUIT,False,Faible priorité,,porte régionale: aucun ancrage régional,0,0,0,0,0,0,,absent,aucun,aucun,False,navigation,41,False,True,pertinent
2026-07-30T23:16:38+00:00,OHCHR,Droits humains & presse,2027 OHCHR Indigenous Fellowship Programme (IFP),https://news.google.com/rss/articles/CBMiUEFVX3lxTE9mQlk1TXd6dFNHMXF5TmVxSFZsMVVQZ0VIT3dteGFpYW82UE1rRGRiOFREakRNS1ZtTk53S1N2NDVvMExESkpWTnQwVWxwUGlY?oc=5,,0,E,BRUIT,False,Faible priorité,,porte régionale: aucun ancrage régional,0,0,0,0,0,0,,absent,aucun,aucun,False,navigation,44,False,True,pertinent
2026-07-30T09:21:36+00:00,CIDCA (Chine),Médias officiels (contrepoint),CIDCA vice-chairman meets deputy PM of Republic of the Congo,https://news.google.com/rss/articles/CBMiW0FVX3lxTE9uVHgxWXk0d2dwajFXejdjeC02SXdpbVYxYWlUR0lVMnAzMFBFOXQ5bjEwdHBfa1lzNGtLaVo0VW5JX05VQTdMeExSMDRqd1QxcTFEOHlPQjJ2NHM?oc=5,,5,E,BRUIT,False,Faible priorité,,porte régionale: aucun ancrage régional,0,5,0,0,0,0,,absent,aucun,aucun,False,navigation,45,False,True,pertinent
2026-07-26T07:00:00+00:00,AP News — Kazakhstan,Médias indépendants,"NASA astronauts and Roscosmos cosmonauts return to Earth, landing in Kazakhstan",https://news.google.com/rss/articles/CBMi0gFBVV95cUxOcVAxMmY3U0lpd3RMX0NyS20teTFTOFY4Tk1zeDJhS2NTRWp0M2JHUkstcjRRQ2JwSXY5azk0UW1uaWlubjl2R093bFptVVh4OXlzY242XzhuR18wcGt2Z1kzNFJJUGJFMFg4bGxSd0loSFVXMFFOZ0FRekJBa0lFMHA0WDNYc25zRWlXZFFHbk5kdVZzM3REbWhvNUxpYWlOVmRWLUVBWkNjblJFNG5hVVJyOFdyWXlTNzNYamRPclpNWDY4eGd1VlVJNVE1S3IyTGc?oc=5,,12,E,BRUIT,False,Faible priorité,kazakhstan,Asie centrale: kazakhstan; plafond V9: aucun ancrage HR principal,12,0,0,0,0,0,kazakhstan,sujet_principal,aucun,aucun,False,navigation,49,False,True,pertinent
2026-07-23T07:00:00+00:00,World Uyghur Congress,Droits humains & presse,The WUC commemorates the 12th anniversary of the Yarkand massacre with protests in Germany,https://news.google.com/rss/articles/CBMiwwFBVV95cUxORm42LXlHWEEtdHRLVGRWcTVUOHlaTEUxRVRUNC1ocE9VbG02SFNCX2tpNzBnXzhKNnItV1AxOUlRMXVzeGYtZHNURkFrMi1NTnQ5Mm01Yy1nakN6UVhWaFdudEo4M2VTWUQ4eHh3U0p0bDdfMU5xZGtVQnk4ZHV3bWR5S2ZVdDBSblcxUDY4WDAyVWp0QkxheVlaVjk4eHEtbVFkNzY3OUZySkowRTRua2NjZGRVMlRTZU00U1BHZkdnSk0?oc=5,,0,E,BRUIT,False,Politique intérieure,protests; anniversary,histoire / culture; porte régionale: aucun ancrage régional,0,0,0,0,2,0,,absent,aucun,aucun,False,navigation,52,False,True,pertinent
2026-07-23T00:00:00+00:00,Caspian Policy Center,Sécurité & géopolitique (think tanks),"azerbaijan Trans-Caspian Fiber Optic Cable — Unpacked The Trans-Caspian Fiber-Optic Cable, which will finally loosen Russia's grip on Central Asia's internet",https://www.caspianpolicy.org/research/azerbaijan/trans-caspian-fiber-optic-cable-unpacked,,30,E,FAIBLE,False,Géopolitique majeure,central asia; azerbaijan; central asian; kazakhstan; uzbekistan; turkmenistan; georgia; russia,Asie centrale: central asia; géographie confirmée dans le corps; plafond V9: aucun ancrage HR principal,15,0,0,0,5,10,"autre, azerbaidjan, russie, kazakhstan, ouzbekistan, turkmenistan, georgie",sujet_principal,aucun,aucun,False,evenement_date,52,False,True,pertinent
2026-07-21T07:00:00+00:00,World Uyghur Congress,Droits humains & presse,JOINT STATEMENT: 50+ UYGHUR GROUPS CALL FOR THE REPEAL OF THE ETHNIC UNITY LAW,https://news.google.com/rss/articles/CBMisAFBVV95cUxQRUFSQ2xDczVuYy1IbEhMNmY2UVVOcWRLWGJhdG9tSnIzSURiZ09MMGtUejhOUXJSRDJCSm92UTFaYnBmMWZOcXJxZXNteFVtRzFKZmlOb0RwZzBhSDB6dE9paWo3REROSENaRTJBNll2OVZRR1BtZV9UM1FBajMzbXg3UnZnZjUxZlU2S1V6ajZZYy1BMFcwMFdET010OU0yOXdxaUdzNEk5RlE0MXhnWg?oc=5,,12,E,BRUIT,False,Faible priorité,uyghur,Ouïghours: uyghur; plafond V9: aucun ancrage HR principal,12,0,0,0,0,0,xinjiang,sujet_principal,minorite_ethnique,aucun,False,navigation,54,False,True,pertinent
2026-07-20T07:00:00+00:00,World Uyghur Congress,Droits humains & presse,Joint Submission to the United Nations Committee on the Rights of the Child (CRC),https://news.google.com/rss/articles/CBMitAFBVV95cUxNQTNmQUxkcEFqbWVVN2RqLVdycVM5SlozVXItdWx2dDE2Mmg1TGp0YjNzeHRqN2RxZ05tUTFTU0dUTG5tZFU1VmpGNnp3OWlIc0d4cndOMnBGalpfVU9KNUV2a2ZhZnE5Z0xsTUJtWi00LXVJWFRjV28xRENxblM4eE56SUxQQnhYbE5lbS0wMVpjQVlMc0NFWDB0OTVkSHd4RnhnMHZrUE1RbW9RUnU2a2haVzk?oc=5,,0,E,BRUIT,False,Faible priorité,,porte régionale: aucun ancrage régional,0,0,0,0,0,0,,absent,aucun,aucun,False,navigation,55,False,True,pertinent
2026-07-17T07:00:00+00:00,CIDCA (Chine),Médias officiels (contrepoint),CIDCA chairman visits Kyrgyzstan,https://news.google.com/rss/articles/CBMiW0FVX3lxTE9yQW15cEtnUHNFYU9kdGtMc2JmYVg2Q3VkWGpIQUE1bWpFeTlFZHFOc183ZU5jcUctX2NxTlRIMVR4Y3JjZzBnMWUtdnYzU0pMdHYwWm8xckFRVUE?oc=5,,12,E,BRUIT,False,Faible priorité,kyrgyzstan,Asie centrale: kyrgyzstan; plafond V9: aucun ancrage HR principal,12,0,0,0,0,0,kirghizistan,sujet_principal,aucun,aucun,False,navigation,58,False,True,pertinent
2026-07-16T07:00:00+00:00,Radio Free Asia — Uyghur (anglais),Médias indépendants,Chinese police arrest Uyghur sisters and mother in Urumqi for sending goods to Turkey,https://news.google.com/rss/articles/CBMipwFBVV95cUxPT2NoZ0dDLVZ5ZnczdTVtSGN3V3N0LU5pdFhmTEladGNTcGlVNkc3b2loVk8xNWhqcVY2cHFIalFfdkJMazVLZ1NtSExvTnVnMDNzMTJtRE1LZU1kTW9Fa3djNU9PQnJxQkNQOWNvTXVRWjd5Q3ByREMxbGdfRl9VRERJcEluRDhWQ2NpSFpENnpwRldsWFNFX3cyYmVDandDS3dwa24xbw?oc=5,,7,E,BRUIT,False,Faible priorité,uyghur; urumqi; arrest; police,"Ouïghours: uyghur, urumqi; plafond V9: aucun ancrage HR principal",12,0,0,0,0,0,xinjiang,sujet_principal,minorite_ethnique,detention,False,navigation,59,False,True,pertinent
2026-07-14T17:49:28+00:00,Al Jazeera — Kazakhstan,Médias indépendants,"US, Russian astronauts launch into orbit for joint space mission",https://www.aljazeera.com/news/2026/7/14/us-russian-astronauts-launch-into-orbit-for-joint-space-mission,,0,E,BRUIT,False,Faible priorité,kazakhstan,porte régionale: aucun ancrage régional,0,0,0,0,0,0,"kazakhstan, russie",mention_secondaire,aucun,aucun,False,evenement_date,61,False,True,pertinent
2026-07-14T07:00:00+00:00,CIDCA (Chine),Médias officiels (contrepoint),CIDCA chairman meets Solomon Islands FM,https://news.google.com/rss/articles/CBMiW0FVX3lxTE5SdW1EVGVvSGhpLUw2cmQwYmNkejZMZHU4d3JjZlRpazlCRXdoSWtPVDdjUWJRRnE2aGRPdEJQSlNvSmUyQnI5T0NVamp6eW9LZ0dYUnBXSE1EZnM?oc=5,,0,E,BRUIT,False,Faible priorité,,porte régionale: aucun ancrage régional,0,0,0,0,0,0,,absent,aucun,aucun,False,navigation,61,False,True,pertinent
2026-07-13T10:29:38+00:00,Turkmen.News,Droits humains & presse,Президент Туркменистана сменил четырёх хякимов и двух министров,https://turkmen.news/2026/07/13/prezident-turkmenistana-smenil-chetyryoh-hyakimov-i-dvuh-ministrov/,,17,E,BRUIT,False,Politique intérieure,туркменистан; туркмен; президент,"Asie centrale: туркменистан, туркмен; géographie confirmée dans le corps; plafond V9: aucun ancrage HR principal",15,0,0,0,2,0,turkmenistan,sujet_principal,aucun,aucun,False,evenement_date,62,True,True,pertinent
2026-07-10T13:50:56+00:00,Turkmen.News,Droits humains & presse,США поразили железнодорожный мост в Иране на маршруте Китай — Туркменистан — Иран,https://turkmen.news/2026/07/10/ssha-porazili-zheleznodorozhnyy-most-v-irane-na-marshrute-kitay-turkmenistan-iran/,,27,E,FAIBLE,False,Géopolitique majeure,туркменистан; туркмен; китай; сша; иран,"Asie centrale: туркменистан, туркмен; géographie confirmée dans le corps; plafond V9: aucun ancrage HR principal",15,0,0,0,5,7,"turkmenistan, iran",sujet_principal,aucun,aucun,False,evenement_date,65,True,True,pertinent
2026-07-08T07:00:00+00:00,Human Rights Watch — français,Droits humains & presse,Géorgie : De nouvelles lois portent un coup dévastateur aux organisations civiques indépendantes,https://news.google.com/rss/articles/CBMiuwFBVV95cUxNY0hHdTVNTnFaT2xlajFiT0tyOXB5TmRPYk1zX1hIa3l3UnUzbF9tYmdacTJVdFoxakRiUmlnbm53dnhEd1hacWNwQ0l4QllIMGJJWTFkWDYzY3RJajZ1a2Q5M1I0akRRZHhiMEhFOXlfZmxpeWJDcXNqVUZqQkJiUFl1S20wQ3hnQnFlVGRFYmpUZnM0azdfWFN5U0NWbmQ2UDRfcWtlOGR3akt1WFg0d2dvVlBjQzF1WWpn?oc=5,,12,E,BRUIT,False,Faible priorité,géorgie,Caucase: géorgie; plafond V9: aucun ancrage HR principal,12,0,0,0,0,0,georgie,sujet_principal,aucun,aucun,False,navigation,67,True,True,pertinent
2026-07-07T07:00:00+00:00,AP News — Kazakhstan,Médias indépendants,Kazakhstan’s top court rules that President Tokayev can seek another term,https://news.google.com/rss/articles/CBMiuAFBVV95cUxQXy1famRDUjQxWERaQ2FlWkNUaVp2ZlUtZkJKb3hJZzM3NHZJTzgwZzNnaDNORk4zSDNyci1RTktoLUpqOHhFUHNLU2swTDB1UkhUT2c5ZDNCd3Z1Y0paV3lyTVlvZ05QaWFCcmpfS0RsVnYtQWl3YW9nYmFXOW1pZTMtMXprWks1T1lkdTlvTmRrX3lCbEdvekZlTWUyYlRFUjV1RXpqbW82R2hoQ1NFbmJ2NGFjN2dE?oc=5,,14,E,BRUIT,False,Politique intérieure,kazakhstan; court; president,Asie centrale: kazakhstan; plafond V9: aucun ancrage HR principal,12,0,0,0,2,0,kazakhstan,sujet_principal,aucun,aucun,False,navigation,68,False,True,pertinent
2026-07-07T07:00:00+00:00,CIDCA (Chine),Médias officiels (contrepoint),CIDCA spokesperson: China's emergency humanitarian quake relief supplies arrive in Venezuela,https://news.google.com/rss/articles/CBMiW0FVX3lxTE05djE0Zy02dk1rTFFSaTNaeGN0WUhJNFlsV21Ja1M3LVZPMWFDNWE3ZXFaSHFrbzR0dW9jT0hnYmRMS1g0WXFNSzdLUGdhTFZEbWtIMF9mamxZY2c?oc=5,,12,E,BRUIT,False,Géopolitique majeure,china,porte régionale: aucun ancrage régional,0,0,0,0,5,7,,absent,aucun,aucun,False,navigation,68,False,True,pertinent
2026-07-06T07:00:00+00:00,CIDCA (Chine),Médias officiels (contrepoint),CIDCA spokesperson: China dispatches first shipment of additional emergency humanitarian quake relief assistance to Venezuela,https://news.google.com/rss/articles/CBMiW0FVX3lxTE1rMjhIWm52MDFxa2ZKZ05pcEF2T28xczNldDNOdFRRM0xMbE11T1JnMmlxdjFMN0g1WFVGcVZJRG1NdVRiOUdmUFlKSjd3SktCbTdqajJWZ24tX2s?oc=5,,12,E,BRUIT,False,Géopolitique majeure,china,porte régionale: aucun ancrage régional,0,0,0,0,5,7,,absent,aucun,aucun,False,navigation,69,False,True,pertinent
2026-07-03T09:07:45+00:00,Amnesty International — français,Droits humains & presse,Conditions d’utilisation du site Web,https://www.amnesty.org/fr/website-terms-of-use/,,7,E,BRUIT,False,Faible priorité,droits humains,porte régionale: aucun ancrage régional,0,0,0,4,3,0,,absent,aucun,aucun,False,evenement_date,72,True,True,pertinent
2026-07-02T07:00:00+00:00,Human Rights Watch — français,Droits humains & presse,Le retrait de trois pays du Sahel de la CPI trahit les victimes,https://news.google.com/rss/articles/CBMipAFBVV95cUxQMTRESENlRmRUdFBQbDFoUGZuZTI3aDlDLTRRQTFLNml3V2ZVdHJOb2RQc0VZNV8zTzlZaWpETmFhY29fRjVKdTRKQ2tTQjZtWWtvaW1xRzJtOWJJTDBEOV9pYUJSQU9haWVwbVV0a09JVkd3MWlIZkJCN3ZsZDhyNUU4OVpCd1MzWGUtVGtmSmdSVFktM1BueUZaUnRyQ3ZTWmxRZg?oc=5,,0,E,BRUIT,False,Faible priorité,,porte régionale: aucun ancrage régional,0,0,0,0,0,0,,absent,aucun,aucun,False,navigation,73,True,True,pertinent
2026-07-02T07:00:00+00:00,World Uyghur Congress,Droits humains & presse,Press Release: The World Uyghur Congress Joins Global Day of Action to Protest the Ethnic Unity Law,https://news.google.com/rss/articles/CBMizgFBVV95cUxQbXJsNWw4SURuSjRFQ09WaV9fUmUzWUxWRnVOS3VlWFlFNl9MZjFOZ0V3cTktMjRFdkVWbE5KaVYyT19uaklrdTd2ci1OMmd1dnJSc3JoYm84QXZ3ZER2VmJpcUVfd2tPRHZLNDJfd0pWYWFmVGZBem5ibTV0SnprRFgzQnBUUmpoUzBBVVBTNU1FeXNrTUZZZnh2ak9hbTJLdTJuMFV6czlxV19Nempic1prTUJmOHZjWnBqMUFXNjVKRXUtNGtITHZVODZKdw?oc=5,,14,E,BRUIT,False,Politique intérieure,uyghur; protest,Ouïghours: uyghur; plafond V9: aucun ancrage HR principal,12,0,0,0,2,0,xinjiang,sujet_principal,minorite_ethnique,aucun,False,navigation,73,False,True,pertinent
2026-07-01T07:00:00+00:00,CIDCA (Chine),Médias officiels (contrepoint),CIDCA chairman meets Cambodian deputy PM,https://news.google.com/rss/articles/CBMiW0FVX3lxTE9ZSE1ZRXpXek9GbUdJbEN6aTJlaVNBQTdPbUdVcjlwQkthZ1FLTVNpQW9qcTdhMW9rSjFpVl9hRWJFTGR1Q3BzckNPV0htSWxSY1Z5eXJYcENvbG8?oc=5,,0,E,BRUIT,False,Faible priorité,,porte régionale: aucun ancrage régional,0,0,0,0,0,0,,absent,aucun,aucun,False,navigation,74,False,True,pertinent
2026-07-01T07:00:00+00:00,CIDCA (Chine),Médias officiels (contrepoint),CIDCA holds Q2 2026 press conference (full text),https://news.google.com/rss/articles/CBMiW0FVX3lxTE1adDdTS3VZOTZDVVpiOUhDRloxRktIcF85SHVSY2hybUFEdTJhNmRFZEM3VnBSbUo0NkEwWW9JUzM1OHJvaGViOHlJUUpoVzR6QVd3T0pzdlBzY3c?oc=5,,0,E,BRUIT,False,Économie / géopolitique ordinaire,conference,géopolitique / économie ordinaire; porte régionale: aucun ancrage régional,0,0,0,0,0,2,,absent,aucun,aucun,False,navigation,74,False,True,pertinent
2026-06-30T07:00:00+00:00,CIDCA (Chine),Médias officiels (contrepoint),CIDCA spokesperson: China to provide more emergency humanitarian quake relief assistance to Venezuela,https://news.google.com/rss/articles/CBMiW0FVX3lxTE9VdGhOcU1DS1NibnBWNVVXclV2Um1VYkxfdEdON2NTTDRjZFlienY2VVJLWHoyNmRPU0EyWmxHbGhHYW1EQzBlLXRoQTZhaUtJWTVITW1hY21pQms?oc=5,,12,E,BRUIT,False,Géopolitique majeure,china,porte régionale: aucun ancrage régional,0,0,0,0,5,7,,absent,aucun,aucun,False,navigation,75,False,True,pertinent
2026-06-29T19:59:24+00:00,CIDCA (Chine),Médias officiels (contrepoint),CIDCA spokesperson: China to provide emergency humanitarian quake relief assistance to Venezuela,https://news.google.com/rss/articles/CBMiW0FVX3lxTFBXbGhUXy1LR0lWX3ZXdlFuaWRkZFFaVHlJWVhXTDk0T0ZWdm9LS25MRGJvMUhtYmxuZEtNUFgyVWpWSUpTSFlFb2pNNnptREtrTlVJWUZDQUJaNkU?oc=5,,12,E,BRUIT,False,Géopolitique majeure,china,porte régionale: aucun ancrage régional,0,0,0,0,5,7,,absent,aucun,aucun,False,navigation,75,False,True,pertinent
2026-06-28T07:00:00+00:00,Human Rights Watch — français,Droits humains & presse,Mali : De graves abus commis dans un contexte de reprise des combats,https://news.google.com/rss/articles/CBMiqAFBVV95cUxQRmhoMG5qZ0NDTEVPUVpXQjRxRFBHbno5LTRNaFdhaTVNR3g0VlFhZUh4N1E1Zmt4WHRwMG55WG95X1JzQXhLdlB1blE3X3RSYWxGdlBTMENiM2dNdks3Y1RNQU5tZGVxdXpLQ1Z3a1ZSZzZhbDNtNkd6aTBfZzYyalhoWFpNSzJheTAzeEVkYWJ2NXhJWlVKTUVxdmNEazkzVE41Z0x1Q0E?oc=5,,0,E,BRUIT,False,Faible priorité,,porte régionale: aucun ancrage régional,0,0,0,0,0,0,,absent,aucun,aucun,False,navigation,77,True,True,pertinent
2026-06-26T10:16:46+00:00,Turkmen.News,Droits humains & presse,"В России задержали гражданина Туркменистана, подозреваемого в мастурбации вблизи детской площадки",https://turkmen.news/2026/06/26/v-rossii-zaderzhali-grazhdanina-turkmenistana-podozrevaemogo-v-masturbacii-vblizi-detskoy-ploshadki/,,26,E,FAIBLE,False,Répression / droits humains,туркменистан; туркмен; ашхабад,"Asie centrale: туркменистан, туркмен; géographie confirmée dans le corps",15,0,5,0,6,0,turkmenistan,sujet_principal,aucun,detention,False,evenement_date,79,True,True,pertinent
2026-06-23T15:33:37+00:00,Turkmen.News,Droits humains & presse,В Туркменистане арестован бывший замминистра внутренних дел,https://turkmen.news/2026/06/23/v-turkmenistane-arestovan-byvshiy-zamministra-vnutrennih-del/,,31,E,FAIBLE,False,Répression / droits humains,туркменистан; туркмен; арестован,"Asie centrale: туркменистан, туркмен; signal HR confirmé par le corps",12,0,5,0,6,0,turkmenistan,sujet_principal,aucun,detention,False,evenement_date,82,True,True,pertinent
2026-06-23T07:00:00+00:00,OHCHR,Droits humains & presse,Israel continues to commit genocide and other atrocity crimes by deliberately targeting Palestinian children,https://news.google.com/rss/articles/CBMiuwFBVV95cUxNWGJpM3d3LW9HRlNDRTdzQmhOd054YVYxVTVEUWtXNjB0V1BSS2p6dkJveldQYktfYmRIanR4dFhMR3cxT2tzcDVrU2pUSnljV0NhcVNqUFU0UUpMU0hETWlpWVdiNmJ1bHRhSXdLeFcxeV9XWS1iSU9rUU5pMDdqVWJONFAtNXlfQWVIdldUYlFCUW9lLVhJZzZCWnhUaGJfWXRkd2x3MVNNSUZWTWF5RDI1dGxLRWN1Z2gw?oc=5,,0,E,BRUIT,False,Faible priorité,,porte régionale: aucun ancrage régional,0,0,0,0,0,0,,absent,aucun,aucun,False,navigation,82,False,True,pertinent
2026-06-22T07:00:00+00:00,CIDCA (Chine),Médias officiels (contrepoint),CIDCA spokesperson: China to provide additional assistance to Africa amid Ebola outbreak,https://news.google.com/rss/articles/CBMiW0FVX3lxTE9CbzcyREx2LXNHdlNlbnhiMVVydXhpOU5FYV9vNk85VFFKS2hjNGlQb2QySUVTTGJrX0RPQXVobXpwYm1yVTcxeUJlcHA2U3JrUlRJek1UV2ZfaEk?oc=5,,12,E,BRUIT,False,Géopolitique majeure,china,porte régionale: aucun ancrage régional,0,0,0,0,5,7,,absent,aucun,aucun,False,navigation,83,False,True,pertinent
2026-06-17T07:00:00+00:00,CIDCA (Chine),Médias officiels (contrepoint),CIDCA chairman signs development cooperation documents with Myanmar finance minister,https://news.google.com/rss/articles/CBMiW0FVX3lxTE0yVDVscEh5Wk52bFQyZGl6Nlp6enRrWUNDYVVsY0E5RXhGZlNjVWdVclBIVEVjbEh0cDBxLU1KZGltMFl2VlJYV3BaOFBPaGNOYXNhWEhtQkd6bzg?oc=5,,0,E,BRUIT,False,Politique intérieure,minister; development,porte régionale: aucun ancrage régional,0,0,0,0,2,0,,absent,aucun,aucun,False,navigation,88,False,True,pertinent
2026-06-17T06:15:34+00:00,Al Jazeera — Uzbekistan,Médias indépendants,Satellite images show 10 places where water is disappearing globally,https://www.aljazeera.com/news/2026/6/17/satellite-images-show-10-places-where-water-is-disappearing-globally,,2,E,BRUIT,False,Droits spécifiques,uzbekistan; disappeared,porte régionale: aucun ancrage régional,0,0,0,2,0,0,"ouzbekistan, iran",mention_secondaire,aucun,disparition,False,evenement_date,88,False,True,pertinent
2026-06-15T23:39:28+00:00,ARTICLE 19,Droits humains & presse,Digital Markets Act: from Solo Act to Orchestra - ARTICLE 19,https://news.google.com/rss/articles/CBMifkFVX3lxTE5xdGltdUJnbjUzeGxBUjhXZE1iUnZ1TC00NWxEWkZLTTlKbDYwcVFKR3J3MkZEbVVyckRtMk8wdFc0aDQtTXp6LW4yRG1XSXk3MUptdG5XNTBGT3QxVnBiLTJjTUFKWjhlLWdwYUxpdUxfUVdFelYzVUpJaDNUZw?oc=5,,0,E,BRUIT,False,Faible priorité,,porte régionale: aucun ancrage régional,0,0,0,0,0,0,,absent,aucun,aucun,False,navigation,89,False,True,pertinent
2026-06-13T07:00:00+00:00,World Uyghur Congress,Droits humains & presse,PRESS RELEASE: The World Uyghur Congress Strongly Condemns the Death Penalty of Uyghurs in Thailand,https://news.google.com/rss/articles/CBMizgFBVV95cUxPUXVtR1Z0WmJBRkN0bHluMWppZkpDTGxteE0zc2tvTWVLY0ZYbGhPUVRPbERXWHBsbzdCUzRXWXpHUERFZm1SNGx1ZC1relN1Z3FFRWQ2RjFrc2Nnb0x0RWRTc0V5UFV5LTd3OW9FQTJYQW5oVHFLM2RtUncxOUoxbmtLeUpYSXpROFZrN1Z0Sl9qM29ZRXptemN2RnNFSFozbFdZY2J4cGZhbnJQQy1WQm55VXJTLTdjSDFCWUlJc05ZMXpVOHZWWnJLLTl6Zw?oc=5,,12,E,BRUIT,False,Faible priorité,uyghur; uyghurs,"Ouïghours: uyghur, uyghurs; plafond V9: aucun ancrage HR principal",12,0,0,0,0,0,xinjiang,sujet_principal,minorite_ethnique,aucun,False,navigation,92,False,True,pertinent
2026-06-12T07:00:00+00:00,OHCHR,Droits humains & presse,"Civilian Casualties in Ukraine in May Highest in Four Years, UN Human Rights Monitors Say",https://news.google.com/rss/articles/CBMiuAFBVV95cUxOcEJtR3RWaS1SM00wdnRUY25RMDNMY1RoWjk3VTZSWDFZb0pJdzJOdWc4aUJ4OW5pQVVRRTJJRl8xU2lJdG1qT0ZORExoNlZpYVpBSTZGZmd2c1IzWDAtdFZlS0hBM3VBVkxfVFVwTXFOMU92QXJfeUQtTWdwc3RpcUhlbXFiTEdFV1BOYTA1SkpteEk0ajhTMks5VlA2aWNfc01oLWVneXRlam9YWkxXTkZNX3F6YTBY?oc=5,,16,E,BRUIT,False,Géopolitique majeure,human rights; ukraine,porte régionale: aucun ancrage régional,0,0,0,4,5,7,,absent,citoyen_ordinaire,aucun,False,navigation,93,False,True,pertinent
2026-06-08T07:00:00+00:00,World Uyghur Congress,Droits humains & presse,Over 200 Participants and 80 Speakers to Gather in Berlin for the Third International Uyghur Forum,https://news.google.com/rss/articles/CBMizgFBVV95cUxPLTVxYUx4TU5HZ0hiSFpTREQydDlxclFubDFYZHRrbnQyZXlfWFZLMUROOGpqUXhuVXBGSXNQZk1kSk44b0JUZldlNVJSUXNKNHFBYzlsZmtKUENrcFpFWDZEbV9ILVNydjZfZFctNzlFdG1Ba3pPbEc2QTh5OU9ORUpkTzllUjdoS0pHM1ViLWdldDlySmZlcFJVaWMzWkFvNkdxcV93ZWtMcWxLSTdvT1duX3pKa3E3ekhJLXRIQzdwa2VkbHlRRHFBOGpMZw?oc=5,,12,E,BRUIT,False,Faible priorité,uyghur,Ouïghours: uyghur; plafond V9: aucun ancrage HR principal,12,0,0,0,0,0,xinjiang,sujet_principal,minorite_ethnique,aucun,False,navigation,97,False,True,pertinent
2026-06-06T07:00:00+00:00,CIDCA (Chine),Médias officiels (contrepoint),CIDCA chairman signs development cooperation documents with Lao deputy prime minister,https://news.google.com/rss/articles/CBMiW0FVX3lxTE5tOVpYcmk4TU44cjRET2pYZHlzYUU3bG5IVE5scjEtcHl3ZmI0dGVIOUNta0p4SFVMbkZPNkNxU0RzbFZzcFNTcTFNYjhyVVFhTzhOdTZ0ZmFUeGc?oc=5,,0,E,BRUIT,False,Politique intérieure,prime minister; minister; development,porte régionale: aucun ancrage régional,0,0,0,0,2,0,,absent,aucun,aucun,False,navigation,99,False,True,pertinent
2026-06-03T07:00:00+00:00,AP News — Kyrgyzstan,Médias indépendants,Portugal and Austria defeat Germany for seats on the UN Security Council,https://news.google.com/rss/articles/CBMiswFBVV95cUxQNm4zeTlwcU9sczJ2eVFYQjNZd3daeWxIMlVuQTlmZGtGLVMzUDExUGhNOG5WM0xxdUx5OVR6N0pvYnFoMnlqcExYVXJxZkJtdmpyTHkzU0NNYnk0Z1c5ZUdRbU5IQ0xCYnQ1dWhFMTJMSEYyd2gyUGdTNVRpNWJvei1YUVNsRXBXS1c4ZlZLOVZub0VIUDJmem1jZzFjREh3TjR5ZUloZ045WDRSZFNOdkFjMA?oc=5,,0,E,BRUIT,False,Faible priorité,,porte régionale: aucun ancrage régional,0,0,0,0,0,0,,absent,aucun,aucun,False,navigation,102,False,True,pertinent
2026-06-02T07:00:00+00:00,CIDCA (Chine),Médias officiels (contrepoint),CIDCA spokesperson: China to provide anti-Ebola assistance to African countries and AU,https://news.google.com/rss/articles/CBMiW0FVX3lxTE1DU3RSc1JhdmZLbFpXbUItRk0tbTNfNVVKVWt0NDZhN0VETEZZUWZDeTlpODdtdFZjSldVVFJOS1VJajF2U3ZqTHVDaXoyVVpSZHl0Tlc2MGU5RWM?oc=5,,12,E,BRUIT,False,Géopolitique majeure,china,porte régionale: aucun ancrage régional,0,0,0,0,5,7,,absent,aucun,aucun,False,navigation,103,False,True,pertinent
2026-05-29T15:40:08+00:00,Al Jazeera — Tajikistan,Médias indépendants,"On the road to Rogun Dam, Tajikistan’s ‘greatest dream’",https://www.aljazeera.com/news/2026/5/29/on-the-road-to-rogun-dam-tajikistans-greatest-dream,,15,E,BRUIT,False,Faible priorité,tajikistan; central asia; kyrgyzstan; tajik; dushanbe,Asie centrale: tajikistan; géographie confirmée dans le corps; plafond V9: aucun ancrage HR principal,15,0,0,0,0,0,"tadjikistan, autre, kirghizistan, iran, russie",sujet_principal,aucun,aucun,False,evenement_date,107,False,True,pertinent
2026-05-29T07:00:00+00:00,International Crisis Group,Sécurité & géopolitique (think tanks),The State of the Strait: The Role of Hormuz in the Middle East War So Far,https://news.google.com/rss/articles/CBMiY0FVX3lxTE9scGowNXJhVUc4bWI2ZEExaWRYUEw4bkZqcmV1QmVQMzNNWnNkdHJLUFRMQl8zNXc0bTBhUFhlZ3JidzBIUWVvTzJ0d2hHaFdQZ0xDb2pfQmtteUpXQlFhY2k5OA?oc=5,,12,E,BRUIT,False,Géopolitique majeure,war,porte régionale: aucun ancrage régional,0,0,0,0,5,7,,absent,aucun,aucun,False,navigation,107,False,True,pertinent
2026-05-26T07:00:00+00:00,Human Rights Watch — français,Droits humains & presse,Ukraine : La Russie saisit illégalement des biens dans les zones occupées,https://news.google.com/rss/articles/CBMirwFBVV95cUxQNUwteG9QRWJfSkpFX1l3R1BpaW1NMkZ4cy1yRUEwU25adnN2QVg4S3Q5M19YN1RBRzlnWXZjLUFYODZ1S2s2bENNbGZybGxKRFhsOVpaekFpZXBZR0lJcFQ4VEJUajhHRjl4eVFjeUZjU2xYT3JsOWVzbi00cGlLSW01d0hvYUEtWmpWMWJyWi1ZMmszdy1NUy1FNWRCakZ2SHk0em02UElWc0czMzdj?oc=5,,12,E,BRUIT,False,Géopolitique majeure,ukraine,porte régionale: aucun ancrage régional,0,0,0,0,5,7,russie,sujet_principal,aucun,aucun,False,navigation,110,True,True,pertinent
2026-05-26T07:00:00+00:00,World Uyghur Congress,Droits humains & presse,"WUC and UZDM Condemn Coordinated Phishing, Impersonation, and Smear Campaigns Ahead of IUF 2026",https://news.google.com/rss/articles/CBMitwFBVV95cUxPTDM1SE03VnZ1VUJVVWp6RWdWcXBMVUNiTExhYUw1TFRTTjRfb0NkVm83RGVZUm0yU2J2dFJXY2s1dlpEUGJVbzF6VVdDaTBjSDFSdzUwY1JOOWxQUnlkbnFCZ19SYnBaRmItYzE0TzhfSkVUbjdrRDlGbHRlbHlWOGtqX0N1dUVCSDZZdEhmdnd1a2h4YTAyMFUzV3dtUjNSenIwYzBFT2drQk9EWGJ6Z2lBQkJ1Qjg?oc=5,,0,E,BRUIT,False,Faible priorité,,porte régionale: aucun ancrage régional,0,0,0,0,0,0,,absent,aucun,aucun,False,navigation,110,False,True,pertinent
2026-05-21T07:00:00+00:00,Regnum,Médias officiels (contrepoint),"В Тульской области пропала трехлетняя девочка, возбуждено уголовное дело",https://news.google.com/rss/articles/CBMiSkFVX3lxTE85NXItZkRqYmFYOG9OMVJiMDRjWXVScUdrQ0czbDdtWnY5NDRsVzNjMFNTaXhad2Zadi0waXNuRGxGdEp2b19WcTF3?oc=5,,0,E,BRUIT,False,Faible priorité,,porte régionale: aucun ancrage régional,0,0,0,0,0,0,,absent,aucun,aucun,False,navigation,115,False,True,pertinent
2026-05-21T07:00:00+00:00,Regnum,Médias officiels (contrepoint),"В ВОЗ рассказали, как может произойти заражение лихорадкой Эбола",https://news.google.com/rss/articles/CBMiSkFVX3lxTE9WX2w4bThwdl9hdG1HTUdsSXJpX3BFTGRYWnBUaXZVTkZXdEhKVlpJcGp0bkRkcEc5TmNRUkhOOE1rMXhEbFlwcHVn?oc=5,,0,E,BRUIT,False,Faible priorité,,porte régionale: aucun ancrage régional,0,0,0,0,0,0,,absent,aucun,aucun,False,navigation,115,False,True,pertinent
2026-05-19T07:00:00+00:00,Human Rights Watch,Droits humains & presse,"Gaza: Israel Curbs Aid, Kills Civilians During Ceasefire",https://news.google.com/rss/articles/CBMilAFBVV95cUxQek5xb0pVWG5vdUFoeXJ2YjFSRUZxXzJ3amROejJwM0xPdXNYZWZId2tmNTNpUmZLSk5rVnRHTHIwRXZhXzViUUdEQU5rcHFwakJKWmo3ZW55Q1V4c0ZLRmdKaXpKUG1vWld5SndxS3lnUnQ0YmZfSUJDZ3B5NWkzSFl1T3JKNWFxMHlQYUN2dUpubEgz?oc=5,,12,E,BRUIT,False,Géopolitique majeure,ceasefire,porte régionale: aucun ancrage régional,0,0,0,0,5,7,,absent,citoyen_ordinaire,aucun,False,navigation,117,True,True,pertinent
2026-05-19T07:00:00+00:00,Human Rights Watch — français,Droits humains & presse,Gaza : Israël restreint l'aide humanitaire et tue des civils pendant le cessez-le-feu,https://news.google.com/rss/articles/CBMivgFBVV95cUxOSkQzbUNnYW1za2VDVlN0b1IzTFpUdUhnV0VaaTIwdWZzSWdFX1RIMkF4QURBRWFTUGQwMExFcjkteXN6Sk90eGFlVWxMS3VQVkJlWFUzeGtyWHR3U2RvZ2J5S0d4d2p3UDFUZkhrQzVEbTVlSUluanB3XzR2RjZzU0FjUWZHVHBqTno4T3FQc2w1QTdBSk43NEgwQzhzTzVKMmNtbnQ4b0JQOGdTX1l4elZVdlJFbTZOVWphWFVR?oc=5,,0,E,BRUIT,False,Faible priorité,,porte régionale: aucun ancrage régional,0,0,0,0,0,0,,absent,aucun,aucun,False,navigation,117,True,True,pertinent
2026-05-12T07:00:00+00:00,AP News — Uzbekistan,Médias indépendants,"Ronaldo and Portugal get another shot at World Cup glory in Group K with Colombia, Uzbekistan, Congo",https://news.google.com/rss/articles/CBMisgFBVV95cUxNRTNoSkJhQlI2b3F6NF9hNWNVcUtuRHBGakdhNURRY21SU1NlSXk5WDZRUWxYZUMxUm96ODJUVml5U0duU2lVanNTQ2hyNmV4QzRhRnQ0N1duUENfSThDdGFBTWc2QzVhRGtNMGdKdUdSZFBnUXQydnlVQi1fbFRaYnNVRjlvai00LVVXa000XzBaZU9KLW1sYjZ3WEtsTFZ0RlpyQVpaVFBMMFNJd3pEd0t3?oc=5,,17,E,BRUIT,False,Faible priorité,uzbekistan,Asie centrale: uzbekistan; plafond V9: aucun ancrage HR principal,12,5,0,0,0,0,ouzbekistan,sujet_principal,aucun,aucun,False,navigation,124,False,True,pertinent
2026-05-12T07:00:00+00:00,Human Rights Watch,Droits humains & presse,Looking the Other Way: EU Failure to Prevent Surveillance Exports to Rights Violators | HRW,https://news.google.com/rss/articles/CBMisgFBVV95cUxNTWwtSTBMMDNuR0huWTNaV185ZnRtS3IxZU1MckJFQmxEQkNYUGVadU1IUUFEaVdVYWhGX1BjTFRMbVgyc2ZXbGpNWWZpd0lnMlpzZThQLUNJY2ZCNHM1UVM4YUZsVlduNkxhME5rdGxOVWVkMFA4dHhIc0lzWXphdnZjaGVvZmtqWnRPaUNYWld0cXJFdkN4eFMxbWpHdXkxMzVZYVpyOUhiSWlGSDYtUGVR?oc=5,,0,E,BRUIT,False,Faible priorité,,porte régionale: aucun ancrage régional,0,0,0,0,0,0,,absent,aucun,aucun,False,navigation,124,True,True,pertinent
2026-05-08T07:00:00+00:00,AP News — Tajikistan,Médias indépendants,Bright lights and hot orbs: UFO files shed light on sightings but leave interpretation to the public,https://news.google.com/rss/articles/CBMisgFBVV95cUxNRTl5cm4xelY1c2R0SXY0T1dURG13TTRxdmxDWThZVlo4aHpjUHlEOHo3VmFHY1JiMTNpbWxwRDk3cndhMlNiU2xIMm1DbzFJejlmNnVUdTgzcHpMdndsU19mLWVJNWVUbm1PZF9CLTFaV0hrbnNVZEdfQ1ByODRFd0FkcGlUVVVWYTlweHNDN3R1Q1NOMVhYWXN1OG1FSDFyV1BDNC1sY0pUX29Dd3B4QmZR?oc=5,,0,E,BRUIT,False,Faible priorité,,porte régionale: aucun ancrage régional,0,0,0,0,0,0,,absent,aucun,aucun,False,navigation,128,False,True,pertinent
2026-05-06T09:41:45+00:00,ARTICLE 19,Droits humains & presse,The DNS must enable expression – not silence it - ARTICLE 19,https://news.google.com/rss/articles/CBMiY0FVX3lxTE9IRTRWVG1JbUJ0T2RaTWVrenhpT2dURlpCMlhHYTBaQnRiNG1MMzVZOEI4T2tfOVllYXRVeDV3R0ppa0Y2RlRUU3EwMnZwaDZPYlhCek4wSFNqd203M3d3ejhaUQ?oc=5,,0,E,BRUIT,False,Faible priorité,,porte régionale: aucun ancrage régional,0,0,0,0,0,0,,absent,aucun,aucun,False,navigation,130,False,True,pertinent
2026-05-01T07:00:00+00:00,Regnum,Médias officiels (contrepoint),Посольству РФ в Париже заблокировали банковские карты для оплаты топлива,https://news.google.com/rss/articles/CBMiSkFVX3lxTE4zcXZIdHlwS0FxS0VpOTRYZ19BXzI4eUkxZXduOUJLM3VrbjFJdmEyZkRwZGpSU3drMmFIZGFia0NkT3J1QnBLZjZ3?oc=5,,0,E,BRUIT,False,Faible priorité,,porte régionale: aucun ancrage régional,0,0,0,0,0,0,,absent,aucun,aucun,False,navigation,135,False,True,pertinent
2026-05-01T07:00:00+00:00,CIDCA (Chine),Médias officiels (contrepoint),CIDCA spokesperson briefs Chinese and foreign media about just-concluded 3rd High-Level Conference of Forum on Global Action for Shared Development,https://news.google.com/rss/articles/CBMiW0FVX3lxTE8zZ0tjdzlCd09YcU1WVVdMbFdMVzNMODU0N0Nkc2JTczBRRHhKcGJLQXBKQml2LVY5RTJXUXZ3U2xGSlFCV2NVTEEzZFU2NkZidjEtdl9zekhNX2M?oc=5,,0,E,BRUIT,False,Économie / géopolitique ordinaire,conference; development,géopolitique / économie ordinaire; porte régionale: aucun ancrage régional,0,0,0,0,0,2,,absent,aucun,aucun,False,navigation,135,False,True,pertinent
2026-04-29T07:00:00+00:00,Human Rights Watch — français,Droits humains & presse,Arabie saoudite : Annuler les exécutions imminentes de migrants éthiopiens,https://news.google.com/rss/articles/CBMisAFBVV95cUxORHdaa3ZEQkdualRKV1diWGZ6YTNXdHR6TVhSVFBrM0pYTmx5N0xfZHIwM2QxZXktQ3AxZGRCY3FVSXA5Y2VHdTQxRk5meXVHSmtKVjlibWg3NGZoMGl2OV9MUWI5UExXR1ZINVB5NXBTcWJ3dnhYYmVYdHJ5RkZXVVNiekw5dGxidXB6c3FKVEtCdk5zM1RyTk9ZYXo5YmEwNGR5bnNROUMzenE5dmNBWA?oc=5,,0,E,BRUIT,False,Faible priorité,,porte régionale: aucun ancrage régional,0,0,0,0,0,0,,absent,migrant,aucun,False,navigation,137,True,True,pertinent
2026-04-27T07:00:00+00:00,Human Rights Watch — français,Droits humains & presse,Coupe du monde 2026 : Le tournoi débutera dans un climat de peur,https://news.google.com/rss/articles/CBMiowFBVV95cUxNcWVEVDZ2RW1YcXY4V21XT3RfMGxNMW5hVXEtMnhRNGxuVzJmeGRHbFJxTmV2dTJlUjdqODdoLXdhSHllWllKTlJYRzdIM1dOYjlsS0F4OE95YWVjUmRtMklFUmRoQ2RWWGxjN0VyeVk1OXVJTmVhLTNBTFpqRTdJUEM3UWpPZVREVlNhdWxSbXotS1o4dW5Xa3B5d3ZjaHR4bGh3?oc=5,,0,E,BRUIT,False,Faible priorité,,porte régionale: aucun ancrage régional,0,0,0,0,0,0,,absent,aucun,aucun,False,navigation,139,True,True,pertinent
2026-04-25T07:00:00+00:00,CIDCA (Chine),Médias officiels (contrepoint),CIDCA vice-chairman meets Lesotho's finance and development planning minister,https://news.google.com/rss/articles/CBMiW0FVX3lxTE9xRzc2Q2U5aHRSdDFoUzBfOGRjY0dLNEFHaGlFb0ZqS3dUVllUQUxvRHliOXJOQ2JKTEN6dXB0QUxmdGhmY1NERG4yVXlJaE5ESDZDYzF1SjRhXzg?oc=5,,0,E,BRUIT,False,Politique intérieure,minister; development,porte régionale: aucun ancrage régional,0,0,0,0,2,0,,absent,aucun,aucun,False,navigation,141,False,True,pertinent
2026-04-25T07:00:00+00:00,CIDCA (Chine),Médias officiels (contrepoint),"CIDCA chairman meets senior officials of Bangladesh, Senegal",https://news.google.com/rss/articles/CBMiW0FVX3lxTE9uTlZVamRYczVyN2NHdURpWkQ3anNCQUtXc0phYmEzalBlNTZRZTNwRzNmVUM2dUxvRWpwT0c5TUN0Si1zRXdZWWtUZ3ZRRjJ5dFhCUjVFTUNVRFU?oc=5,,0,E,BRUIT,False,Politique intérieure,officials,porte régionale: aucun ancrage régional,0,0,0,0,2,0,,absent,aucun,aucun,False,navigation,141,False,True,pertinent
2026-04-24T10:50:56+00:00,Amnesty International — russe,Droits humains & presse,Израильская оккупация палестинской территории,https://www.amnesty.org/ru/projects/israels-occupation-of-palestinian-territory/,,5,E,BRUIT,False,Faible priorité,нарушение прав человека; суд,porte régionale: aucun ancrage régional,0,0,0,2,3,0,,absent,aucun,"condamnation, pression_administrative",False,evenement_date,142,True,True,pertinent
2026-04-23T07:00:00+00:00,Human Rights Watch — français,Droits humains & presse,Hongrie : La Cour de justice de l'UE se prononce contre une loi anti-LGBT,https://news.google.com/rss/articles/CBMiugFBVV95cUxOTTdnVXJESmc1Mm5keXNlXzJ3UkZLeHdxZHJTNjNTcHQyYkJrTjZfTlZIX2VHTTRtaVBkS0hTWTVJV2EzUXYxa0RqSUlINFlDRi1TbThqeUJ2SUpxSHJ1eW1BeDBtV1dRVWdTOXF6cTVweFZVaWxLdkhoWldFSkhtMDRsU1ZqbmZWUkxpWkdZUHlqc1c4STFIYjJrZEpnb2lBaDAxdzYwZ2Z3MzZzQWxkUTFRQVdWOU1HSFE?oc=5,,2,E,BRUIT,False,Droits spécifiques,anti-LGBT,porte régionale: aucun ancrage régional,0,0,0,2,0,0,,absent,aucun,aucun,False,navigation,143,True,True,pertinent
2026-04-23T07:00:00+00:00,CIDCA (Chine),Médias officiels (contrepoint),CIDCA chairman delivers opening remarks at 3rd High-Level Conference of the Forum on Global Action for Shared Development,https://news.google.com/rss/articles/CBMiW0FVX3lxTE1aSW5UNFo0dldmbFZ6a1UtWnRMeldKRklsdjF6aEc4TUVtb3dISUM4ZG4tQXFZR2p6ZTUzT3N0NEtwZ1h3b3l0RUNkNWRCWm95cDgwYVk5MjZRSDg?oc=5,,0,E,BRUIT,False,Économie / géopolitique ordinaire,conference; development,géopolitique / économie ordinaire; porte régionale: aucun ancrage régional,0,0,0,0,0,2,,absent,aucun,aucun,False,navigation,143,False,True,pertinent
2026-04-23T07:00:00+00:00,CIDCA (Chine),Médias officiels (contrepoint),"CIDCA vice-chairman meets senior officials from Vanuatu, Laos and the Maldives",https://news.google.com/rss/articles/CBMiW0FVX3lxTFBvM0dyUXNqLVJrcnZlc0RkSjBYTi1GRk1RVmxseFgxeXFIYnF5TF9rVUFFM0h2bDNmWDNXSWRKTnVSUl8yUXdlckZoTVhPN0tsX19pYWx0ZlZwT2s?oc=5,,0,E,BRUIT,False,Politique intérieure,officials,porte régionale: aucun ancrage régional,0,0,0,0,2,0,,absent,aucun,aucun,False,navigation,143,False,True,pertinent
2026-04-15T16:48:57+00:00,CIDCA (Chine),Médias officiels (contrepoint),third high level conference of forum on global action for shared development,https://news.google.com/rss/articles/CBMiYkFVX3lxTE9OVWhERzdnZm5DZWJ3YzlEdWhFYXo5MDZmbFhlZTF4MmVpRnEza0hCZE9aMDJlVmR6dXpxcnpVcVVGbWVtWWc0cmg1UTlhT1VjblAwOF9JcWZoVHJVUnlfZ3ZB?oc=5,,0,E,BRUIT,False,Économie / géopolitique ordinaire,conference; development,géopolitique / économie ordinaire; porte régionale: aucun ancrage régional,0,0,0,0,0,2,,absent,aucun,aucun,False,navigation,151,False,True,pertinent
2026-04-15T07:00:00+00:00,Human Rights Watch,Droits humains & presse,China: Pressure on Catholics Escalates,https://news.google.com/rss/articles/CBMifkFVX3lxTE9qYXMxdGlUcGdKV25LV3c0dmZwWThTaS1nZlpFSU1CS19kY0E4MWhxQ2hvSWJIM0ZKTS1aQTNrUUNjUVJWR0NxTHFYS0pMdW5kOW93eHRpdE9md093Z1IySU1aVWt4Q3RSRktvSERTLU1KYXBJWHpidmtPNjh0dw?oc=5,,12,E,BRUIT,False,Géopolitique majeure,china,porte régionale: aucun ancrage régional,0,0,0,0,5,7,,absent,aucun,aucun,False,navigation,151,True,True,pertinent
2026-04-15T07:00:00+00:00,Human Rights Watch — français,Droits humains & presse,Vatican | Country Page | World,https://news.google.com/rss/articles/CBMiZEFVX3lxTFBNbUpKOWJOSFdfNV9rc1FPOWNnZFdmTXZiTkQyLURBXzgycTBYMzdxdmxueUpWbEF6OXNWa1h0V2RfVkpFMW41VjUwTXZDSTVsNWhUaGcwbEJ0UC01Ujd1RncybzQ?oc=5,,0,E,BRUIT,False,Faible priorité,,porte régionale: aucun ancrage régional,0,0,0,0,0,0,,absent,aucun,aucun,False,navigation,151,True,True,pertinent
2026-04-15T07:00:00+00:00,World Uyghur Congress,Droits humains & presse,PRESS RELEASE: World Uyghur Congress Condemns Kazakhstan’s Jailing of Activists for Peaceful East Turkistan Protest,https://news.google.com/rss/articles/CBMiwwFBVV95cUxQYURFMjlBSHZMTTlzTW5QSmZqblpNdWMtS1NJM0l2aWp4cy1jSktmTUtnTmxVQXdTTjFoVjY4OER5SmVjNzNlbFZ6TURSTDJabzg0RHFzMk1RNW9SSUZhT2lweEI4cDZtS1FIWjRkRTVFdzJoTEtlaEx4ZXd0X0gwV3lQem1USW9EV1kzdnM5Zk95U3ByTzJfRDJkRTg0SUZSTS1Ha19Va3h1NXI4bWdNQ1lmQ29maTZxRE92emp3RGhQZUE?oc=5,,24,E,FAIBLE,False,Politique intérieure,kazakhstan; uyghur; activists; protest,Asie centrale: kazakhstan; plafond V9: aucun ancrage HR principal,12,10,0,0,2,0,"kazakhstan, xinjiang",sujet_principal,"defenseur, opposant, minorite_ethnique",aucun,False,navigation,151,False,True,pertinent
2026-04-13T07:00:00+00:00,International Crisis Group,Sécurité & géopolitique (think tanks),"Divided Sudan, Elusive Peace",https://news.google.com/rss/articles/CBMiywFBVV95cUxOQmN1OUpHTFExWkU2eWRqZWY2eEcxczR3SnN1UlhfaEVaOTgxRUpRNVhQR0dPZXZoV3VSVFBHbnBrdWxSekxtRURZWFRaNjNpazJnV2tWamFzUkV6M2ZRODU0QXgtMGpaUVdiS2h3MjJ6TExGT2Y2SWtFN0JwekNYeDN0c0ZEN1loR1E5VEZOX1dmRlhsb1pwMjlIZVdieG9Iek42aTVEeTEtRjk0eTdSOGpLLV8teHpYSDdQX1Zhb0hidFZMOXRVbm5SZw?oc=5,,0,E,BRUIT,False,Faible priorité,,porte régionale: aucun ancrage régional,0,0,0,0,0,0,,absent,aucun,aucun,False,navigation,153,False,True,pertinent
2026-04-07T14:55:51+00:00,Turkmen.News,Droits humains & presse,Между родиной и домом: Новый посол Туркменистана в США 22 года назад купил там квартиру,https://turkmen.news/2026/04/07/mezhdu-rodinoy-i-domom-novyy-posol-turkmenistana-v-ssha-22-goda-nazad-kupil-tam-kvartiru/,,27,E,FAIBLE,False,Géopolitique majeure,туркменистан; туркмен; ашхабад; сша,"Asie centrale: туркменистан, туркмен; géographie confirmée dans le corps; plafond V9: aucun ancrage HR principal",15,0,0,0,5,7,turkmenistan,sujet_principal,aucun,aucun,False,evenement_date,159,True,True,pertinent
2026-04-03T07:00:00+00:00,UN Women — Europe & Asie centrale,Droits humains & presse,Women farmers in Kosovo are empowered to shape the future of agriculture,https://news.google.com/rss/articles/CBMivAFBVV95cUxNQzI5TTRiSlZrajhtMXVQczdXOVBzTFpVZ0xwZTE2eUhjRWFPX0IwN2hHOHV3d3FEUlllM1hhMmNpSXFKZjF2WDR6YldtSUlmVS1lMXN3akxsQVpIdmN5aWV0YTJHalBVMDN4YnFSWlFSUHBxd2xNWGl0dS0wcGp2bTZsR0VMOFgtS2NqRzk0ODRxajZOamh3V01fNFpWcHhPSk02eHFTNFM4b19HLUFwTVgwbmI3MTVJam43NA?oc=5,,0,E,BRUIT,False,Faible priorité,agriculture,porte régionale: aucun ancrage régional,0,0,0,0,0,0,,absent,femme,aucun,False,navigation,163,False,True,pertinent
2026-03-31T07:00:00+00:00,Human Rights Watch,Droits humains & presse,Israel: Discriminatory Death Penalty Bill Passes,https://news.google.com/rss/articles/CBMiiwFBVV95cUxPMW1aZHhsV3NjQ2V2ZnNMN1I3Z2ZiV25nQ0Y5OGlZVTFPYzFmYVJFdmtEMEtQMUxVc3lfVmxDcW9oMG96Q3k5azZGbElpdzNPVTMzOHhfZU1qcjlDU1ZWTkpjZHZSOHdfZW5UZldmejg1Z0JnSGdZU2VkX0FZVmYybWU0bk0wQVZUNkkw?oc=5,,0,E,BRUIT,False,Faible priorité,,porte régionale: aucun ancrage régional,0,0,0,0,0,0,,absent,aucun,aucun,False,navigation,166,True,True,pertinent
2026-03-30T07:00:00+00:00,International Crisis Group,Sécurité & géopolitique (think tanks),A Hormuz Initiative to Protect Global Food Security,https://news.google.com/rss/articles/CBMivAFBVV95cUxObi1BSHhqZ3MtNE5wOFd3NXZ0WFlUYl9XWWt0RzgzQmJYcFRreVVCYmJNaDVWay1PWlU3NXM5LVV1b1czVGVER01IMThONWtCZUdIZGVKdEJZeUdYMmpoVEV6UEE3ZlU0aEs2X0I3MjVEYkZkaEFTcHhOcndNTzFQWHNFVV96WWdmUjRhbDB6aWV1RFk4Z3YzVmJtdUU2UXVnc01yS0J0WDBrWDZyUzRzcHAwa1ZDNTBsV0hpRA?oc=5,,0,E,BRUIT,False,Faible priorité,,porte régionale: aucun ancrage régional,0,0,0,0,0,0,,absent,aucun,aucun,False,navigation,167,False,True,pertinent
2026-03-27T07:00:00+00:00,World Uyghur Congress,Droits humains & presse,PRESS RELEASE: WUC CONDEMNS CANADIAN MP MICHAEL MA DOWNPLAYING ABUSES IN CHINA,https://news.google.com/rss/articles/CBMisgFBVV95cUxQMFdIT2w2Z1A5Z2o5YkVwaWRYaXRKNWFsT1EwMUJuTU9WajJVY0VCdXQ4bS1YeWZ6YlZHSHdhaVNaR2swaDV5M3otSm9CWHg2N1hvU2pNQ0dXWktQemtlU3FfNW5Dbl94TGMyeEJWaHI4SmNkRHhHQzNPU1Q5RWNMMDhaUHZYajRVZktGRS01V05MOFBIbi1TaFFrWEtpWW81VkQ2QmFBVm5laUNTdFRMTlB3?oc=5,,12,E,BRUIT,False,Géopolitique majeure,china,porte régionale: aucun ancrage régional,0,0,0,0,5,7,,absent,aucun,aucun,False,navigation,170,False,True,pertinent
2026-03-19T07:00:00+00:00,AP News — Uzbekistan,Médias indépendants,North Korea qualifies for the Women’s World Cup for the first time since 2011,https://news.google.com/rss/articles/CBMitwFBVV95cUxQLWpXOVo1TkhwNWMybUtJN0doNnRKU0lmYnl1ZUE3UGg2cjhzVjdfcGpHOVczSHUwZkRETXRRVXpwYnBBeTVlUnZ0Q2lqREFQb3ZuVGRGQkZfWWpSTHpJOWpLbld4ZVpGS3RDY1diQ1JXZVd0LTNYTlJTYXRTS1RWVDVMcklXUmRNcGVlMlI5WlhTRnZtTUlpQU4xQXg4cHJjc2Z0YWtnVTEtVjRWbjhlcjhLTFVXTnc?oc=5,,0,E,BRUIT,False,Faible priorité,,porte régionale: aucun ancrage régional,0,0,0,0,0,0,,absent,femme,aucun,False,navigation,178,False,True,pertinent
2026-03-16T10:52:22+00:00,Turkmen.News,Droits humains & presse,Осуждённый за наркотики туркменский певец Назир Хабибов снова вышел на свободу по помилованию,https://turkmen.news/2026/03/16/osujdennyy-za-narkotiki-turkmenskiy-pevec-nazir-habibov-snova-vyshel-na-svobodu-po-pomilovaniyu/,,23,E,FAIBLE,False,Répression / droits humains,туркмен,Asie centrale: туркмен,12,0,5,0,6,0,turkmenistan,sujet_principal,aucun,aucun,False,evenement_date,181,True,True,pertinent
2026-03-12T07:00:00+00:00,AP News — Kyrgyzstan,Médias indépendants,Roberto Mancini unable to return to Qatar for coaching duties as war disrupts travel plans,https://news.google.com/rss/articles/CBMipgFBVV95cUxPWlh0a25IRkJHb2R0N2RiWHFnYTB4NmxpMWxhUFUwVmtGVld3TS1YQjlNVVdnd2Q3R0s5dzdWSVZ4eGhEcTNBYi1NajNNNlZCWW9zMVBnSmxBY2l6aERZVmhhakJGTTNjMk9LOXMxOXE5U2F5NHRsWXB0QXdPNU1DSGM5dmpMcWFDYkV6VGNJTHd2Y2NrOTNHN2NjcmRpYjlvMHRTX0N3?oc=5,,12,E,BRUIT,False,Géopolitique majeure,war,porte régionale: aucun ancrage régional,0,0,0,0,5,7,,absent,aucun,aucun,False,navigation,185,False,True,pertinent
2026-03-12T07:00:00+00:00,Human Rights Watch — français,Droits humains & presse,Iran : L'attaque américaine contre une école démontre le besoin de réforme et de responsabilisation,https://news.google.com/rss/articles/CBMitwFBVV95cUxQeU9QOC1KajlSc2JvcUVHN3NkamZONUgydFhsQWFpZUhfc1RXdVlfU3JRdHg0N19LaFNDLUJTMWp2cnE4bXJJNGlsd1lMeHRLZ3lrY3Zna3pNMkJ4R2stQTUxTTlRYWdXdGRzUTU2MGQxeDVKRjBsOFJLNmRSZlZPOXBTOVBvYU9lOHNVQ2NsRC1JS0pXTDhiekdPMlF6SVpaYmt0d1FuSk9xZk5TZFRwdzBPYmZzSkk?oc=5,,12,E,BRUIT,False,Géopolitique majeure,iran,porte régionale: aucun ancrage régional,0,0,0,0,5,7,iran,sujet_principal,aucun,aucun,False,navigation,185,True,True,pertinent
2026-03-10T07:00:00+00:00,Human Rights Watch,Droits humains & presse,Haiti: Drone Strikes Put Residents at Risk,https://news.google.com/rss/articles/CBMigwFBVV95cUxPTkh4b1A3VFdfTEJ4NWM2eVVvRkdla3FRMThqd05rWUQ1V0VCYnN0MldEd1pmQjNWa3BWdW9ORnpMeDhLNFIyc2hfQ1pHVm9OTmpudlVhcHJSaE5qb2RpY3lMSWRnUXItWTRqNVYxdmpvdGUwalVhWERkYWd3UDFGNDhJNA?oc=5,,0,E,BRUIT,False,Faible priorité,,porte régionale: aucun ancrage régional,0,0,0,0,0,0,,absent,citoyen_ordinaire,aucun,False,navigation,187,True,True,pertinent
2026-03-09T07:00:00+00:00,Human Rights Watch,Droits humains & presse,Lebanon: Israel Unlawfully Using White Phosphorus,https://news.google.com/rss/articles/CBMijAFBVV95cUxNUUhYT2VrY1ItSzdwdFpFb2JFTG5GejlUcDZMTkpBZ0RJVUhkSG83UEFhekhUZ0FiRE0waFFIdXZWZGZlSUtFVHRMZ21wMUNTOXkzcDIzSUdXOVZKM3IwRzlVOGhnNVhHR0dSTk5DRm1kNHVCUUw5aDFJWENMNEtLbE9wSzA1M01xWjdQSA?oc=5,,0,E,BRUIT,False,Faible priorité,,porte régionale: aucun ancrage régional,0,0,0,0,0,0,,absent,aucun,aucun,False,navigation,188,True,True,pertinent
2026-03-06T08:00:00+00:00,International Crisis Group,Sécurité & géopolitique (think tanks),A Sprawling Middle East War Explodes,https://news.google.com/rss/articles/CBMixAFBVV95cUxORjBQWEUzUkZSTlRQUjRyaG0tNkR0dFctSC0xR0pMVTU4WF9rT0luZ3cwYm93MFBfalktR1lHeU5UVEdqSk5hU0szTWRrSXRTTkVIRkFJNkFQeklubUlVWW9NRExTeF95SWpvdUs4Q0IyTHhGY1BhaFI4SUtUdVR6bzFqU2pwOEpyWU5TWGc3Z2RlaHVRemdFTnlqVVIwM2MyMkl6d0NPbEtGMVhKbXBLYWpTd1QzLVdSTkhkczRLMTgycmFF?oc=5,,12,E,BRUIT,False,Géopolitique majeure,war,porte régionale: aucun ancrage régional,0,0,0,0,5,7,,absent,aucun,aucun,False,navigation,191,False,True,pertinent
2026-03-05T08:00:00+00:00,Human Rights Watch,Droits humains & presse,Israeli Military Calls for Evacuating Southern Lebanon,https://news.google.com/rss/articles/CBMilAFBVV95cUxOYlU1bU9yZHcwNG9hWUVzSlZwREViOU5wMVF4eEVOZVYycjZTUUJSc3dmS2RtdV9RQU1PdnJhblRxVmtGVmwzaVBrTm5VT3ptQWVQSHo5a29TNTl5djBqLWE0T3Z0bmpBb1JTbThHalRkWGtqSUtqalJEY1NLOWV5M2QzU0FhaTZyVEFrZXFqanhxRE9x?oc=5,,0,E,BRUIT,False,Faible priorité,,porte régionale: aucun ancrage régional,0,0,0,0,0,0,,absent,aucun,aucun,False,navigation,192,True,True,pertinent
2026-03-05T08:00:00+00:00,UN Women — Europe & Asie centrale,Droits humains & presse,Albania strengthens protection for women and children facing violence,https://news.google.com/rss/articles/CBMiuAFBVV95cUxORlhGY1JjLXhtaDJ0dGtzMHB6QzQwWVdrUVdnNkowWG5JNjlWTEl6bUY4NXhiMWdRRzJTWnEzbEVhSEc2cFJidmV1Y1N4VnNFeWI1bVYwQUNzMmNEMWZuRGh2U1dqVGZ2WU5CMzM0NllBVV8wYURHTnlaUDl5S0lXa0VZM3pBX3laSUJOcGtVOEhySmJBeXZNelVhc1pGSTZmRVJoV19pVGJuT3lkNEFfWFEyQ2xmSHJD?oc=5,,0,E,BRUIT,False,Faible priorité,,porte régionale: aucun ancrage régional,0,0,0,0,0,0,,absent,femme,aucun,False,navigation,192,False,True,pertinent
2026-03-02T11:52:44+00:00,OHCHR,Droits humains & presse,Communication search,https://news.google.com/rss/articles/CBMiYkFVX3lxTE04VHVhM3hKbFFnS1VUWU5KMndtdVgzUWpXdkd5VHVhTEQyMUcwaXZycUtNMU12SXlud3EwRDlKdlhvQVUyOUhISm0xMXBBTXdPNzU3b2VCVVFzRW15WkhjVDB3?oc=5,,0,E,BRUIT,False,Faible priorité,,porte régionale: aucun ancrage régional,0,0,0,0,0,0,,absent,aucun,aucun,False,navigation,195,False,True,pertinent
2026-02-26T08:00:00+00:00,Human Rights Watch — français,Droits humains & presse,Afghanistan : Déclaration de HRW au Conseil des droits de l’homme,https://news.google.com/rss/articles/CBMitgFBVV95cUxNNmc1SlZBMmlXTjN6VWgxNmZRVzJBOXBDMVNOaU81Y3JNYU04QnlUYnlkR3hqaHdwRVg4WFlIWjhFVlJFLXlWVDZvM3Znb3V4S1dzOHJaNHM4WjhKYTU5YTlzempXSXpIMlo4YjBKUEk2YnNpTDAyYVNBM2V6RHlodWp0U2p3NF85b2o3dXFTUWVMalY1cG1EOUJWMjI2a2w4S1pIOXVJMjhfMUUxVnNwWUdiNFNZdw?oc=5,,12,E,BRUIT,False,Géopolitique majeure,afghanistan,porte régionale: aucun ancrage régional,0,0,0,0,5,7,afghanistan,sujet_principal,aucun,aucun,False,navigation,199,True,True,pertinent
2026-02-25T08:00:00+00:00,AP News — Uzbekistan,Médias indépendants,"DoorDash exits 4 markets, including Japan, to focus on growth elsewhere",https://news.google.com/rss/articles/CBMiwAFBVV95cUxNR0F6SnhUT1RDRE12YWtVT0xJNmdCQXdCN2NSWHJzem42clB4X044Y0VCcVhIM2p2VVJRTHliWnBoSXZERDkzZlVVTlltUlNHNEpycmNqcUhoQWxKd1RFN1ExSno5QzRsYjNoN1lnNXNCa1ZQa3dSeU5aNlhlS1ZOcmdyS2VINjNRYy1IWEt6d0J5d0ZxaG9DcnNxWFQ3NjlPbkd4Y2NuYkFrY0FBTlRsdTNBV3NydURUMXhaLXhjOFo?oc=5,,0,E,BRUIT,False,Faible priorité,,porte régionale: aucun ancrage régional,0,0,0,0,0,0,,absent,aucun,aucun,False,navigation,200,False,True,pertinent
2026-02-24T08:00:00+00:00,Human Rights Watch — français,Droits humains & presse,Soudan : Des personnes handicapées prises pour cible dans le nord du Darfour,https://news.google.com/rss/articles/CBMiswFBVV95cUxOemh5YW9qTnAwQ0Q2OWREeFQ2dFVpbXgyOGRjYW4yd2hPNmRvaFRETDc0MXh1d25LV1JGbElPTWoyd2pzWEV4MTQxdWRtb0hzSUtMNS1sQ0lSeFNiNVpYVC16bFVIc3dYalhTT2g0VjNSQ25SMzZIVTdYdFF6MV8tODdRS0hLWFhjZmp3Q0l5NFF4NjFNd1JzQTMwQVRsODMxTUlVc2FoZm42TWJfbDhCVlozQQ?oc=5,,0,E,BRUIT,False,Faible priorité,,porte régionale: aucun ancrage régional,0,0,0,0,0,0,,absent,aucun,aucun,False,navigation,201,True,True,pertinent
2026-02-20T08:00:00+00:00,UN Women — Europe & Asie centrale,Droits humains & presse,Supporting women in Ukraine: Five ways UN Women delivers critical aid and services,https://news.google.com/rss/articles/CBMizwFBVV95cUxPRHZzUDBNUXRfNU1uSXhyaDQ1LW5jYkZmLWhvV0FvY0VleFBfZEoteEZWUzJCek81eDJXbXZoQmpydVRDT0JkX21JcnIxMEhoVENENE9BRUlKZEdJZ0hKRDlScWVyd2ptcHg4Zm5rV0w5QTlaNDVQNGJhNFNRWk9FOEtsWEdfNGJVbWNLaGhYVEFCXy1HeUM4bVgtbTlndnZuV3Jobzh4NUJENEh2cEw2ZGE3OUFnclpEemhRYnF4WXVvMDlhUzhhSXlZTXdkQ1U?oc=5,,12,E,BRUIT,False,Géopolitique majeure,ukraine,porte régionale: aucun ancrage régional,0,0,0,0,5,7,,absent,femme,aucun,False,navigation,205,False,True,pertinent
2026-02-20T04:37:59+00:00,Al Jazeera — Kazakhstan,Médias indépendants,"Indonesia, Morocco, Kosovo among 5 countries to send troops under Gaza plan",https://www.aljazeera.com/news/2026/2/20/indonesia-morocco-kosovo-among-5-countries-to-send-troops-under-gaza-plan,,12,E,BRUIT,False,Géopolitique majeure,kazakhstan; troops,porte régionale: aucun ancrage régional,0,0,0,0,5,7,kazakhstan,mention_secondaire,citoyen_ordinaire,aucun,False,evenement_date,205,False,True,pertinent
2026-02-18T08:00:00+00:00,Human Rights Watch — français,Droits humains & presse,Les autorités chinoises font pression sur des Ouïghours en France,https://news.google.com/rss/articles/CBMipwFBVV95cUxOVjNNZzNRTFpQc09lWkJyWlUxdFRsVEVkRzRzZW9Zd1NyYVA3ako4MlpjcVNRUWs3MmxCRGh5MEVWOC1HSWVFT2FzQjlMMUYtQnV0Ujc4cWwtRDN3bFRsNXdvV193LTZPS0JPZ1BZSUFUMnJKNldxNGk5NXEyRkU3Sy1KWlVPUUh3VVZ1bzYyampXUUZ2Tk9WUVNEQmthTmVjUmpKWnk4SQ?oc=5,,12,E,BRUIT,False,Faible priorité,ouïghours,Ouïghours: ouïghours; plafond V9: aucun ancrage HR principal,12,0,0,0,0,0,xinjiang,sujet_principal,minorite_ethnique,aucun,False,navigation,207,True,True,pertinent
2026-02-18T08:00:00+00:00,International Crisis Group,Sécurité & géopolitique (think tanks),"Ethiopia, Eritrea and Tigray: A Powder Keg in the Horn of Africa",https://news.google.com/rss/articles/CBMisAFBVV95cUxQdmtJS0RhdmpVVTBoNm1fRVAtZmVnc2dyTUt1S1dtWnNZcU1iZkdGRk9xV2NZaFNhLThOT2ZiSVFuaTFLcjhEZWdLM1N2NTl5WEJMVkRVUnFIT0FhQ2pSbFR3dGNEWjVpRHI1bS1wUjhKT0RScmlWR0lfMXI0OHRkVDkxZVZQQlAySHB2eloydnZNRlJaT3BvOVhHQUxwSkpOSXhZYUxDWjZ1TTFsWTJYYQ?oc=5,,0,E,BRUIT,False,Faible priorité,,porte régionale: aucun ancrage régional,0,0,0,0,0,0,,absent,aucun,aucun,False,navigation,207,False,True,pertinent
2026-02-16T08:00:00+00:00,Human Rights Watch — français,Droits humains & presse,La crise financière de l’ONU menace d’interrompre les travaux en matière de droits humains,https://news.google.com/rss/articles/CBMiuwFBVV95cUxOUVJGZXh2YkIweHBDbFpWbkFreTlBYVV4Z2ZfNjBhU0dGWUJOSXhiLUVGS01DUmFQaUdPdXJQT09QWWZiOTVjTF9QWl92U3VycW5tT2kwTjg2eWZiSHZ3S0F0LWRxZldMeldtcW80UWNHZlFfZ3Rabm5DOHFWOHhla2RwSUxCdUplalFHWlJpSXJrekFsZ05RbGRWOTd0NDlmWDFwcVd2VTk4dVcxdE15VVZpTEdsbVBzYTFn?oc=5,,7,E,BRUIT,False,Faible priorité,droits humains,porte régionale: aucun ancrage régional,0,0,0,4,3,0,,absent,aucun,aucun,False,navigation,209,True,True,pertinent
2026-02-16T08:00:00+00:00,Human Rights Watch — français,Droits humains & presse,Ouzbékistan : Des producteurs de coton et de blé exploités et victimes d’abus,https://news.google.com/rss/articles/CBMiswFBVV95cUxNYWp6SFB5bk5hOU9ZNjM2Wlp4bmphV0NaMnNMSGd3ZW1Tal96ajhacVBuN3EwN01Gc2ZPMXBlQnhkM3k4aXFoR28zNTZWdzV5aXc3XzhJR09hQ0NPM0N5Snh0SHJySzRfM0RqekVtaUw1M2o4RkF2anZOR2NmSk5rZUNsWGZJTU4tdWp3YWc5aFF6a3NUeHhHc0RDak02bW1pQ09zWkFxRDlnR1BudFdPQTIxMA?oc=5,,12,E,BRUIT,False,Faible priorité,ouzbékistan,Asie centrale: ouzbékistan; plafond V9: aucun ancrage HR principal,12,0,0,0,0,0,ouzbekistan,sujet_principal,aucun,aucun,False,navigation,209,True,True,pertinent
2026-02-16T08:00:00+00:00,Human Rights Watch — russe,Droits humains & presse,«У фермеров нет свободы»: Нарушения прав и эксплуатация фермеров в Узбекистане | HRW,https://news.google.com/rss/articles/CBMiW0FVX3lxTE5CWERhMGNkcEJpbmxUSGo0aUdDT2RJUnh6Zl9XeEZqT2dwdk1Gd0h4YWN3WkhCaVY5WTdmcC1HZHdJUHBfRENSaEY1d1lpcmk0S2p1UUloY3FZa0E?oc=5,,19,E,BRUIT,False,Faible priorité,узбекистан; узбек; нарушения прав,"Asie centrale: узбекистан, узбек; plafond V9: aucun ancrage HR principal",12,0,0,4,3,0,ouzbekistan,sujet_principal,aucun,aucun,False,navigation,209,True,True,pertinent
2026-02-04T08:31:15+00:00,Human Rights Watch — russe,Droits humains & presse,ВСЕМИРНЫЙ ДОКЛАД 2026: Rights Trends in Кыргызстан,https://news.google.com/rss/articles/CBMid0FVX3lxTFBjSzRSYWN3VV9KSXhEQ1YzYXdEeGhzNGpkMGVzcGdQNTEzdFF0T0ktZmJhTENHOENHc0tORjQ5VmxhWjFkMVJGQ2ZEUm5TWGFDQU5Vb1JMSHItdHBVS2N3c0NXLWlLUzR0VmtkaV8tVUJHSlFqZGF3?oc=5,,12,E,BRUIT,False,Faible priorité,кыргызстан; кыргыз,"Asie centrale: кыргызстан, кыргыз; plafond V9: aucun ancrage HR principal",12,0,0,0,0,0,kirghizistan,sujet_principal,aucun,aucun,False,navigation,221,True,True,pertinent
2026-02-04T08:00:00+00:00,Human Rights Watch — russe,Droits humains & presse,ВСЕМИРНЫЙ ДОКЛАД 2026,https://news.google.com/rss/articles/CBMiUkFVX3lxTFBxS0JPWGNmbHk5Z3ZfU0owdUdUZjlodm50UFNwZW9PY1dYYVZpSEtuUWdOUjhSamFxemlESGxkOFpJaUdac09RVG1DMnlaeEZYVUE?oc=5,,0,E,BRUIT,False,Faible priorité,,porte régionale: aucun ancrage régional,0,0,0,0,0,0,,absent,aucun,aucun,False,navigation,221,True,True,pertinent
2026-02-04T04:59:14+00:00,Human Rights Watch — français,Droits humains & presse,Rapport mondial 2026,https://news.google.com/rss/articles/CBMiUkFVX3lxTE4tbEJ5d3VaVElOS2llRi1sVlJDenE1SXhORk9uc0E5cC1CcUJQU3FhV3NXMFhvUm1mcXBpVGtoZGhHN295d0RzaXdua2tGT2YxQlE?oc=5,,0,E,BRUIT,False,Faible priorité,,porte régionale: aucun ancrage régional,0,0,0,0,0,0,,absent,aucun,aucun,False,navigation,221,True,True,pertinent
2026-01-28T08:00:00+00:00,Human Rights Watch — français,Droits humains & presse,"Myanmar : Cinq ans après le coup d'État, la junte poursuit ses atrocités",https://news.google.com/rss/articles/CBMiqwFBVV95cUxNb1g0bE52dmFfOTloRU5tU0Z0aXFUSTdfMHgxTmpDR2FaYURPcHBBc2tET1ZsOWNrVi01S3hZT0NXZl9UanFDWC1yQTdGdDRfUWRMelNrX3Zod2dtdFV3bmZsVEZLYndwMDRHcnRHTUlSRGYtR2h1b0NmbVlhTS1jQWFnNFpCNFJ5RTkwb210eThqMUZjOXZIV1FaakVKWkx5QVh0OW1XaEw5OG8?oc=5,,0,E,BRUIT,False,Faible priorité,,porte régionale: aucun ancrage régional,0,0,0,0,0,0,,absent,aucun,aucun,False,navigation,228,True,True,pertinent
2026-01-23T08:00:00+00:00,World Uyghur Congress,Droits humains & presse,PRESS RELEASE: WUC URGES STEIMER TO RAISE UYGHUR GENOCIDE DURING HIS VISIT TO CHINA,https://news.google.com/rss/articles/CBMiuAFBVV95cUxQeDQ1OTdtcWZhY0pmci02SXJRNDFBWDV0bHN4UEZuUGZBWW5VbXNhSUpFVng4TGJ2bWFwMGlkWlVvNU1ZdnhHMjZzQU4xX084cnluRUdBMkFYWlNqaFM0dW92dEE5VEQ0Tk5DbXUxc2plZW1tYkNkdWNGVndQX3ZWQzdMX0xpUW9tekZPc0xEYzdTN0hqVWxaSVMxVThfeDVFUk94eG1JMmlyVUhGWXhiNVFiSldvNWRa?oc=5,,14,E,BRUIT,False,Géopolitique majeure,uyghur; china; visit,Ouïghours: uyghur; géopolitique / économie ordinaire; plafond V9: aucun ancrage HR principal,12,0,0,0,5,7,xinjiang,sujet_principal,minorite_ethnique,aucun,False,navigation,233,False,True,pertinent
2026-01-20T08:00:00+00:00,Human Rights Watch — français,Droits humains & presse,États-Unis : Un glissement vers l'autoritarisme ?,https://news.google.com/rss/articles/CBMijwFBVV95cUxPZ09pbFdQYUdWaDdwdnpTU0lYTGJYaXBZTE03ZmM0MEdvVDR1T2pVemRSbkYxdDRwUVQwQk5aUHVXN21LUmI2UVh5cHBuTzBDbWR6R215bExLQ1p2bjFvekVFYTVMRHJYd3NpSkVUMU84RGgzMkdrd01qYWZIVVhJZTRHb3hVZEhyQXVESWc4QQ?oc=5,,0,E,BRUIT,False,Faible priorité,,porte régionale: aucun ancrage régional,0,0,0,0,0,0,,absent,aucun,aucun,False,navigation,236,True,True,pertinent
2026-01-16T08:00:00+00:00,Human Rights Watch,Droits humains & presse,Iran: Growing Evidence of Countrywide Massacres,https://news.google.com/rss/articles/CBMiigFBVV95cUxOMW1oQ1FibGxKazFBN0I5aFZuYnp2SnJKWERkdWpMcmVVajA4UEM1WV8xMXBFSlBnckt6SFlHclFfYm1CeS1ERi1ycXZNVUdVa09Wc0ROSE0tdy11LVdsa1puVnRwQmxkdFBuUDNxbUQzZTZ3Wm1CSWdHeGVWbE1NTkhRSWZVb2l5R1E?oc=5,,12,E,BRUIT,False,Géopolitique majeure,iran,porte régionale: aucun ancrage régional,0,0,0,0,5,7,iran,sujet_principal,aucun,aucun,False,navigation,240,True,True,pertinent
2026-01-16T08:00:00+00:00,Human Rights Watch — français,Droits humains & presse,Iran : Nombre croissant de preuves de massacres dans tout le pays,https://news.google.com/rss/articles/CBMipAFBVV95cUxPTkE0MDZ5eHFobFppTW1jbTNDWUhReFNmRVI3LWFjcmUyX3J6cmV4LWM3ZzVtT1Z4T2VLS3R3cnRvSHhqR1JtRjRwZ0tYQzhzdmRuSHNNb1V6c0l0azF6MVozcmZsVlBZNUItY2lWRWc2TmZJMGRjenc5c1I5eUZWQ0pkZ1JaOU03R1g4YVpZSTQ4dkY5eW41TjNKamxtdVVDbko0dw?oc=5,,12,E,BRUIT,False,Géopolitique majeure,iran,porte régionale: aucun ancrage régional,0,0,0,0,5,7,iran,sujet_principal,aucun,aucun,False,navigation,240,True,True,pertinent
2026-01-14T08:00:00+00:00,Human Rights Watch,Droits humains & presse,Brutal Police Raid on LGBT-friendly Venue in Azerbaijan,https://news.google.com/rss/articles/CBMilgFBVV95cUxNY3puZHVfYlllLWJLcThBd01PMENBanVXZ2p6RmpnTEdna1lMNmt2NFI5MWhIYzBycjFsR2c1THE3OTN2bFNxVlRlaEcyRVBkNHJ5VXhTMUpraXZXSnZSMnc4SVpKay10aXpBNG1pckM5S0V5X1l4eVpjRWRCWXNwZVBJbUJUTWRSbzNVQVFoc1VtM1RwNHc?oc=5,,7,E,BRUIT,False,Faible priorité,azerbaijan; police,Caucase: azerbaijan; plafond V9: aucun ancrage HR principal,12,0,0,0,0,0,azerbaidjan,sujet_principal,aucun,aucun,False,navigation,242,True,True,pertinent
2026-01-13T08:00:00+00:00,Human Rights Watch — français,Droits humains & presse,"En RD Congo, la justice n’a toujours pas été rendue pour le meurtre de deux experts de l’ONU",https://news.google.com/rss/articles/CBMivAFBVV95cUxNSzhuemxkTTRFUTB3YzN5N3ltVnJ0UEREbENWVUtRNXkzT0VnS01rRWZweXg3SVRJczFtZnVVbV9ZX0NvcWlpV05FaTRvb1JTSXJaTTljQWlrZ3RsUTh5QndjQVdYMC1hOGFFWW45eFlSMTdoUFV2ZVYxZ3hkLV9QWU5XOUxBMk11eFY4V1pNWDFSNmVwbXdXUmROXzdubmhZRGZlLS1PVWR3Y05ETlhEMTFOV05tVTZJazNGag?oc=5,,5,E,BRUIT,False,Faible priorité,,porte régionale: aucun ancrage régional,0,5,0,0,0,0,,absent,aucun,aucun,False,navigation,243,True,True,pertinent
2026-01-05T12:33:52+00:00,George C. Marshall European Center for Security Studies,Sécurité & géopolitique (think tanks),Alumni Programs,https://news.google.com/rss/articles/CBMiZ0FVX3lxTE53emxmTThIXzA3M2Mxa2x1VVliclBidnRTRWZWUnN3aWN4cXJBVmlfbTVWem1fV3JESlItOGlWT2pwSzBkWXVwbjhqNzRwN2dqQzBWM3RJaUVUQXhkTjFBdTBhMWR2Qnc?oc=5,,0,E,BRUIT,False,Faible priorité,,porte régionale: aucun ancrage régional,0,0,0,0,0,0,,absent,aucun,aucun,False,navigation,251,False,True,pertinent
2026-01-02T02:49:26+00:00,Al Jazeera — Turkmenistan,Médias indépendants,Turkmenistan legalises crypto mining and exchanges in shift for economy,https://www.aljazeera.com/news/2026/1/2/turkmenistan-legalises-crypto-mining-and-exchanges-in-shift-for-economy,,22,E,FAIBLE,False,Faible priorité,turkmenistan; central asia; central asian; kyrgyzstan; journalists; independent media,Asie centrale: turkmenistan; géographie confirmée dans le corps; plafond V9: sujet non-HR,15,7,0,0,0,0,"turkmenistan, autre, kirghizistan, iran, afghanistan, russie",sujet_principal,journaliste,aucun,False,evenement_date,254,False,True,pertinent
2025-12-26T15:00:38+00:00,Al Jazeera — Tajikistan,Médias indépendants,"Tajikistan-Taliban border clashes: What’s behind them, why it affects China",https://www.aljazeera.com/news/2025/12/26/tajikistan-taliban-border-clashes-whats-behind-them-why-it-affects-china,,27,E,FAIBLE,False,Géopolitique majeure,tajikistan; central asia; tajik; dushanbe; xinjiang; border clashes; china; taliban,Asie centrale: tajikistan; géographie confirmée dans le corps; plafond V9: confirmation HR dans le body,15,0,0,0,5,7,"tadjikistan, autre, xinjiang, afghanistan",sujet_principal,minorite_ethnique,aucun,False,evenement_date,261,False,True,pertinent
2025-12-25T14:51:50+00:00,Al Jazeera — Tajikistan,Médias indépendants,"Five people killed in firefight on Tajik-Afghan border, Tajikistan says",https://www.aljazeera.com/news/2025/12/25/five-killed-at-tajikistan-afghanistan-border-in-armed-clash,,15,E,BRUIT,False,Faible priorité,tajikistan; tajik; central asia; uzbek; uighur,"Asie centrale: tajikistan, tajik; géographie confirmée dans le corps; plafond V9: confirmation HR dans le body",15,0,0,0,0,0,"tadjikistan, autre, ouzbekistan, xinjiang, afghanistan",sujet_principal,"citoyen_ordinaire, minorite_ethnique",aucun,False,evenement_date,262,False,True,pertinent
2025-12-14T08:00:00+00:00,World Uyghur Congress,Droits humains & presse,PRESS RELEASE: WUC Warns Against Deportation of Uyghur Camp Witness Guan Heng,https://news.google.com/rss/articles/CBMisAFBVV95cUxOTHdFRll6YmhDUGMtckVNSHpuY1FKZkdFQnJIREhxc1dWaEs3LTdkSDF4dW5OcDNqNHViSUpyckF5eHlpbUxKcW9mWGZJOENheW1EeENjeHZJczRwNDJpS3h0T1RxUkI1VlIweEF3V2o3U1l0d01ZRW8zZDV1LVNMYWgtQVFDMHhSQkQxUl9sdS1PbmNFZ0dFbWhtTzZiSFc3aFIxQUtNQXMybEpYU1h2Vw?oc=5,,12,E,BRUIT,False,Faible priorité,uyghur,Ouïghours: uyghur; plafond V9: aucun ancrage HR principal,12,0,0,0,0,0,xinjiang,sujet_principal,minorite_ethnique,expulsion_extradition,False,navigation,273,False,True,pertinent
2025-12-04T08:00:00+00:00,Human Rights Watch — français,Droits humains & presse,Géorgie : Des lois répressives criminalisent les manifestations pacifiques,https://news.google.com/rss/articles/CBMisAFBVV95cUxPaFFfc1pqczFORWNJRXhxX1NES05MRGdQcTI4My1kZWIyVi1fTkpzcWZRMVVDZmp5dUt1ellWZW52RDVVdHYzQXZzaVVYS2trOHZvWVZHWl9kUkdsaDlkd0s4YlNSWDVzaTllN0o2Rms0Y0VIWVhRSUxsS2NYdzFYcEFKclZqMmJVNUgwRi10ZGNWbTZkbG1uSGNZMUNyeDE3VjJ4Wm1YOUFuTjZRUzg5aw?oc=5,,12,E,BRUIT,False,Faible priorité,géorgie,Caucase: géorgie; plafond V9: aucun ancrage HR principal,12,0,0,0,0,0,georgie,sujet_principal,aucun,aucun,False,navigation,283,True,True,pertinent
2025-12-01T08:00:00+00:00,Human Rights Watch — français,Droits humains & presse,Cour pénale internationale : La justice en danger,https://news.google.com/rss/articles/CBMijwFBVV95cUxNUmVnTGpac0Z5SGJYdnRueGxzZ2h6dUdsdW84T24tZV9JRjgxTHRhYzZwd2ptRkRTd3JpaDVGMHZjblItaEh2bnVBZ0gxWnEzY253NGh5QXpXVlctTkNkUHZBcnlqTWxKSm1pRlB6QmhoWjhlOXlQQ0hULUZtUjRiRjZHbTJDYjFqa0JnUTNRdw?oc=5,,0,E,BRUIT,False,Faible priorité,,porte régionale: aucun ancrage régional,0,0,0,0,0,0,,absent,aucun,aucun,False,navigation,286,True,True,pertinent
2025-12-01T08:00:00+00:00,Human Rights Watch — russe,Droits humains & presse,Россия: Власти признали Human Rights Watch «нежелательной» организацией,https://news.google.com/rss/articles/CBMinwFBVV95cUxQRjZFVzczblR0dXF4SV9pTS13Rk1kZGVXcDdSSlhVdFoteUIyRWxnenVqZ0J4TmlwdVJodFcxYjE2TUVYc2I1UlgtTmZkd3RGU2t1OHhUaXRNeWlTQWFZMjdZcXRSR0pXUVFBY29ram9EVzVKX0dJWlNWN1RGV2hkbHJWQ2VIWWl1VFJUOURnNGxOM2FmM2JyaW5hS0tTbzA?oc=5,,11,E,BRUIT,False,Politique intérieure,human rights; власти; россия,porte régionale: aucun ancrage régional,0,0,0,4,5,7,russie,sujet_principal,aucun,aucun,False,navigation,286,True,True,pertinent
2025-11-30T08:00:00+00:00,AP News — Kyrgyzstan,Médias indépendants,Kyrgyzstan holds snap parliamentary vote as opposition faces crackdown,https://news.google.com/rss/articles/CBMiuAFBVV95cUxONmV1aDJ0YTFlTFVtZHNZaS1hY1NJa051cHNZODdsaFlMeFZBVUYxako4MEdFRnRodmtwTFd2UTR6c21CdjR3WHRKOXhMb0ZoMm55Wnh5MWZFYURONTBlb1pwYVBDejVSRjNIaEh1ZFptR0k5VEtiX3VTTEJ3bUJQMU5sbXAxRUR6SXk3NnJHb1NsZzRCS3dXVjV2bjE5THVtbzdtWmNkNkVQcEhjQ3VQMy1XWGY0dmQ3?oc=5,,32,E,FAIBLE,False,Répression / droits humains,kyrgyzstan; crackdown; parliamentary; opposition,Asie centrale: kyrgyzstan; plafond V9: aucun ancrage HR principal,12,0,14,0,6,0,kirghizistan,sujet_principal,aucun,pression_administrative,False,navigation,287,False,True,pertinent
2025-11-27T08:00:00+00:00,AP News — Kyrgyzstan,Médias indépendants,Kremlin confirms US envoy will visit as talks on ending war in Ukraine gain momentum,https://news.google.com/rss/articles/CBMipgFBVV95cUxPRVo5eklfQ2FOa24yUTIwcWRPREY2T2hGTEJwaEZoM1VBQzJmeW5ZYjFPLVRFUlR4RnlyanpwZlJJNERhWFp3M25xd3MtaTN3OEJ1ZWVKX21KNkk3RXFZTDBlZEluQnozWkhaSU5LelJ3NDZnMHYwQUR0MHo1NnZ0aHVxU0xleWsycDNaU1NXajY3aHRtZ0xxb2xTUF9lc3pNaTdLdUln?oc=5,,2,E,BRUIT,False,Géopolitique majeure,war; ukraine; talks; visit,géopolitique / économie ordinaire; porte régionale: aucun ancrage régional,0,0,0,0,5,7,,absent,aucun,aucun,False,navigation,290,False,True,pertinent
2025-11-26T15:43:38+00:00,Human Rights Watch — français,Droits humains & presse,Sylvain Aubry,https://news.google.com/rss/articles/CBMiXkFVX3lxTFA1bHU5TXZNRWE5Tzd2Nk1Md2l1T1JobVVIa1RTYXNVT0l1dEFoNXpPLTVoVmdQVHo0QURiM2w0RTJNQy1BTk1kQW04WGdhWHF6UWU4OXdJd3BNaUpUZXc?oc=5,,0,E,BRUIT,False,Faible priorité,,porte régionale: aucun ancrage régional,0,0,0,0,0,0,,absent,aucun,aucun,False,navigation,291,True,True,pertinent
2025-11-26T08:00:00+00:00,International Crisis Group,Sécurité & géopolitique (think tanks),Restoring Security in Post-Assad Syria: Lessons from the Coast and Suweida,https://news.google.com/rss/articles/CBMixwFBVV95cUxOcl9hbXRFcDBHdjVtQkh2cnB0V0tLQW1BenRibGdqcldKNUhwOGpOQmlndHMzaXFxTWo4ZFFkS05xRVh1YTcyTXZLUWltb3hrT1ZJSnJZSExYOUNmMkdBU0hKTDRET0NyYkVScDhDOXVFeHktbUU2Q3dnZXRDSTBzV3ZTLXl6WWJNX0VmVXYtajJKOEJhektNR1RGbVR2YklzZ2ZacjZ6ZlcxNDgzNW5UU3VfOS02NzBZOW5sOWQwZHc0RnVsMFJr?oc=5,,0,E,BRUIT,False,Faible priorité,,porte régionale: aucun ancrage régional,0,0,0,0,0,0,,absent,aucun,aucun,False,navigation,291,False,True,pertinent
2025-11-18T08:00:00+00:00,Human Rights Watch — français,Droits humains & presse,Elvire Fondacci,https://news.google.com/rss/articles/CBMiYEFVX3lxTE9iaTlJMlNsSEtPM19PTFhZVy1IRlE1U0ltRDVmYVh3ek0xblRvRWRvZF85WndPY0FPNDcxc1BkV2dUbm9vSkJkVEI2dEp3VmhfZnhEbnFxYktDSGVlTzVsQw?oc=5,,0,E,BRUIT,False,Faible priorité,,porte régionale: aucun ancrage régional,0,0,0,0,0,0,,absent,aucun,aucun,False,navigation,299,True,True,pertinent
2025-11-08T07:41:04+00:00,Al Jazeera — Uzbekistan,Médias indépendants,"Ukraine says over 1,400 Africans recruited to fight for Russia in war",https://www.aljazeera.com/news/2025/11/8/ukraines-fm-says-over-1400-africans-recruited-to-fight-for-russia-in-war,,32,E,FAIBLE,False,Répression / droits humains,central asia; uzbekistan; tajikistan; news outlet; charges; sentence; detained; war; russia; ukraine; prison sentence,plafond V9: confirmation HR dans le body,0,7,12,0,6,7,"russie, autre, ouzbekistan, tadjikistan",sujet_principal,"journaliste, femme","detention, condamnation",True,evenement_date,309,False,True,pertinent
2025-11-06T23:04:11+00:00,Al Jazeera — Kazakhstan,Médias indépendants,"Kazakhstan, which already recognises Israel, to join ‘Abraham Accords’",https://www.aljazeera.com/news/2025/11/6/kazakhstan-which-already-recognises-israel-to-join-abraham-accords,,15,E,BRUIT,False,Faible priorité,kazakhstan; central asian; kazakh; court; detention,Asie centrale: kazakhstan; géographie confirmée dans le corps; plafond V9: aucun ancrage HR principal,15,0,0,0,0,0,"kazakhstan, autre, iran",sujet_principal,defenseur,detention,False,evenement_date,310,False,True,pertinent
2025-11-04T08:00:00+00:00,Human Rights Watch — français,Droits humains & presse,Tanzanie : Répression meurtrière suite aux élections contestées,https://news.google.com/rss/articles/CBMiogFBVV95cUxNcHJoUU4tOWMyd2tWcmNnWkhtR0g4UnlBNkpsa1RnSWVjOUVTTlpLV2puNGxUaDJMOGJBYW9SZXdUTzNmRXh3bGVNTk9HVWNGQ004VkZjaFlmcHRmMW5MNTFKckRYalNzYVhvNUJnOWs0bEMxMnB4RnVTXzRjWXpDTHFURW9IVWFzT0c3RzBIN203UmlacjVGREs1dEgzeE85VkE?oc=5,,2,E,BRUIT,False,Faible priorité,répression,porte régionale: aucun ancrage régional,0,0,2,0,0,0,,absent,aucun,pression_administrative,False,navigation,313,True,True,pertinent
2025-10-31T07:00:00+00:00,UN Women — Europe & Asie centrale,Droits humains & presse,Peace professional: “Equality in uniform begins with equality in the household”,https://news.google.com/rss/articles/CBMizgFBVV95cUxQOEdtOW1vY0pWVkdJbVQ5b2dVZFRkSWlLbWNJLU1aSTlnMEhmbVc2bXg1UlY2aGhmb2R2d1BPemJvZnNlTHZKRUVxM1VUckN1bkRwbmt4aU9OM1NxOF9JOHIzWnVZS2RmSDVOSnRUdm9MTFozbExxQ2tEaXBnZnUtMjVFVlRRWHhub2ota0U2M21xSHRjT3F2eXE1V0JycFRsa1BoZk1SaXVyQ3NOUUIweElBNnFxRmMxT29GZU9VWVJ2U3plcXd4cnpqTkdOdw?oc=5,,0,E,BRUIT,False,Faible priorité,,porte régionale: aucun ancrage régional,0,0,0,0,0,0,,absent,aucun,aucun,False,navigation,317,False,True,pertinent
2025-10-21T07:00:00+00:00,World Uyghur Congress,Droits humains & presse,WUC Congratulates Ms. Sanae Takaichi on Her Election as Japan’s 104th Prime Minister,https://news.google.com/rss/articles/CBMivAFBVV95cUxNZUotQXMxMl90WFQtaGo5WnBXU0tQZ3ViT29KRDN2NGtXOWZKbVJTaEcyeVg3aWVoc2hOX2V0VGlBZ2NtX05UV3QxYWhiTEZ5WFVJZUhBVDJDTlpiR0p1QWY3WEhKWTZOQ25qREZURWIzOXNibENmRDdvX0xIdFpnMGxHclE4NmJIbGQ2RXRzRTEtMzVudjZrbXRkWVlQSjEwRVVyOHZXeUJiajhhTjI2dld1ZG1EdU5lQmwtUg?oc=5,,0,E,BRUIT,False,Politique intérieure,prime minister; election; minister,porte régionale: aucun ancrage régional,0,0,0,0,2,0,,absent,aucun,aucun,False,navigation,327,False,True,pertinent
2025-09-23T07:00:00+00:00,Human Rights Watch,Droits humains & presse,“Are you Alawi?”: Identity-Based Killings During Syria’s Transition | HRW,https://news.google.com/rss/articles/CBMiogFBVV95cUxPVUFlQll4WmpKODhOTWU3a1hnYWhvdzBzaWdUSXZsYi16anVOSlZfdjBKRGxaQkREeW1YTlJjZGVEVHRZNmhBTXBkQzhZUFR3NUF1MDZQbjRsenNsUlpvajAyaTIyYmdVV2xWY0daWHBGMmE4V2JueXJveDBsNWJDM25FTE50TzVMQkVoNzN4NXlMQkFFR3MyMko2NGx3SDFFbnc?oc=5,,0,E,BRUIT,False,Faible priorité,,porte régionale: aucun ancrage régional,0,0,0,0,0,0,,absent,aucun,aucun,False,navigation,355,True,True,pertinent
2025-09-12T07:00:00+00:00,International Crisis Group,Sécurité & géopolitique (think tanks),The Horn,https://news.google.com/rss/articles/CBMiZkFVX3lxTE1jTzRHN1ZlOHpMNC1CbXJ3X3Q2cVF1UlVOeFZwR2JZZ0F6OTVuMzVwekdGMjdiZTloSHFIOWNucTFDbXhWcHVNOXFneGFONWl6dHlMdUllbmo3QkIzSUxyTld3dFhwZw?oc=5,,0,E,BRUIT,False,Faible priorité,,porte régionale: aucun ancrage régional,0,0,0,0,0,0,,absent,aucun,aucun,False,navigation,366,False,True,pertinent
2025-09-09T07:00:00+00:00,ARTICLE 19,Droits humains & presse,China: Legislature review of draft cybersecurity law has global consequences - ARTICLE 19,https://news.google.com/rss/articles/CBMisgFBVV95cUxOdnJWemFZTGJFZFd4MFg3NnNqVzBEUC14Nko4WUNyclczbnBRYi0yWWtLU0ZSTFBuQURjYVRoNmFrZTQxT2R1SW5yWkNVTmJ5dFVxalk4aUhOSFRqQ2dMeEd4dEZtNWtnUFd6NHI0RlZjdFRmUlQ0NzBmTlNaLVE5Nzd4R0d3SmVVbE9yZnRFX2hWNHpPcVBIcTZKTEp6c09USTdITmlwNDZuVUdONnJIMGNn?oc=5,,12,E,BRUIT,False,Géopolitique majeure,china,porte régionale: aucun ancrage régional,0,0,0,0,5,7,,absent,aucun,aucun,False,navigation,369,False,True,pertinent
2025-09-08T07:00:00+00:00,TASS — russe,Médias officiels (contrepoint),"Ушаков: Путин сказал Трампу, что могли бы сделать США для урегулирования на Украине",https://news.google.com/rss/articles/CBMiSEFVX3lxTE8wbm85Ymdjb3BxV1pLQmFydGNiS1Q1QVA3NHplX2VteEhtbEh2NVBIemQzLV8tQy1tSTlsMW90ZVlnaEZ1SU04aQ?oc=5,,12,E,BRUIT,False,Géopolitique majeure,сша,porte régionale: aucun ancrage régional,0,0,0,0,5,7,,absent,aucun,aucun,False,navigation,370,False,True,pertinent
2025-09-03T07:00:00+00:00,Human Rights Watch — français,Droits humains & presse,Le Burkina Faso criminalise les relations homosexuelles,https://news.google.com/rss/articles/CBMimgFBVV95cUxPZ1c3RFJzalJ5Rl9WX21KRHNWWi1OWDFkcjRGa21rRjRLWVVMeWNUbnVnOVJhWjA5YldlSGs1WXNjME5NRXM3RFBqX1YwZC1WWTBvam1fVFp2MVNHd01VWmlERTZHQmhSTFlXRzAyelJITExBaUhYM1Q2aHk4S09MY29rX1lKT3NTQjVlb2FweWlDeU83b1hYaVBB?oc=5,,0,E,BRUIT,False,Faible priorité,,porte régionale: aucun ancrage régional,0,0,0,0,0,0,,absent,aucun,aucun,False,navigation,375,True,True,pertinent
2025-09-01T07:00:00+00:00,AP News — Uzbekistan,Médias indépendants,SCO summit could challenge US dominance and lend weight to China’s vision of a multipolar world,https://news.google.com/rss/articles/CBMitgFBVV95cUxOdnZrSUtweFNYNXZLbkZ5YXVpY1ppWmNhTTk2bGVoZk1VeUpWQUdhNU40N195SWZFX29Mc2tmUTJ4V2lXSk9LUXpkczFOMFZVSWlnSm9qVUtnWmhBZ28tSDBjQUstTVhMd3pONDVRMnIxRzZfeHRMNThlRXNzbGxJaXhrYkR0cEZOR1pKME1rcUxHSEh2NnhzLUdkT2NhNmhTR3A4S3M0bWRNVllkbnFpMldfaDE4Zw?oc=5,,5,E,BRUIT,False,Géopolitique majeure,china; summit,géopolitique / économie ordinaire; porte régionale: aucun ancrage régional,0,0,0,0,5,10,,absent,aucun,aucun,False,navigation,377,False,True,pertinent
2025-08-30T08:07:46+00:00,Al Jazeera — Uzbekistan,Médias indépendants,"SCO summit in China: Who’s attending, what’s at stake amid Trump tariffs?",https://www.aljazeera.com/news/2025/8/30/sco-summit-in-china-whos-attending-whats-at-stake-amid-trump-tariffs,,31,E,FAIBLE,False,Répression / droits humains,kazakhstan; uzbekistan; kyrgyzstan; tajikistan; tajik; astana; reporters; threats; court; china; summit,plafond V9: confirmation HR dans le body,0,7,8,0,6,10,"kazakhstan, ouzbekistan, kirghizistan, tadjikistan, iran, russie",mention_secondaire,journaliste,pression_administrative,False,evenement_date,379,False,True,pertinent
2025-08-20T07:00:00+00:00,Swiss Political Science Review,Économie & recherche,Swiss Euroscepticism from a Comparative Perspective - Good - 2026 - Swiss Political Science Review,https://news.google.com/rss/articles/CBMiZEFVX3lxTE15RHQ0NXF0QzJ6UlV1MkRUZWZjY0dVMzNqZnFlNDItYkk5UFFMUTVBYWtFUHQ0S1V1VUtsajR6MDRxa2FYUTdEaVF2RmlQTEJxMkNhb2JhV09IV1VXQS1BT3Rodmw?oc=5,,0,E,BRUIT,False,Faible priorité,,porte régionale: aucun ancrage régional,0,0,0,0,0,0,,absent,aucun,aucun,False,navigation,389,False,True,pertinent
2025-08-15T07:00:00+00:00,AP News — Tajikistan,Médias indépendants,Match against Ronaldo’s Al-Nassr ‘once-in-a-lifetime moment’ for Indian club FC Goa,https://news.google.com/rss/articles/CBMisAFBVV95cUxORUJyVjVIY1ZWbDFZcXN4Y1N3SmpKTXZKYTZPdmh0WkdWNFJld1JaSFJnWHdtcHItSmppNjBNdjEtOFEtTnNuSjJpZ3d0YjVXdWNfYk01RjA1Y1ZBcHhMWmlLQkZwOFpNYzE2bWpUaHdVQUU2TWVyVU9YVmJwRDlRbHcwUUdTQmtBV0NBN0c1NDNqa2RfRlZEVGFCWjBuM0kyU3ZYbTQwUW42eWVwOXdXag?oc=5,,0,E,BRUIT,False,Faible priorité,,porte régionale: aucun ancrage régional,0,0,0,0,0,0,,absent,aucun,aucun,False,navigation,394,False,True,pertinent
2025-08-14T07:00:00+00:00,Human Rights Watch — français,Droits humains & presse,Iran : L'attaque israélienne contre la prison d'Evin constitue un crime de guerre manifeste,https://news.google.com/rss/articles/CBMitwFBVV95cUxPcFdvTTBKYTlsak4weTlCczlUOWFWMk1IR1NJRWdSemlpZkNPd3A4WVBCdXR3MXZSaHF5ZDVZUU1LelNhWFc3MlZyRVUxZ0lvSlVHVzlRQXUzNXBkTGkzdFViRnVKR3pleFFjQUhrNEVSQTdTbDhoMzhhNElNWGlPOXRKM3YxMlNyM0NZdzBhTU5NZUFrVXNabi1MWGdScUVXNk9MSUtNQWxXdnVWMXZaZnp2Skhrblk?oc=5,,12,E,BRUIT,False,Géopolitique majeure,iran,porte régionale: aucun ancrage régional,0,0,0,0,5,7,iran,sujet_principal,aucun,aucun,False,navigation,395,True,True,pertinent
2025-08-02T07:00:00+00:00,AP News — Kyrgyzstan,Médias indépendants,Photos from Kyrgyzstan show traditional hunters with eagles at the Salbuurun festival,https://news.google.com/rss/articles/CBMivwFBVV95cUxOM25nVFM3YkU5bXJISFlISmw5cVJsUDlHMlo4MHRRVWV1WWRFOEQzZ0dMYTN0VEJKVXZERUtwTUdZdnUtcmFxMnFHTTN6R3p2dWpQYTZpNXdHVUt1cDVVanV0S3BLYWpLUk1aU3NXQzNPZUFaLXlGSkVWSDR3LVlDQlQxOUs0ajZsbGxOQ1paN2JleExTMWltaExDT1hKaHVLX0dyUWdfUFc0cEk5Mk1qWnk4N1d1U29YRnZQSkNqOA?oc=5,,12,E,BRUIT,False,Faible priorité,kyrgyzstan; festival,Asie centrale: kyrgyzstan; plafond V9: aucun ancrage HR principal,12,0,0,0,0,0,kirghizistan,sujet_principal,aucun,aucun,False,navigation,407,False,True,pertinent
2025-07-31T07:00:00+00:00,World Uyghur Congress,Droits humains & presse,World Uyghur Congress Alarmed by Growing Online Evidence of Coerced Uyghur-Han Marriages,https://news.google.com/rss/articles/CBMiwAFBVV95cUxOWnU5T0VpNWhSQmR0VGstSmRINkxwZ2l0Wm1ETjB6QVRiSnlweFJtelV3WlhpcWdFejducXRNQXgtVFlDV1VmcEZQX0xWY1RZOER6VUtOZUhmQ1lfM3hSU0tuYjlaamQ4NWJpbDJTUGl4TUF4aXlyNE5kN0UybmtwTEkyakM1bDlQRHRjT05qUk83QXU1NlVVdGthYTNrWGpJUGdxRGgxdjIxUDJLZ19sSG1hTnotMUVUOHZEM0ZWdFg?oc=5,,12,E,BRUIT,False,Faible priorité,uyghur,Ouïghours: uyghur; plafond V9: aucun ancrage HR principal,12,0,0,0,0,0,xinjiang,sujet_principal,minorite_ethnique,aucun,False,navigation,409,False,True,pertinent
2025-07-30T07:00:00+00:00,Human Rights Watch — russe,Droits humains & presse,"Россия: Блокировки, сбои и растущая изоляция РуНета",https://news.google.com/rss/articles/CBMiogFBVV95cUxQZDZ3YXVmcHR2ZFR1REFFVHR5T20ySWtYdHl1VVl4SHJINUtUTVpTVHZ0OFg1Y0s0QW9qODR5ZWVpeVZFZzJxTExGSUI1UzE4aW1YM3hNeEYxSWtMb1VrakQwbEEwTzl2eTJGb3ozZ3Y5cFF6ZzkxS2hTV09reVQxeEl2ZFhpdFdrQlBWdERYNmZlNXBsWWE5WHAwRXlHSUZzdWc?oc=5,,12,E,BRUIT,False,Géopolitique majeure,россия,porte régionale: aucun ancrage régional,0,0,0,0,5,7,russie,sujet_principal,aucun,aucun,False,navigation,410,True,True,pertinent
2025-07-30T07:00:00+00:00,Human Rights Watch — russe,Droits humains & presse,"Турция: пропали два гражданина Туркменистана, которым грозит депортация",https://news.google.com/rss/articles/CBMilgFBVV95cUxNZTdmQXR4Z2hUX3VTMTdYdXMwTHhlN0NIbFdZbXJ4VldHaTV1ZGg5Vl9sbzVfS0x4T2RNa1hSZU9uZzRvWkNoamJ5MDFrQVhwc3BrSTJINXlqb05SRWctclBuZWh4OHRZUzRrTTB5NFIybkN1bHE0THdMdXNQd2RBcmpMVGQ3bXZzRTh3VmtlV0tUYzJ4NkE?oc=5,,12,E,BRUIT,False,Faible priorité,туркменистан; туркмен,"Asie centrale: туркменистан, туркмен; plafond V9: aucun ancrage HR principal",12,0,0,0,0,0,turkmenistan,sujet_principal,aucun,expulsion_extradition,False,navigation,410,True,True,pertinent
2025-07-27T07:00:00+00:00,Human Rights Watch — français,Droits humains & presse,Conférence de l’ONU sur la Palestine : l’heure est à l’action,https://news.google.com/rss/articles/CBMimwFBVV95cUxNN0ZndG9pSC1wWXhXcDd0U3VxTXByV19NZHE0YlFvbEhVOFVKX0QxLTRRelM4SEpkSTFtTXVfZV9WejJEb2tDVzZLZWtoRFl4STlqY1diMVlERDNUTWZDRE5LSUZuYTNNTDBxUmpRV19RTTBjUDVNNENWTDF1SzJ2X2k3eV85cl9tMWpsRTVrRkNWdUFadHpoOWc0bw?oc=5,,0,E,BRUIT,False,Faible priorité,,porte régionale: aucun ancrage régional,0,0,0,0,0,0,,absent,aucun,aucun,False,navigation,413,True,True,pertinent
2025-07-23T07:00:00+00:00,AP News — Kyrgyzstan,Médias indépendants,Photos show an epic endurance race celebrating the bond between people and horses in Kyrgyzstan,https://news.google.com/rss/articles/CBMisgFBVV95cUxNWmxVLW5qRGpQM3NNeG8zRFNBRFlOLWxzbnhWOVZTdDlVSWhiTmw4ZXJfaTlXOHluWGhXOEhhSHNyWjIyUjRfeTJmaFkzeVYxUXphaVhHOGFIRHNLc0lxYTN2T2pJb1pMOUxQMG1FUXU2U0RSUDR3ZjlkeS1Ib2h3OXhYRlZHSDdqM19KZkhqMWdLTkRRdGtPeENwSGxCay1RLTdzTnJ5ZzhTTkJVZmxmMl9R?oc=5,,12,E,BRUIT,False,Faible priorité,kyrgyzstan,Asie centrale: kyrgyzstan; plafond V9: aucun ancrage HR principal,12,0,0,0,0,0,kirghizistan,sujet_principal,aucun,aucun,False,navigation,417,False,True,pertinent
2025-07-23T07:00:00+00:00,CIDCA (Chine),Médias officiels (contrepoint),CIDCA chairman visits Nepal,https://news.google.com/rss/articles/CBMiW0FVX3lxTE5QblVGY25ENHNVeUM1TTVTTXZWT0ozRUdxSGFkSF9EdWFEVnk0NEw1WUVCZGExS1dCd1g0ZXhRQjhYZlhBcmc5VVR0VHNHakI2X3JUT0RmYUstWEE?oc=5,,0,E,BRUIT,False,Faible priorité,,porte régionale: aucun ancrage régional,0,0,0,0,0,0,,absent,aucun,aucun,False,navigation,417,False,True,pertinent
2025-07-21T07:00:00+00:00,Human Rights Watch — français,Droits humains & presse,États-Unis : Des migrants détenus en Floride dans des conditions abusives,https://news.google.com/rss/articles/CBMirwFBVV95cUxObnB3ajBIbE5pTkgwRnBUdUl1MWhtOS00cHk4MkpUVHdQZjk0Tk5XbWxKUVFZdGxodkpUcWpJS0FOOXpQLWRWeFVGTW00RkNJeWplMmVReHRHVllYYkdyNW9faEk0Sm9naGJHUi1adm5Ed3JGWXFrQTdUdWdXRlI2S2dybDV2SkpBTEE3d1ZKWTBfQzQ4VklGMzItd2JwTlFaYmdLc3NpTkRlbDJEQklz?oc=5,,0,E,BRUIT,False,Faible priorité,,porte régionale: aucun ancrage régional,0,0,0,0,0,0,,absent,migrant,aucun,False,navigation,419,True,True,pertinent
2025-07-18T05:57:48+00:00,International Partnership for Human Rights,Droits humains & presse,PARTS OF THE PROBLEM:,https://news.google.com/rss/articles/CBMiekFVX3lxTE5QWC1wLVhSRlk4VkFLY25BNjBFdFZIdllONzJvLXpxTUZ3WGpzLVJzT1RGaFY1OHo2bm1Ga0RjUFFLbEQyQnoxMmVTUjNjYTJpbVNaRS1yR2ZRczE5aTd6ODk4TjFJWnp6dkFsaURiaTdETGs5WUNNZ1BB?oc=5,,0,E,BRUIT,False,Faible priorité,,porte régionale: aucun ancrage régional,0,0,0,0,0,0,,absent,aucun,aucun,False,navigation,422,False,True,pertinent
2025-07-09T13:06:15+00:00,CIDCA (Chine),Médias officiels (contrepoint),Department News,https://news.google.com/rss/articles/CBMiVEFVX3lxTE1kdlpTT1JoRDNwSU9kdUNqblBDbXZxVE8xa3dXLTczU2VjR0JpVEhwVjh2NV84TFZhdXNlTk9za245b0s0bklWRXY4RFVGY18wZzdCMw?oc=5,,0,E,BRUIT,False,Faible priorité,,porte régionale: aucun ancrage régional,0,0,0,0,0,0,,absent,aucun,aucun,False,navigation,431,False,True,pertinent
2025-07-08T07:00:00+00:00,Human Rights Watch — français,Droits humains & presse,Pérou : Le Congrès compromet la lutte contre le crime organisé,https://news.google.com/rss/articles/CBMioAFBVV95cUxPZGVVVXFTY1dNY1o4R1Nvc3dfck1iWFBWQ2lUWmFYeXFGbXdFanlLMHE0MFpKZlRVa25mSVVWcndkdWxWa2Z6X3BYQnF1V2FvcFdOelpNOU0yTlBxZW5vRHdqckpiZ0F4TjBLLUlMZHFDVzlnQ0RpcVUtV09MTVJUWXJfUS1DLXpmZ2ZSd3pLZVJNbHg0a3owRU10WkMtMXhs?oc=5,,0,E,BRUIT,False,Faible priorité,,porte régionale: aucun ancrage régional,0,0,0,0,0,0,,absent,aucun,aucun,False,navigation,432,True,True,pertinent
2025-07-03T07:00:00+00:00,Human Rights Watch — russe,Droits humains & presse,Россия: все больше жертв признания «движения ЛГБТ» «экстремистским»,https://news.google.com/rss/articles/CBMikAFBVV95cUxNN04tRklaMjA1Tmx4MV9YN3BwLVRZU1BMTTNXUXVKQlpRUE9KcVVXQTgySFdOcDJTbG1UQ1c1ck5JNXpJUnF5a25UNXV5XzlrT0dMSmZBZmhpYmZhRWZmN1JSM0padHRGam1PTFlJNWluc3NXLVlvLXFtVm1oNEdSUURpdWJ0dGxPb0ROWi1NM1M?oc=5,,14,E,BRUIT,False,Droits spécifiques,ЛГБТ; россия,porte régionale: aucun ancrage régional,0,0,0,2,5,7,russie,sujet_principal,aucun,aucun,False,navigation,437,True,True,pertinent
2025-07-01T20:25:54+00:00,Human Rights Watch — français,Droits humains & presse,Lettonie | Country Page | World,https://news.google.com/rss/articles/CBMiYkFVX3lxTFBnYmZHUTljenRnVnZXX0QyWXFrQmdmNTJXeUo3SHI3TUE4ZXNnTUhrSzgzSkdnb1F6cmtpY2ZJN2F5OUhfM1gzSWMzQnQzbzE3Vy1odEowRmozVnFRVU5Demxn?oc=5,,0,E,BRUIT,False,Faible priorité,,porte régionale: aucun ancrage régional,0,0,0,0,0,0,,absent,aucun,aucun,False,navigation,438,True,True,pertinent
2025-07-01T20:25:52+00:00,Human Rights Watch — français,Droits humains & presse,Estonie | Country Page | World,https://news.google.com/rss/articles/CBMiYEFVX3lxTFA0VV9DaXc0S0JUZUQ0ZUZwSVFwSTVHMlF1ZXM2T3hSVGF3SldRaGNWb2ttWHdpSE1XdktHSDl4M3lkMTgwU09WZTFtUDF0TURXdHZlTkx1QnZoZzlQOWxnSA?oc=5,,0,E,BRUIT,False,Faible priorité,,porte régionale: aucun ancrage régional,0,0,0,0,0,0,,absent,aucun,aucun,False,navigation,438,True,True,pertinent
2025-07-01T20:25:52+00:00,Human Rights Watch — français,Droits humains & presse,Finlande | Country Page | World,https://news.google.com/rss/articles/CBMiYkFVX3lxTE8wMVRTakpXSEt2WVpzVzB0Q3Z6UllKRTMzT3hwQVI0SWJmeE5zOXliS3JsbTBCWkZweUcxRm82V2FGUFhDX3pQTU0yTkJLMHkyMk5jSGJFamFIbWJiOURpaTVB?oc=5,,0,E,BRUIT,False,Faible priorité,,porte régionale: aucun ancrage régional,0,0,0,0,0,0,,absent,aucun,aucun,False,navigation,438,True,True,pertinent
2025-06-30T22:07:31+00:00,Human Rights Watch,Droits humains & presse,Philippines’ ‘War on Drugs’,https://news.google.com/rss/articles/CBMiXEFVX3lxTFBSYTZqcGdCY2RUaml0MnBCenRRSTFabFFQelQ1eGhUaWV5eFRzSmMwcklsSHl2MkY4WWFqakE2NVJ4NmpCeXRGNXdXenF3aFFxODREUlVMUktEZWp5?oc=5,,12,E,BRUIT,False,Géopolitique majeure,war,porte régionale: aucun ancrage régional,0,0,0,0,5,7,,absent,aucun,aucun,False,navigation,439,True,True,pertinent
2025-06-27T07:00:00+00:00,Human Rights Watch — français,Droits humains & presse,"En Hongrie, la Marche des Fiertés interdite, la haine autorisée",https://news.google.com/rss/articles/CBMiogFBVV95cUxNNDZxMGhGZVFnNWtBQ05sdGNUaE5JbW4walgyX1pUUHFMRnd5amNJRm5ya2hUaGNyQXRlUXNld3pOWDl4MW9JMzBoWU5yQ1BUNkFSUUtzWlFWaE5ObTJkSDJvY2drVU5FcmlfMDkxVk1oUDZiemk4ZENacjd2d3dNQ2RjdnZGSHJMNHR6NjNHZmFOdE1GVEEwMFVwb1RtTVA0Qmc?oc=5,,0,E,BRUIT,False,Faible priorité,,porte régionale: aucun ancrage régional,0,0,0,0,0,0,,absent,aucun,aucun,False,navigation,443,True,True,pertinent
2025-06-27T07:00:00+00:00,Human Rights Watch — russe,Droits humains & presse,"Казахстан: новое рассмотрение дела о заказном убийстве, в котором обвиняется жертва домашнего насилия",https://news.google.com/rss/articles/CBMimwFBVV95cUxNek90VEQtNU1HX1ZqRl9UU01lZ2poU1JkU1BESEhmX00yT1g2Y1pLaUdSLW9qUXdvQU1icWlBYllReTd0ZTNLVHkxNmpYdjR2WF84OGotdURRcnNKYUtmeXQ2blBEM2lkc1FuU2xEUjVSZ2NNQl94VWJWNmhROUg2Mkc2ZW1fWUlfZ0dBbGY4MzJGRkJWbHp3ZTR2UQ?oc=5,,12,E,BRUIT,False,Faible priorité,казахстан; казах,"Asie centrale: казахстан, казах; plafond V9: aucun ancrage HR principal",12,0,0,0,0,0,kazakhstan,sujet_principal,aucun,aucun,False,navigation,443,True,True,pertinent
2025-06-16T14:38:10+00:00,Al Jazeera — Uzbekistan,Médias indépendants,China’s Xi Jinping meets Central Asian leaders: Why their summit matters,https://www.aljazeera.com/news/2025/6/16/chinas-xi-jinping-meets-central-asian-leaders-why-their-summit-matters,,17,E,BRUIT,False,Géopolitique majeure,central asian; central asia; kazakhstan; uzbekistan; kyrgyzstan; tajikistan; turkmenistan; kazakh; astana; xinjiang; china; summit,Asie centrale: central asian; géographie confirmée dans le corps; géopolitique / économie ordinaire; plafond V9: aucun ancrage HR principal,15,0,0,0,5,7,"autre, kazakhstan, ouzbekistan, kirghizistan, tadjikistan, turkmenistan, xinjiang, iran, russie",sujet_principal,minorite_ethnique,aucun,False,evenement_date,454,False,True,pertinent
2025-06-12T14:09:57+00:00,CIDCA (Chine),Médias officiels (contrepoint),Chen Xiaodong,https://news.google.com/rss/articles/CBMiWkFVX3lxTE9zdmlXaFJtVGc5ODRWS0RhdktHSlFRY1R3a0Zycnp6NGdTSm9PbnUtTUdVUkpqZkFpUkNza2NEamc0MkxMSE5GT1h4dWRJdVFQRmxJSnVBUm1mQQ?oc=5,,0,E,BRUIT,False,Faible priorité,,porte régionale: aucun ancrage régional,0,0,0,0,0,0,,absent,aucun,aucun,False,navigation,458,False,True,pertinent
2025-06-11T07:00:00+00:00,Human Rights Watch — français,Droits humains & presse,Le point sur la situation au Soudan,https://news.google.com/rss/articles/CBMif0FVX3lxTE5VZlprZXduQnNzam45akRUektacnFXVkhoVVJ0VGphNV9yb1NKdDZxTTVlVm16R3BjVEtGZDFzakI1WHltT1l5cW11Mm9uU1R6MWVINFNtOG92LTZwZGhqRTR0cE1tODlMWkxoMUhlaWhKTmtJT0w1WVhTS0RrTHM?oc=5,,0,E,BRUIT,False,Faible priorité,,porte régionale: aucun ancrage régional,0,0,0,0,0,0,,absent,aucun,aucun,False,navigation,459,True,True,pertinent
2025-06-11T04:18:14+00:00,George C. Marshall European Center for Security Studies,Sécurité & géopolitique (think tanks),The Current,https://news.google.com/rss/articles/CBMiZEFVX3lxTFAtVTktSkhvZ3U1U1k1TzlmbXRoenQ3dUd5aXMzT2RObHBiVURmV2JsdnpBNXFYNHpRajVLZlNaazFjWFZFZ0RtODNSUlcwQkFERUxJZzBqX3ZQcDdIUm5KOHFmUTM?oc=5,,0,E,BRUIT,False,Faible priorité,,porte régionale: aucun ancrage régional,0,0,0,0,0,0,,absent,aucun,aucun,False,navigation,459,False,True,pertinent
2025-06-04T07:00:00+00:00,Human Rights Watch,Droits humains & presse,Armenia’s Justice System Excludes Persons with Psychosocial Disabilities,https://news.google.com/rss/articles/CBMipAFBVV95cUxPcjIzR3lwT2RXNEYtSGNIdU54cUNSSHdVel83VlZMX3NPbjRUd0x1azhDU2lvODJiZG5IcUMwaE03UUUzNWhHeFBrUkVsczM1UFZBNkdmQy11anVVT2VEUzhGdUJYVmY4MnVNVGRFUHFpOHRaNjNEODVpX1dheWU0Tm9xMDNUNk1HXzJhVld1eHJGQ1dEamw0Z1c2NUlWRUdvaVAtSg?oc=5,,12,E,BRUIT,False,Faible priorité,armenia,Caucase: armenia; plafond V9: aucun ancrage HR principal,12,0,0,0,0,0,armenie,sujet_principal,aucun,aucun,False,navigation,466,True,True,pertinent
2025-06-03T07:00:00+00:00,Human Rights Watch — russe,Droits humains & presse,Украина: Россия использует дроны для атак на гражданское население,https://news.google.com/rss/articles/CBMiiwFBVV95cUxQX2NmbGtkSTg1c2FhVjd0RXdsMTB4UlM5YzU0dE9sLU5PWWk2UE5fbEkwME9Bd3gwSThfUzhFWHFfWU91bTlWT3hBWEh0RE9oSGxwRnNtaUpLNjlYejlfX1pLLWNXMlJ6b2tReUFKTndPazRVTXZRQ3RhMkl2SFNIb3hXbXVwZVZSTll3?oc=5,,12,E,BRUIT,False,Géopolitique majeure,россия; украина,porte régionale: aucun ancrage régional,0,0,0,0,5,7,russie,sujet_principal,aucun,aucun,False,navigation,467,True,True,pertinent
2025-05-29T21:27:38+00:00,AP News — Turkmenistan,Médias indépendants,STEPHANIE LIECHTENSTEIN,https://news.google.com/rss/articles/CBMiXkFVX3lxTE96Y0pQbG01ODI0VE9jeDhWbnNZM3N1MTl4cXcxczZUUUlvMUZ5S0N4N1dGWHNQSmZjc1BIOXhfWTh5WkpLZUd1cGNJdVNDWnpPbHpDYU93V3FGOEhXVmc?oc=5,,0,E,BRUIT,False,Faible priorité,,porte régionale: aucun ancrage régional,0,0,0,0,0,0,,absent,aucun,aucun,False,navigation,471,False,True,pertinent
2025-05-29T07:00:00+00:00,CIDCA (Chine),Médias officiels (contrepoint),CIDCA chairman meets new Egyptian ambassador to China,https://news.google.com/rss/articles/CBMiW0FVX3lxTE9kSWRkdmlQSWw2OVlQUnh4WEJBbWw1SnRRT2xsdUJMckxzM1hiSm9EV1NHdVdwTjRodE5KQzFSeWVUUEJEOTlnNl9PVjNtam53dnRxTzQ5VHBsVXM?oc=5,,12,E,BRUIT,False,Géopolitique majeure,china,porte régionale: aucun ancrage régional,0,0,0,0,5,7,,absent,aucun,aucun,False,navigation,472,False,True,pertinent
2025-05-23T07:00:00+00:00,Human Rights Watch — français,Droits humains & presse,RD Congo : Des milices soutenues par l'armée commettent des abus contre des civils dans le Sud-Kivu,https://news.google.com/rss/articles/CBMiugFBVV95cUxOVVBlR0pIYlRRaXZWRG9lR0ZpbzlYd19NQTdMNUoxa3NpQXlCczFzaU85OVh6bHdIWllSZlpLR0NESjJuZDd4cE9lRjBUbkQ0aGtJN19nTWJYYUF0Z2h0UlZPT3U3SWdEdzRqUzhFU01vRUFwVlREUTFPdS1DU0JjdG5oMzNYckczZHl6UkRvWmE2eDNmU1ZhTHQ1MkNRZWpvdE5RNkRyRVFsckp6TGZhTmx0azJtblVuZlE?oc=5,,5,E,BRUIT,False,Faible priorité,,porte régionale: aucun ancrage régional,0,5,0,0,0,0,,absent,aucun,aucun,False,navigation,478,True,True,pertinent
2025-05-20T07:00:00+00:00,ARTICLE 19,Droits humains & presse,Algorithmic people-pleasers: Are AI chatbots telling you what you want to hear? - ARTICLE 19,https://news.google.com/rss/articles/CBMitAFBVV95cUxNUURZR0J6SUN2TVRfTHdWX2V3a01DWWUxZEtVa0Z2NE13anBiZnloWG00MjhIMHJub3RKT2hNYzU4QlhJVEptNlFacWhiZDQyVUJ5THFCVjJYaUhkbXVILVh0cXhBSDFfQS02MFdLZFVUb3JmaWVhM1ZEX3FYckt5MDFTWjFnVmZteWRIZ3JMdWlDa19jek9WR1l2aXB2VXJlTWs5eUNlOTdULVhfcTd2eFRHcmY?oc=5,,0,E,BRUIT,False,Faible priorité,,porte régionale: aucun ancrage régional,0,0,0,0,0,0,,absent,aucun,aucun,False,navigation,481,False,True,pertinent
2025-05-19T07:00:00+00:00,Swiss Political Science Review,Économie & recherche,The Political Maturity of Youths and Young Adults: Empirical Evidence from Switzerland,https://news.google.com/rss/articles/CBMiZEFVX3lxTE9KNlVrRHRDUEhac1d4d3hOMGJuQjhOSlVScWdhWEVpeTBpdFdEYWdwRWdXZzFuWGN6Qi1aX1o2M0hFVjdycHpCMHlvalpwbmQwZWxWM1Y5ZENhVnNCY01saEM2UGw?oc=5,,0,E,BRUIT,False,Faible priorité,,porte régionale: aucun ancrage régional,0,0,0,0,0,0,,absent,aucun,aucun,False,navigation,482,False,True,pertinent
2025-05-15T07:00:00+00:00,Human Rights Watch,Droits humains & presse,Gaza: Latest Israeli Plan Inches Closer to Extermination,https://news.google.com/rss/articles/CBMikgFBVV95cUxNLW11R3RhTEVKTnVyMy1Ka1V3N0QwS3YwWHRqVFhfSFVvaGJYNGJHSHBRdjNaN3hRWERSYldud2hLRmtNRnMxYWl0VWRnak4zcG1jdWNla2FZc0RrLTZoTkhJd0RjNDZkOEIzZWkwenVGTXpvSVBiZjlsa1U2NW1KSldwOHFpcklsd3gxY0lFUHM4dw?oc=5,,0,E,BRUIT,False,Faible priorité,,porte régionale: aucun ancrage régional,0,0,0,0,0,0,,absent,aucun,aucun,False,navigation,486,True,True,pertinent
2025-05-10T07:00:00+00:00,CIDCA (Chine),Médias officiels (contrepoint),"Xi says China to firmly support Venezuela in safeguarding sovereignty, social stability",https://news.google.com/rss/articles/CBMiW0FVX3lxTE94WjY1WTFHcHRGRTVUZFcwSU5qQTI2Q0dDRlp2bWZpaUEwZktuZklSS0d4Zm56TU9oUmo2ci1CM3pLYk9LTVdjN2MtYU1LTUFoSHQ0OFhMd3dyV1k?oc=5,,12,E,BRUIT,False,Géopolitique majeure,china,porte régionale: aucun ancrage régional,0,0,0,0,5,7,,absent,aucun,aucun,False,navigation,491,False,True,pertinent
2025-05-03T07:00:00+00:00,AP News — Kazakhstan,Médias indépendants,"AP PHOTOS: On Victory Day, veterans recall the Soviet Union’s sacrifice in World War II",https://news.google.com/rss/articles/CBMivgFBVV95cUxPOHFWaW1kMmNHcEFPNUp5ZzlnbUVmMlpLWFZvdUlpb3VyZkNoZy1ETkptMTFRT0Jmb3RSN1FxVGY4V2JKWmdnTlBKVDZDN2Z0QmRudU5NWE45dXduQURyeUFZS096TWlKN1MwMTJqUUV1MzVGekJjNzhiNUVnUGxBdXJfSWtYS0JWVE10dHp6eC1TNHRpNGxCaTkxbW45Z0lzN3BzdnpoNDVwd1RDWW1OZmlrRDd6REk4Xy12MF9B?oc=5,,0,E,BRUIT,False,Géopolitique majeure,war; world war ii; soviet union,histoire / culture; porte régionale: aucun ancrage régional,0,0,0,0,5,7,,absent,aucun,aucun,False,navigation,498,False,True,pertinent
2025-04-18T07:00:00+00:00,CIDCA (Chine),Médias officiels (contrepoint),CIDCA exchanges cooperation documents with Cambodia’s Ministry of Economy and Finance,https://news.google.com/rss/articles/CBMiW0FVX3lxTFA5TW5iYVg4S2lKSUdrZFpabC12M1BlM09YZ2Y2WkZDZ2lhay1Cd0V2eFM3TG1QNlEySlhrX0Iyd09uQmxWN1hhTmw1cmFhLXVZWmxTRkVNUmVGY0k?oc=5,,0,E,BRUIT,False,Politique intérieure,ministry,porte régionale: aucun ancrage régional,0,0,0,0,2,0,,absent,aucun,aucun,False,navigation,513,False,True,pertinent
2025-04-17T07:00:00+00:00,AP News — Kyrgyzstan,Médias indépendants,Russia’s top court lifts terror group designation on Afghanistan’s Taliban,https://news.google.com/rss/articles/CBMioAFBVV95cUxPeGpNY0U2MzJ5N3c3MnpXSGZLVDZ4ekF6UExLN0VUMkVibjV0YUZpTDJiRTBwZE1leVk1WVkxSld1Q1ZfLWE5ZmVYS0xZTFJleE13N3JraW5fSW9Jc1RYdHRZVWZYTjNRbW1scTA5Y0hWenFseEhSU2lNUl84UWRINk1zRzdjQ01IUFYyVGotMnQ1SnA5Y0xxTXZaUWZXVnh5?oc=5,,7,E,BRUIT,False,Géopolitique majeure,court; russia; afghanistan; taliban,porte régionale: aucun ancrage régional,0,0,0,0,5,7,"afghanistan, russie",sujet_principal,aucun,aucun,False,navigation,514,False,True,pertinent
2025-04-07T07:00:00+00:00,World Uyghur Congress,Droits humains & presse,"PRESS RELEASE: THE WUC FILES COMPLAINT IN FRANCE AGAINST HUAWEI, HIKVISION AND DAHUA",https://news.google.com/rss/articles/CBMitgFBVV95cUxQNGtJU1h6MGljWmMyZmtiVTFZZ180LW9TZDZFQTV5SDJiZjRCc2RSRnBsdW1UYlJiQTJVM0hGeG03ZkxGOHdmd0RIR3JZdVl3SXlmS1BXY0RWUUg3Qi15UW1NUFZGU3ZVb25jLWxkc1ZrVXZDUUE1dHpObzV1MGJKdHZCNTYzbEFlOENOdVJPb0UwUWtYQzZ1bkZsLXpvd1VLQXREam5kbExvVUJHU2hIMTlXV1A0Zw?oc=5,,0,E,BRUIT,False,Faible priorité,,porte régionale: aucun ancrage régional,0,0,0,0,0,0,,absent,aucun,aucun,False,navigation,524,False,True,pertinent
2025-04-05T10:06:04+00:00,International Partnership for Human Rights,Droits humains & presse,REPORT ON THE RESULTS OF MONITORING THE CRIMINAL JUSTICE SECTOR OF THE KYRGYZ REPUBLIC - SUMMARY,https://news.google.com/rss/articles/CBMi0gFBVV95cUxOeXR2QVVrQmZocmYwQmVKZW5TODkzNjVaYkl4emczOHItcnN3RVZNc1Y1czNoS0h0MVB1YlNLQXJaUDhwcG9LRXdtNTZlR3U2dktNSjgteXZpcHhsUG9LZFB5SFpMZ0lNZnViTlZCNThXRENHSzlKakktU1VVeTJ3clpKeDNFUlJ4UmRxTkVyRThvZ2g2QlZ5NXIwYlhBUDJDMVhYOG81c3I4S3JJU1VxN1BJSFAtaHRNQ1JmckxheFBOU1paNW5veU84aTh3bEFMUVE?oc=5,,12,E,BRUIT,False,Faible priorité,kyrgyz republic,Asie centrale: kyrgyz republic; plafond V9: aucun ancrage HR principal,12,0,0,0,0,0,kirghizistan,sujet_principal,aucun,aucun,False,navigation,526,False,True,pertinent
2025-04-01T07:00:00+00:00,Human Rights Watch — russe,Droits humains & presse,Узбекистан: освободить блогера от принудительного содержания в психиатрическом учреждении,https://news.google.com/rss/articles/CBMilgFBVV95cUxPM0VXM0ZubUZoWE5TVjBzazU2ZFpVT3I1a0ZlamZkNkdJa21VRktDUUJ4SjBfV19YbllzNXBhUFA1MHpTMVJ4SlI4SFlGZ2dvN0xCZ3JCeHRYb1g2YnMwMDNaS0VfMXU2RWlYNFBZSVg5empjR3hDakloUnhBQmRGY21lcW5lR2RSOUZlS3N3cUF6Sms1NVE?oc=5,,12,E,BRUIT,False,Faible priorité,узбекистан; узбек,"Asie centrale: узбекистан, узбек; plafond V9: aucun ancrage HR principal",12,0,0,0,0,0,ouzbekistan,sujet_principal,aucun,aucun,False,navigation,530,True,True,pertinent
2025-03-31T07:00:00+00:00,Human Rights Watch — français,Droits humains & presse,"Iran : Narges Mohammadi, prix Nobel de la paix, devrait être libérée sans condition",https://news.google.com/rss/articles/CBMiugFBVV95cUxNRjBoM29HaVk0ZTY5RU95QWhEOV85Z2Y2THREby1IMHFWS0FZakRrcS1tcGcyVmlla21YZnB5OGZnNjBtSW5sN1R5VGY1MnhQTUVnSEE2UVBZMWV1U2dFT0pKaTlaeHFpYWJCc0JIX2tXTm9SaS1zV25KeHVyM0Ntbkx1X04wMzZJZk1QNksyWkh2aGV4c1VxWVhjc05hZmFsd3d2VVNFSTR6bl9HWkQ1dDl5R0tnNjU5TVE?oc=5,,12,E,BRUIT,False,Géopolitique majeure,iran,porte régionale: aucun ancrage régional,0,0,0,0,5,7,iran,sujet_principal,aucun,aucun,False,navigation,531,True,True,pertinent
2025-03-27T07:00:00+00:00,Human Rights Watch — français,Droits humains & presse,Les discussions entre les États-Unis et la Russie devraient inclure la question des violations des droits humains,https://news.google.com/rss/articles/CBMivwFBVV95cUxPTHR0MjVJTmVOUWhnT05sWmdITTdabk1QTzhQR2xhcHd2cW1jdnhXYkg1azdKcHExSnc1UjhEdy1HVzVNanl3RDlnQklhNGlqdlNWNkFxWHNnclA5enE2WHFxcDJHN09hOFVvR2YtbTZXbE02V2pxWnhRZW9SeVNWZlJmVUQ0TjRMYXFqNjNtd0xENVBiYmJpS0RmM045cDRJeTFXQ3pjOGxvZmtPYzltQTNHbmFzY0w1OW1vbHFsMA?oc=5,,7,E,BRUIT,False,Faible priorité,violations des droits humains,porte régionale: aucun ancrage régional,0,0,0,4,3,0,russie,sujet_principal,aucun,aucun,False,navigation,535,True,True,pertinent
2025-03-27T07:00:00+00:00,Human Rights Watch — russe,Droits humains & presse,Получите гражданство или уезжайте: российский ультиматум украинцам,https://news.google.com/rss/articles/CBMikwFBVV95cUxNVVo0MUVTQklvazE4cE9DZ3ZwS2ZyZWEtTGRlQWJPdEpiZXZQM185NUszSkZRaGl3T2JPdzBuTlVNbUh6ekkxSzhUNklSNGlGQnJfUllhRHpxcFBJc0tPOER5aXQ4OGJxQS1vQ2JyNVY3Ni0wY2F2YWJkQTJ4bXZWYlVnWDZfeVVVSFMzNzJ0MnY3eTQ?oc=5,,0,E,BRUIT,False,Faible priorité,,porte régionale: aucun ancrage régional,0,0,0,0,0,0,,absent,aucun,aucun,False,navigation,535,True,True,pertinent
2025-03-21T07:00:00+00:00,World Uyghur Congress,Droits humains & presse,Uyghur Organizations Urge the Trump Administration to Resume RFA Uyghur Funding,https://news.google.com/rss/articles/CBMitAFBVV95cUxNZXJxVFZQYldvTmhsUHJRVmY1SUVKREd2bmRLYmJ4UzZzel85Rnc2Z1BpMUtrYVM3bTNrSXpTblhxX1Z1M2NLVzNJckFvMjVNem1mVUpUZVJJMjJOcmFNeFpCVUgzV2hrNk01LURQSi1IMXlFZGYxcFlQN0xhdTNNekJtODQxZ1lYNV9DUERiUy1GdFdtUGZIWG5zSTRhQVFIUzdkVHRDU1RDb3pMWUNsd0c0LWQ?oc=5,,12,E,BRUIT,False,Faible priorité,uyghur,Ouïghours: uyghur; plafond V9: aucun ancrage HR principal,12,0,0,0,0,0,xinjiang,sujet_principal,minorite_ethnique,aucun,False,navigation,541,False,True,pertinent
2025-03-17T07:00:00+00:00,Human Rights Watch — français,Droits humains & presse,Îles Salomon : Une communauté déplacée par la montée des eaux,https://news.google.com/rss/articles/CBMinwFBVV95cUxPMUFCVkFtampJVFRpa0NqekNZNUVJMV9GU1pLZ2Q5YnZKeVZyd2tDQ2k5X3A0SkdlOGVPSmEzZmxUQnVCV3VpSWJOdzl2UzlBV1dqRjZobVN3V1p3bFB1cEdKXzJJWGg2Mnc3RnBOR0VzekJKT0k4V3JSekpiMDFZUE5QS3FoMW9CMk9oU0p4alRBMDBYZjh1LW9ZM1lIUWM?oc=5,,0,E,BRUIT,False,Faible priorité,,porte régionale: aucun ancrage régional,0,0,0,0,0,0,,absent,aucun,aucun,False,navigation,545,True,True,pertinent
2025-03-17T07:00:00+00:00,Human Rights Watch — russe,Droits humains & presse,Россия: ксенофобные притеснения мигрантов из стран Центральной Азии,https://news.google.com/rss/articles/CBMikwFBVV95cUxOdkU3bnM0TzhJWG9ndk1uOWVZMFUxbllRX0JYVjJQZ0RxbS1zY1pZcnBUejFGdmpDUlpwb09wbk16Sno4SXdJUFZVWXZWMFBZUlQwZ0pBdThoWmItTDRHRjZpdm4ybXc5TVBYZDFTdG5lN1RNSVdRaXlwRFgtUEdCQXdUOG85Q29sZkZJNmJLS3o3dGM?oc=5,,12,E,BRUIT,False,Géopolitique majeure,россия,porte régionale: aucun ancrage régional,0,0,0,0,5,7,russie,sujet_principal,aucun,pression_administrative,False,navigation,545,True,True,pertinent
2025-03-17T07:00:00+00:00,Human Rights Watch — russe,Droits humains & presse,Жизнь в страхе и унижении,https://news.google.com/rss/articles/CBMiW0FVX3lxTE9aTmt2clZJQ0dZN2dFS0pEXzB1aElaRjB4XzUzR0RRZV84TlpidmdjY3FIcUVqbjlDbm9vQnREREhJRVp1U3VoWkFGWE5kNFVNS0JYZEctMTZydkk?oc=5,,0,E,BRUIT,False,Faible priorité,,porte régionale: aucun ancrage régional,0,0,0,0,0,0,,absent,aucun,aucun,False,navigation,545,True,True,pertinent
2025-02-27T08:00:00+00:00,Radio Free Asia — Uyghur (anglais),Médias indépendants,Report: China has half a million Uyghurs in prison or detention,https://news.google.com/rss/articles/CBMilAFBVV95cUxNOFZVVTVzSV9mMnU5cEdXMjBUNlJBZ0Zwd2ozVmdQaXJ0QUtVSDFVZ0RuM1J0UnROejluUlpFMlBZV1lrM3ZBVWNaemtBblpnMFM0ZXUwRERCNlkzaDY0Z3RJZTZmbnV5R2FUMWhKb2ZDTWhGcWVtTlNvMV9PcHFJNThEMDNvZkNMY3FtbjhydElTTGpr?oc=5,,24,E,FAIBLE,False,Géopolitique majeure,uyghurs; detention; china,Ouïghours: uyghurs; plafond V9: aucun ancrage HR principal,12,0,0,0,5,7,xinjiang,sujet_principal,minorite_ethnique,detention,False,navigation,563,False,True,pertinent
2025-02-27T08:00:00+00:00,Radio Free Asia — Uyghur (anglais),Médias indépendants,EXPLAINED: Thailand’s repatriation of 40 Uyghur refugees to China,https://news.google.com/rss/articles/CBMimwFBVV95cUxNN0RXWGlQVzJxSmgyRVlob1RsRi1GZ2o5ZGxYd1YwSVRWRmU4TjN1bXYweW1GYnBaMHREV2xuQU9JQldUeEdNQzlLbU1lRTFaQVhPMFQ1SnVYbWJla1lDbXZtQlVwRHQydmpUZmJZeGVPNjljX09BcWpYakRGZE1VbFltWTNxTllWMDdDM3V0NkVpVDZtU05DcWkyNA?oc=5,,24,E,FAIBLE,False,Géopolitique majeure,uyghur; china,Ouïghours: uyghur; plafond V9: aucun ancrage HR principal,12,0,0,0,5,7,xinjiang,sujet_principal,"migrant, minorite_ethnique",aucun,False,navigation,563,False,True,pertinent
2025-02-26T08:00:00+00:00,World Uyghur Congress,Droits humains & presse,PRESS RELEASE: WUC URGES THAILAND TO HALT THE SCHEDULED DEPORTATION OF UYGHUR REFUGEES,https://news.google.com/rss/articles/CBMivAFBVV95cUxPWmU3NUtmWExaSUpUQjcyOGlNLTM0bUFXYmkybkRLSWpxelZNQzBkRm5YT2FvZF9xZVpHTVl5VThLTzh1WlRsVGlYTlY0dlZTVG45S1dTZnpRNkN4VVV2OEhZZmNMTFl3N1pLZ0hhcXRjaGVJRWhzRGNUdmpQbEJlWWR3d3hWaFdfbklWV3AySFVzYV9XWGJPSjZhU3BZcm9uNzBnVHQ4TnJoYWQyYmlqWVpObFU4UlJxVnEycQ?oc=5,,12,E,BRUIT,False,Faible priorité,uyghur,Ouïghours: uyghur; plafond V9: aucun ancrage HR principal,12,0,0,0,0,0,xinjiang,sujet_principal,"migrant, minorite_ethnique",expulsion_extradition,True,navigation,564,False,True,pertinent
2025-02-20T08:00:00+00:00,Radio Free Asia — Uyghur (anglais),Médias indépendants,Uyghur freed from captivity in Morocco arrives in United States,https://news.google.com/rss/articles/CBMilwFBVV95cUxNMW4xb3FNc2twV2ZJOWUyVFpMb1RMZ05aRUFDbnpWLWE5bEFXUkNrX1BKQm01a2dUaDZpZno4OXBrRjl2WnBiblMzaWdGS0hKR19Ic0JiOVJGRkk1N0V4c2dxR0RPZWlveUxKbUpPMURtRDhNS2NYUGhuUU9ENm5CNC13OXJMaGstRmdqc0V4WXJBR0E5OXBB?oc=5,,24,E,FAIBLE,False,Géopolitique majeure,uyghur; united states,Ouïghours: uyghur; plafond V9: aucun ancrage HR principal,12,0,0,0,5,7,xinjiang,sujet_principal,minorite_ethnique,aucun,False,navigation,570,False,True,pertinent
2025-02-19T08:00:00+00:00,International Crisis Group,Sécurité & géopolitique (think tanks),Locked in Transition: Politics and Violence in Haiti,https://news.google.com/rss/articles/CBMivgFBVV95cUxORTA3NlpmMFR0LUMxcHdMZzNORlVpbXl0cXNFWVBKazJJT1VHOHNGNE9aVWVobUVPTVRaeFBUVGl4a0JMaHhhTTN0UDJMaVBpelVNc0Y1WVRHYng4d0xuekRSZGVqdUxpNEpxbEh2UDdpRWxXR3RnWEYxQVNmbG1zMlhXQ01DWXNWRkF4Y3pzZlFtNU5VUEJ6R3o4SDR1aWpqLVdka0pNUlBtWElvYXVMQkV2eV9LWm1QRUhmV0xR?oc=5,,0,E,BRUIT,False,Faible priorité,,porte régionale: aucun ancrage régional,0,0,0,0,0,0,,absent,aucun,aucun,False,navigation,571,False,True,pertinent
2025-02-18T08:00:00+00:00,CIDCA (Chine),Médias officiels (contrepoint),China provides more humanitarian assistance to Gaza Strip,https://news.google.com/rss/articles/CBMiW0FVX3lxTFBUSE1ZU3RIS1dudF9qajFWeDRKZEEySGJXQWh4X0I5eGVSa1VRbzVsTzk2d0Y4Ny1udU9TX3oyRmZOcGJKTUdHNkcteDdBUkFlekZMblpOY0xsSVE?oc=5,,12,E,BRUIT,False,Géopolitique majeure,china,porte régionale: aucun ancrage régional,0,0,0,0,5,7,,absent,aucun,aucun,False,navigation,572,False,True,pertinent
2025-02-17T08:00:00+00:00,Human Rights Watch — français,Droits humains & presse,Liban : La destruction des infrastructures empêche le retour d’habitants déplacés,https://news.google.com/rss/articles/CBMiuAFBVV95cUxNMW4wcWt1cEw4M3F1VDZTdllDYkVuMTdMVF9naUxYdWlPTzR1V1lLSnpwVTBidUdjdWNOZE9oeDA0WWh6LVNQR1pHekJmWmRELXk4VjFxVHlhN0M3ZldLX1ljVUFjT1FkM0pnZmpqdlZFRmhMSTlOS2pQR1ByVWhYQ0g4SXhfaWlKZ21XWFdrMlVfMEQ5ckRlOGxfeWh5R0sySl9VUzM1SVlDSUlFVzNpQWNsczdxTzBK?oc=5,,0,E,BRUIT,False,Faible priorité,,porte régionale: aucun ancrage régional,0,0,0,0,0,0,,absent,aucun,aucun,False,navigation,573,True,True,pertinent
2025-02-12T08:00:00+00:00,CIDCA (Chine),Médias officiels (contrepoint),CIDCA launches reports on China’s international development cooperation in ‘small-yet-smart’ projects and green development,https://news.google.com/rss/articles/CBMiW0FVX3lxTE1VYlFLMzJtdXpVVkdsTkNaWndJNVZYeWtLYl90MFZnMVdOTDB0ajYzUnloc3FPeUhVc09kbE50NWgzajlsVHlFcFVnaFBLdDhtMDBUMUROMkVTaVU?oc=5,,12,E,BRUIT,False,Géopolitique majeure,china; development,porte régionale: aucun ancrage régional,0,0,0,0,5,7,,absent,aucun,aucun,False,navigation,578,False,True,pertinent
2025-02-04T08:00:00+00:00,Human Rights Watch — russe,Droits humains & presse,Казахстан: арестован создатель сатирического паблика,https://news.google.com/rss/articles/CBMimgFBVV95cUxNd1JJWW1ncVRlSFI1ZUxPY0ZSZHQtZ0ZGNjZpaEZQaFc4c1NSWHhZVExlUVJURE11c1dlM05IMnJBcTVKMXFyNU5tQmI2YlRnRC1QQXBfMjFiN09QOEVaOWZmSzZtVVVFeXd6WnlONm91Q2k1X053TXVMYTlxV1R0ZVNzbG5GQ24tR0RiZWxQbkUwY3VybWhTbFd3?oc=5,,23,E,FAIBLE,False,Répression / droits humains,казахстан; казах; арестован,"Asie centrale: казахстан, казах",12,0,5,0,6,0,kazakhstan,sujet_principal,aucun,detention,False,navigation,586,True,True,pertinent
2025-02-03T08:00:00+00:00,World Uyghur Congress,Droits humains & presse,World Uyghur Congress Commemorates the 28th Anniversary of the Ghulja Massacre,https://news.google.com/rss/articles/CBMiswFBVV95cUxPeVZaWHFFczkySTFlbmszNEJFMlRabzJyTEZVOVlTMG02NE5vRmFHSlRHY3BoekJBSGFjVEY0a3V5YVJSS0J6OENJOE1aQzJuVF9pd0RtQWM1S2hCVEUxLWZvMGh6NEo4NjQzY21fZmJWRzExVUZmRFoybXB0b1RDLV8zaTRuUl9IQ3BRMnVad21rSHBCODE0dmhBNFhKQ2plYmVBSl9oOHJ1c2dVZlJudl9Gcw?oc=5,,0,E,BRUIT,False,Histoire / culture / contexte,uyghur; anniversary,Ouïghours: uyghur; histoire / culture; plafond V9: aucun ancrage HR principal,12,0,0,0,0,0,xinjiang,sujet_principal,minorite_ethnique,aucun,False,navigation,587,False,True,pertinent
2025-02-03T08:00:00+00:00,Radio Free Asia — Uyghur (anglais),Médias indépendants,China restricts travel for Uyghurs with onerous requirements: report,https://news.google.com/rss/articles/CBMimAFBVV95cUxPaS1DRWMxcmJyNzZxWVRnTmx3aUp1ckYzaTZNbXgwanZKUEVaS1l0V1B2eVFOUFRnQ01rMk5HYU91b3JiRkd5MWRxanNiZ2tNMFNjZU1acF9CSERWSTYyWWJmZFJjemNHT1FBVVdEUmxrcjFnTE9wMU8wVnRnX3I5TVVHSFo3X2NBb0pZZzdBUlltbndld2NzUQ?oc=5,,24,E,FAIBLE,False,Géopolitique majeure,uyghurs; china,Ouïghours: uyghurs; plafond V9: aucun ancrage HR principal,12,0,0,0,5,7,xinjiang,sujet_principal,minorite_ethnique,aucun,False,navigation,587,False,True,pertinent
2025-01-23T08:00:00+00:00,Human Rights Watch,Droits humains & presse,"Trump Administration Moves to Reject Transgender Identity, Rights",https://news.google.com/rss/articles/CBMingFBVV95cUxPUTNPU2VoYTRzN1JJNl9BdUNFTHd3bmZuLXJBckJWTzJhU08wMy12TXR4TXVfNmZMRW56N3BENno3VG5QQTBibGxNNlhhcWdweUVlMERlNnBGbE1pd2ZJMVdGNF9JSXV6U3hTV3hvd0RoSWdFbU1GSlVldnIwQ3owdThqVjkwX2hsSTdlQjJrempURTBfMDE1U3BJWGl3Zw?oc=5,,0,E,BRUIT,False,Faible priorité,,porte régionale: aucun ancrage régional,0,0,0,0,0,0,,absent,aucun,aucun,False,navigation,598,True,True,pertinent
2025-01-18T11:30:20+00:00,Human Rights Watch — russe,Droits humains & presse,ВСЕМИРНЫЙ ДОКЛАД 2025: Rights Trends in Узбекистан,https://news.google.com/rss/articles/CBMid0FVX3lxTE1GOExUM1lxU21ZYkxIZ1VxY3VYeGlNYXRZRFZ5bzVnQmNqVmxzSWd4QzFoczA2TEdXRUJZZERpVFQ0RWIyU1pWLUZCdmhFNXZFTS05Y1BrcDJITjUtQjhhYnZvWDljZ1E2MUhqd21yRHc5N25mMmg4?oc=5,,12,E,BRUIT,False,Faible priorité,узбекистан; узбек,"Asie centrale: узбекистан, узбек; plafond V9: aucun ancrage HR principal",12,0,0,0,0,0,ouzbekistan,sujet_principal,aucun,aucun,False,navigation,603,True,True,pertinent
2025-01-18T05:22:04+00:00,Human Rights Watch — russe,Droits humains & presse,ВСЕМИРНЫЙ ДОКЛАД 2025: Rights Trends in Туркменистан,https://news.google.com/rss/articles/CBMiekFVX3lxTE5hTk5iUzRRRWROeElGR01jWUkyTkd4blkwQ3F3VWlhLXBqUXZod3FHQ29OX3FDVXRoWnBRQjNVN2huaTl2S0M4dl85RXJ0YXN6Y0RPYkVERExndFJqV28wY09iTHhvejBCbjhVcnpPZURyc1lJb1NKMGdn?oc=5,,12,E,BRUIT,False,Faible priorité,туркменистан; туркмен,"Asie centrale: туркменистан, туркмен; plafond V9: aucun ancrage HR principal",12,0,0,0,0,0,turkmenistan,sujet_principal,aucun,aucun,False,navigation,603,True,True,pertinent
2025-01-17T11:31:40+00:00,Human Rights Watch — russe,Droits humains & presse,ВСЕМИРНЫЙ ДОКЛАД 2025: Rights Trends in Кыргызстан,https://news.google.com/rss/articles/CBMid0FVX3lxTE9UZTRMbU5Bd0g5OTRReWRrdU9rcVZEWGxzcElpSjNrLVExQTZNQzMtemxHWnJ6VGtYdXN0djRyNmg4eTJtT3ZZeUJvQWRPMnNYbWhZeGVCc3Q5MVdKTllBblV5U3pQd25Qb0pjVmtEMGJyQ0tkRUtF?oc=5,,12,E,BRUIT,False,Faible priorité,кыргызстан; кыргыз,"Asie centrale: кыргызстан, кыргыз; plafond V9: aucun ancrage HR principal",12,0,0,0,0,0,kirghizistan,sujet_principal,aucun,aucun,False,navigation,604,True,True,pertinent
2025-01-16T21:39:34+00:00,Human Rights Watch — russe,Droits humains & presse,ВСЕМИРНЫЙ ДОКЛАД 2025: Rights Trends in Таджикистан,https://news.google.com/rss/articles/CBMid0FVX3lxTFB4WTNqSGZsTGduQWVUVFRiM3pGSU1fdEhRX2V1U3E1ZmRYNkZVSzcyeWF2MmNBSllrTDVmM3dHMVBjaHM2enQ5dWZOMHhBbnNsNDc1aThXLUpRUS05TnFiY0l0eDJBbEVFYklCcTczOU5DTnpuNDJR?oc=5,,12,E,BRUIT,False,Faible priorité,таджикистан; таджик,"Asie centrale: таджикистан, таджик; plafond V9: aucun ancrage HR principal",12,0,0,0,0,0,tadjikistan,sujet_principal,aucun,aucun,False,navigation,604,True,True,pertinent
2025-01-16T15:13:14+00:00,Human Rights Watch — russe,Droits humains & presse,ВСЕМИРНЫЙ ДОКЛАД 2025: Rights Trends in Украина,https://news.google.com/rss/articles/CBMic0FVX3lxTE1BeDhFaGNVSk43UE9HanVpYUhPS0JLaEhvSzBpVlg4VzZUNHpFSDBFT09qM2I4RGh0dGkydlpWaTVwSlRoLXgzWWFGRmNURnJaRVNkc3BjdDkyX09JNS1nS0hsejFzc1dmZkJFc0xZcjhQbVE?oc=5,,12,E,BRUIT,False,Géopolitique majeure,украина,porte régionale: aucun ancrage régional,0,0,0,0,5,7,,absent,aucun,aucun,False,navigation,605,True,True,pertinent
2025-01-16T14:43:01+00:00,Human Rights Watch — français,Droits humains & presse,Rapport mondial 2025: Situation des droits humains - Guinée,https://news.google.com/rss/articles/CBMickFVX3lxTE1VT2VETklTbEgxZE9XYzB2ZlltS3ZGZklIRkttazJuWENvWlpyeFdXVWNMd2RvYnUxbE8zNVhKLXljQXQzUi1QeVlGc2RVWjBnRXFKSUwtN0NoWFh4SzhjMVU3TEExd2F3a1B3a1BNcHlDZw?oc=5,,7,E,BRUIT,False,Faible priorité,droits humains,porte régionale: aucun ancrage régional,0,0,0,4,3,0,,absent,aucun,aucun,False,navigation,605,True,True,pertinent
2025-01-16T14:05:39+00:00,Human Rights Watch,Droits humains & presse,World Report 2025: Rights Trends in Venezuela,https://news.google.com/rss/articles/CBMickFVX3lxTE5SUmZtX20xRURjMFJ3alV5U2owZGlLTVRjak5KWEhpMks3b0dCdnJSTDZ3cHoxek9xN1VxWFRkYzhBTzZLWDdFX3h2R0kzaW81U3lOUUhUcWlROFVOUTdXTHlaY0Joa0YxbW9Qc3YtOFVQQQ?oc=5,,0,E,BRUIT,False,Faible priorité,,porte régionale: aucun ancrage régional,0,0,0,0,0,0,,absent,aucun,aucun,False,navigation,605,True,True,pertinent
2025-01-16T14:00:08+00:00,Human Rights Watch — russe,Droits humains & presse,ВСЕМИРНЫЙ ДОКЛАД 2025: Rights Trends in Россия,https://news.google.com/rss/articles/CBMickFVX3lxTE1GSG5YN3V6MlgtUy1ETXVDdGdoUlFiODQ5NVhBd3ZVOWduTVpZZjZwVXhTODhCQkozQmV4eFdaYmxtdDV4c3BIWVZUUlR2bnU5bjIwTlB0aHdwQ2hMTVEtUXFVZVJnY1hJMW5yTDV4Z3V6UQ?oc=5,,12,E,BRUIT,False,Géopolitique majeure,россия,porte régionale: aucun ancrage régional,0,0,0,0,5,7,russie,sujet_principal,aucun,aucun,False,navigation,605,True,True,pertinent
2025-01-16T08:00:00+00:00,Human Rights Watch — russe,Droits humains & presse,Россия: новые атаки на права человека,https://news.google.com/rss/articles/CBMickFVX3lxTE5fU1I1OUFtSUd0UkhfX2FjY0w5MEtqb2dJbFZXTTVMOFdQQnUwQlYtbjE0ZG1MTEVhS1FjTzR2MERLVkFQTGJSZGVMXzZ0aWRwMFdaVmNTMkRycVZfb0NLODlxeDdHRHFxZjVXa285dTNiZw?oc=5,,16,E,BRUIT,False,Géopolitique majeure,права человека; россия,porte régionale: aucun ancrage régional,0,0,0,4,5,7,russie,sujet_principal,aucun,aucun,False,navigation,605,True,True,pertinent
2025-01-16T08:00:00+00:00,Human Rights Watch — russe,Droits humains & presse,ВСЕМИРНЫЙ ДОКЛАД 2025,https://news.google.com/rss/articles/CBMiUkFVX3lxTE5uSFlhTUY1eE1MN0ZzUGhQdjRKQ0Y0WV9hWGRaNFh4cWNvQ2JBYUUxUXZiZUQyWjFSTFdhRUNnQVBEbHR1bTVTVVp5ZDNISzNXRUE?oc=5,,0,E,BRUIT,False,Faible priorité,,porte régionale: aucun ancrage régional,0,0,0,0,0,0,,absent,aucun,aucun,False,navigation,605,True,True,pertinent
2025-01-11T08:00:00+00:00,World Uyghur Congress,Droits humains & presse,PRESS RELEASE: WUC Urges Thai Government to Halt Deportation of Uyghur Refugees After SOS Call,https://news.google.com/rss/articles/CBMivwFBVV95cUxPSjNpRE13b2FOc0c0T01tZ0toUV9XMVBnanlvYkVhRUpXZ3o2UmFIN21iUkJLUlR6eDVVOW1aWFFfeTY2TXlBRDBnTzFHR2VqYllra1BXZlBqUGE5VkJoLXh0SW1JdnNFRGpKQml3dlg1WlJTczAySEtsUFY4TGljd2hvV1htbnJRRUNrZUY5bV9PX2hoN2VVN2ZucHNMRko2Q05GbnR2UGJ2Z1dxRmlkVTZHVDF3Vm9rUGhDUGJZMA?oc=5,,14,E,BRUIT,False,Politique intérieure,uyghur; government,Ouïghours: uyghur; plafond V9: aucun ancrage HR principal,12,0,0,0,2,0,xinjiang,sujet_principal,"migrant, minorite_ethnique",expulsion_extradition,True,navigation,610,False,True,pertinent
2025-01-11T08:00:00+00:00,CIDCA (Chine),Médias officiels (contrepoint),CIDCA holds New Year reception for China-aid program trainees,https://news.google.com/rss/articles/CBMiW0FVX3lxTE8xWDZqQ0lOUE9yWjJQTGNMRDJtR05hMVV6V3hWTk02b2h0SnZSVklUSkpiQWp5cUhGeDJVSUxPbVpPVmFwcm5neEN0ZktGREN2MGxpY3AzOU1NZ2s?oc=5,,12,E,BRUIT,False,Géopolitique majeure,china,porte régionale: aucun ancrage régional,0,0,0,0,5,7,,absent,aucun,aucun,False,navigation,610,False,True,pertinent
2025-01-11T08:00:00+00:00,CIDCA (Chine),Médias officiels (contrepoint),CIDCA promotes Global Development and South-South Cooperation Fund,https://news.google.com/rss/articles/CBMiW0FVX3lxTE5kMVJrblZjdnpKVVV4SklLelBjaVVPbXcxWV9ONGdoU3BlN214RXNxLWxIVWRhVG9ZazMtenhKdzhweG1RRUtlNFRDVUg5dVVmMXE1T09KaHhYbG8?oc=5,,0,E,BRUIT,False,Faible priorité,development,porte régionale: aucun ancrage régional,0,0,0,0,0,0,,absent,aucun,aucun,False,navigation,610,False,True,pertinent
2025-01-08T08:00:00+00:00,Radio Free Asia — Uyghur (anglais),Médias indépendants,US officials call for release of Uyghur entrepreneur jailed in 2016,https://news.google.com/rss/articles/CBMikgFBVV95cUxPUW5nSVk1ZTFqYm16NGR1dENyUmdtQlRqT2xwUzlIWDluU3lLdk9VR1RnY2FnV3ZDbllMaGlPUjNja3pXUk9VZjZtZlhkSjI1UTZuVUtfd1NyUXhjZjV2cmZPVWd2eTF5SnAwLTJSMThRMUNJNUVhbXBXRVVhdlI5d21NVi1ETHlBb2VHQkxPei1UZw?oc=5,,23,E,FAIBLE,False,Répression / droits humains,uyghur; officials,Ouïghours: uyghur,12,0,5,0,6,0,xinjiang,sujet_principal,minorite_ethnique,aucun,False,navigation,613,False,True,pertinent
2025-01-08T08:00:00+00:00,Radio Free Asia — Uyghur (anglais),Médias indépendants,China creates 2 new counties in disputed mountainous area claimed by India,https://news.google.com/rss/articles/CBMilAFBVV95cUxPd2NhSjdfY0NMaXdEVnEzUVQ0ci1MUUxwaWlQM0tyT3F4T0IzeG5TWEtRLVRQVkptWDJYaEpEa3lKUGNYdFM2bjVPVW1MWkxWaWRMTTRwLWsxZERnWVNqRUY0blpwdk9IY2lfcHZGUjBHbUY0SVhaQVg1Z3VKQmo2UDcweUk2alNuRTlaSEdjVnU0a3RV?oc=5,,12,E,BRUIT,False,Géopolitique majeure,china,porte régionale: aucun ancrage régional,0,0,0,0,5,7,,absent,aucun,aucun,False,navigation,613,False,True,pertinent
2024-12-27T08:00:00+00:00,AP News — Kazakhstan,Médias indépendants,Azerbaijani and U.S. officials suggest plane that crashed may have been hit by weapons fire,https://news.google.com/rss/articles/CBMiuAFBVV95cUxPMGdoYVRmU3ItcXplOThjNmFkczIzQ2N5MWpjeGVnQXQyVEdUeGExN1E4RXJKWVZRSWI3eGlnWE9FY2lmM05PNkFtemx2SUgtMWN4UG1wYUd2WmFXWHlvRngzZVlXeDRESF9yN3c3dnNjMG9IY2pXYS1ZRlpma2YtM0Fwc3VKMV9ITGhqd3ZseHBIZExlb2o5UzJISXdaVDE5TlRROE5GdWJJRHg4Um1uazk4S3Fic3h4?oc=5,,0,E,BRUIT,False,Politique intérieure,officials,porte régionale: aucun ancrage régional,0,0,0,0,2,0,,absent,aucun,aucun,False,navigation,625,False,True,pertinent
2024-12-26T08:00:00+00:00,CIDCA (Chine),Médias officiels (contrepoint),China-Africa-UNIDO Center of Excellence launches first human resource project in Ethiopia,https://news.google.com/rss/articles/CBMiW0FVX3lxTE12SVFWM3U3aFNsZFpXdGZJT3VNV0ZPdEJLM05UOV9XMXk5dmxFa1hNczMtYnZycVZJZGthUXFOOW03cE1iVHVkTi0yM3FCYWVGdVVJRl8xMURDekk?oc=5,,12,E,BRUIT,False,Géopolitique majeure,china,porte régionale: aucun ancrage régional,0,0,0,0,5,7,,absent,aucun,aucun,False,navigation,626,False,True,pertinent
2024-12-19T08:00:00+00:00,Human Rights Watch,Droits humains & presse,Extermination and Acts of Genocide: Israel Deliberately Depriving Palestinians in Gaza of Water | HRW,https://news.google.com/rss/articles/CBMiuAFBVV95cUxQMm9aTHN5SmFhVWFvcDlzODhFSGxHMDd6QWhpcVFvdjVLREROQ1pKbHA5aVo1UFVzdjJ1THVNaWlJaXRUajQyZUpRdl92d3YtVHJwWm9YWGpibWdkZ05wdWxiSVRaa1dIWmJRMTg3a2NNX2RLOElXRXNzSlpUMzJTaEMxcUFhQWRXdmt0a28tTDNzcmVvX1JGT2t3MVB5djR3V3BPbkkwLXYwSXVVNmU5dkkyZndoNUFv?oc=5,,0,E,BRUIT,False,Faible priorité,,porte régionale: aucun ancrage régional,0,0,0,0,0,0,,absent,aucun,aucun,False,navigation,633,True,True,pertinent
2024-12-19T08:00:00+00:00,Human Rights Watch — français,Droits humains & presse,Israël commet le crime d’extermination et des actes de génocide à Gaza,https://news.google.com/rss/articles/CBMiqgFBVV95cUxPTXVlM1dWdHJ5UHVhbE9vTUVRTkVRejJ0VEU2YmItUWk4NE5TZmlCbHZLaV83OHE3NTRySmFHMHEyVElJWTBvQzgxS3BPUUVjdzY0OEhjdW5aMUtNMDFFVjhkTXBheUE5bGRUdnRfWEhHWkpGeUY3UFFrMDVVWWxJV0Q2MjdMYk1FWk1nSk40cmFmRXU2NzNRQWJqVU0xMzZHRVdrRERmSFFtZw?oc=5,,0,E,BRUIT,False,Faible priorité,,porte régionale: aucun ancrage régional,0,0,0,0,0,0,,absent,aucun,aucun,False,navigation,633,True,True,pertinent
2024-12-19T08:00:00+00:00,World Uyghur Congress,Droits humains & presse,Congratulatory Statement: the WUC Welcomes the New APPGU in Australia,https://news.google.com/rss/articles/CBMipgFBVV95cUxQeU12QzZYQ1FMbkdUVHVyc3o5UXdhQ3FqTmJXN2RVTGo3QUxhQmNVVk1GRmFtMFBxaVBoNVliX2Y4WkMtSGlyRVlCTkFxQlI2bnBhcjdXQ0pSWVdUYXJfcmRXWFVia3lhb1RkYmJHbjNxSlRiRDRHVV9aX0J2VGxUcWZqZXlmWWZrcnk0WVBOZnRTUzFxT1Z2bXBSemlIenEwVXgzYURn?oc=5,,0,E,BRUIT,False,Faible priorité,,porte régionale: aucun ancrage régional,0,0,0,0,0,0,,absent,aucun,aucun,False,navigation,633,False,True,pertinent
2024-12-08T08:00:00+00:00,Human Rights Watch,Droits humains & presse,Syria | Country Page | World,https://news.google.com/rss/articles/CBMiWkFVX3lxTE81cWRPWEhMdmx6YjlWWXBlTEV3eUI5RjQ1Nk1WME94alNDMENvOWNSVmJiNEh4cmFkUF9Nd3F5ZHQ3YnlwWFIteURlSGNfRW1kMkF0cTdNb0U3UQ?oc=5,,0,E,BRUIT,False,Faible priorité,,porte régionale: aucun ancrage régional,0,0,0,0,0,0,,absent,aucun,aucun,False,navigation,644,True,True,pertinent
2024-11-26T08:00:00+00:00,Human Rights Watch — français,Droits humains & presse,Haïti : Violences sexuelles contre des filles et des femmes,https://news.google.com/rss/articles/CBMirwFBVV95cUxNSXRKU1RLWFNyaGY1cmJRVEFXcWNkdmh6bEZRcVZvSU9uTS1HYzdWOXRKSVBnT3d1aVFYaC1tRF9rRHpFUk9BdVlTR3JIb0FwVG1LU29mRmw1ZEV5Q3Y2bnZoYV9LamU1SzMzb2NvUFR4VUdJOEhHY24zVzZ3dTlWSEY0M2NBWko3cUhCcDJDcGUtUkVQbk5Oc0wtT2ItZF9sUHFjRzdXOHFGU2h3Y1VB?oc=5,,0,E,BRUIT,False,Faible priorité,,porte régionale: aucun ancrage régional,0,0,0,0,0,0,,absent,aucun,aucun,False,navigation,656,True,True,pertinent
2024-11-23T20:56:42+00:00,Turkmen.News,Droits humains & presse,Мансуру Мингелову — 50 лет. Правозащитник проведет юбилей за решеткой,https://turkmen.news/2024/11/23/mansuru-mingelovu-50-let-pravozashitnik-provedet-yubiley-za-reshetkoy/,,20,E,FAIBLE,False,Faible priorité,правозащитник,source spécialisée Asie centrale; plafond V9: aucun ancrage HR principal,10,10,0,0,0,0,,absent,opposant,aucun,False,evenement_date,658,True,True,pertinent
2024-11-21T08:00:00+00:00,Human Rights Watch — français,Droits humains & presse,Palestine : Les mandats d'arrêt émis par la CPI ravivent l’espoir d'obtenir une justice longtemps différée,https://news.google.com/rss/articles/CBMivgFBVV95cUxNNU5pZUlJSHpYZk5TOFo5VndhNUliWWh5QmdKNkJ3WHUyUnp5MGJkNGNXOWFva29tTEFyYnVSeGc3Um9EXzhIZmJScDRnU3plRlV2NjBUckJNZjlUUkNYNW5HSHU4Wkp6OGFBZ2kzb3k5cWFuY1lNdHp1Z3JmR1NDek4wUTkwV2pXaTJYV2ZBbzdCU2Y1dzdVMGpoOW1pUGVKVEdzWDhSU2htWHlwbW5Ld2pEVDlBTld5cXduaER3?oc=5,,0,E,BRUIT,False,Faible priorité,,porte régionale: aucun ancrage régional,0,0,0,0,0,0,,absent,aucun,aucun,False,navigation,661,True,True,pertinent
2024-11-21T08:00:00+00:00,Human Rights Watch — russe,Droits humains & presse,Туркменистан принудительно госпитализирует правозащитницу,https://news.google.com/rss/articles/CBMimwFBVV95cUxQa0o0SnFmcG5nM01wOXBwQVE3bGMyT1RmRTJtbjRFSG1rV0tLNy1oQUtOUmliNkdXUm5JWWlxNWU3R2c3VFlDc1BleWRYN2dueDlYbUlpOVJEWURGQmViS1FVaGxRUzdwYmVBR2ZycFIwYTNkRnJaTkFxUm1uQ2VFU2wzeGVxMFVRSjN1d045bVZtTlFsQ3JiRlg5NA?oc=5,,12,E,BRUIT,False,Faible priorité,туркменистан; туркмен,"Asie centrale: туркменистан, туркмен; plafond V9: aucun ancrage HR principal",12,0,0,0,0,0,turkmenistan,sujet_principal,aucun,aucun,False,navigation,661,True,True,pertinent
2024-11-20T08:00:00+00:00,Human Rights Watch,Droits humains & presse,Turkmenistan Forcibly Hospitalizes Human Rights Defender,https://news.google.com/rss/articles/CBMilwFBVV95cUxPdUhnQUdxZmsyTjNGNWJ4VnlIRkYxb3pfVzJ1bFUxLUFxX3ZZNWk5RVR0MktNMUhZNU0taHZTUGpWVnZud3lhNFdLWFI5TW5nd2diN3NfMUpCclVtM1hHaEJiSC0wZWZhZ3Ewdk54ZVIwcnJVVWlnSGFQaWJvTEMxWHRiaVNYbWJRdXFQS1ZXV1I3YWhJMi1v?oc=5,,29,E,FAIBLE,False,Faible priorité,turkmenistan; human rights,Asie centrale: turkmenistan; plafond V9: aucun ancrage HR principal,12,10,0,4,3,0,turkmenistan,sujet_principal,defenseur,aucun,False,navigation,662,True,True,pertinent
2024-11-18T08:00:00+00:00,Human Rights Watch — russe,Droits humains & presse,«Я как будто живу в клетке»,https://news.google.com/rss/articles/CBMiW0FVX3lxTE1KeEo4c0xKb0U1U0NjRGVUemhhb2dyU3pnN3FFOEVnREdrRWZwN2tnNXR6NVY5cDNkY0JPMk5hYmJvbWIya3U4T2p0YjQ4cDl2QVc3ZDNoUDdKYkE?oc=5,,0,E,BRUIT,False,Faible priorité,,porte régionale: aucun ancrage régional,0,0,0,0,0,0,,absent,aucun,aucun,False,navigation,664,True,True,pertinent
2024-11-11T08:00:00+00:00,Human Rights Watch — russe,Droits humains & presse,Серьезные трудности для граждан Туркменистана из-за произвольных отказов властей в выдаче загранпаспортов за границей,https://news.google.com/rss/articles/CBMiqgFBVV95cUxPb3k1a0ZkVmdSUGoteWV1TTdNSDl1QUo3X1E5MEUyUTVMYzlvN0dJc0dHdTlfWUVEaGZiU19BQ2VNcEp5Vk5oUG84UktwZ3hhZzBEUzVfRE9abGdXV1lBY1dwa2NPblRyTENIc1BHQlFUZGlwd2l3WTl1LWNqM0lEWEQ3bURHUFdnaUIxeFJLY2pXN3VkY3FLX1hhNWxyZ0xXQUt3OV9rQmxzQQ?oc=5,,12,E,BRUIT,False,Faible priorité,туркменистан; туркмен,"Asie centrale: туркменистан, туркмен; plafond V9: aucun ancrage HR principal",12,0,0,0,0,0,turkmenistan,sujet_principal,aucun,aucun,False,navigation,671,True,True,pertinent
2024-11-07T08:00:00+00:00,Radio Free Asia — Uyghur (anglais),Médias indépendants,Bangkok court clears Thai woman of link to accused Uyghur bombers,https://news.google.com/rss/articles/CBMilgFBVV95cUxQUHNuTWFKYngwZFloYVUtYlNwZnpNRnA5akI1dkhtaFhTWXRFejhoMzhlZHh1eXc0OGZxTTJ4dmwtSElFT0ZQOTVBZ3ZJQUVmdENURWxoLW9xUTN1ZUh0RW5FQkpLR1NLOWx1VXMyWEdlajNuWk1WcDQxMHA0Ykh5YnltUWlrSGd0MFdNc29KSG90ckJ6NWc?oc=5,,7,E,BRUIT,False,Faible priorité,uyghur; court,Ouïghours: uyghur; plafond V9: aucun ancrage HR principal,12,0,0,0,0,0,xinjiang,sujet_principal,minorite_ethnique,aucun,False,navigation,675,False,True,pertinent
2024-10-29T07:00:00+00:00,CIDCA (Chine),Médias officiels (contrepoint),Affiliated Institutions,https://news.google.com/rss/articles/CBMiUkFVX3lxTE9KR2Z2SDkxTmtjb0lKeGwzNnZweURQZEhGNHhLN3NVZTJTYjlGSGlxM1JNbEVJb3ZwcXJpZ2FxR0dyZGd6SjNKVTcxUW1KVGQ0SWc?oc=5,,0,E,BRUIT,False,Faible priorité,,porte régionale: aucun ancrage régional,0,0,0,0,0,0,,absent,aucun,aucun,False,navigation,684,False,True,pertinent
2024-10-17T07:00:00+00:00,Human Rights Watch — français,Droits humains & presse,Faire cesser la pratique illégale du contrôle au faciès en France,https://news.google.com/rss/articles/CBMipwFBVV95cUxPS1diZkUzOXVTYk5kR25xQi1uN0Ruc0k0ODBBekh2dExHaVE5d3l0MFdxVDVrX3Q2My1ZNHlCMFZIUjdTOVM0aGllaDE0SVJuTTZnLVJjY2NhUlNsbGpzM2lKb2d4Y3FqNUZOMm9CUmNfZ19GVUc3cGw3ajlQSFdVeTFUcXZhd19ESm1qdlA0LW5heGJPUWpwX0NadWpsaHFVdUJLS3A0NA?oc=5,,0,E,BRUIT,False,Faible priorité,,porte régionale: aucun ancrage régional,0,0,0,0,0,0,,absent,aucun,aucun,False,navigation,696,True,True,pertinent
2024-10-16T07:00:00+00:00,AP News — Kyrgyzstan,Médias indépendants,Moscow and Beijing announce further cooperation during international group meeting in Pakistan,https://news.google.com/rss/articles/CBMirwFBVV95cUxQV181N3RZQXNPQ1ZzRDBnSzM5dmhTdUdnUl9KWTNrZk1EbXZNQnBoOVFIUW9wVkVseXIzc3ZzU0sxUHJWZHBheVR6NmZGdUJRaTA3SFExQ2I2UklHZmxDV3V4ZjNYbTRpQy1VdHpQQXRvMXgxeU5JUklTdkJzMmpWTmpmWWZLT1NvbEtaTWstSEpZQmhNZlB3SkNXLXZkYXB3N0FtYXN1am1tOFJ4b0F3?oc=5,,0,E,BRUIT,False,Économie / géopolitique ordinaire,meeting,géopolitique / économie ordinaire; porte régionale: aucun ancrage régional,0,0,0,0,0,2,,absent,aucun,aucun,False,navigation,697,False,True,pertinent
2024-10-15T07:00:00+00:00,AP News — Tajikistan,Médias indépendants,Violence-hit Pakistan locks down its capital for an Asian security meeting,https://news.google.com/rss/articles/CBMiuwFBVV95cUxQWXhETnpKRmtvdUJkVVQ5VzZ3ZjNDQWZDSjM1R1FOWnJiWnNXZjJFNjBFZzRjSmZuQjJmeERMMHZSbnpBa1hmdjh2N1daNUZpbTRwbFdCM2tQNzVOUWliOWhmYVpFQkd3c0ZOM1lTb295V0MyaFNTeWgxZWtYelJOQzRxcGY4N19PWHFaR0tXRUNhaFRFcDNMWlVLM0hWR1dVWTFiT3YxTnNCR3NmQmpHZTdnaVhaRW1rdjdN?oc=5,,0,E,BRUIT,False,Économie / géopolitique ordinaire,meeting,géopolitique / économie ordinaire; porte régionale: aucun ancrage régional,0,0,0,0,0,2,,absent,aucun,aucun,False,navigation,698,False,True,pertinent
2024-10-12T06:36:34+00:00,Al Jazeera — Uzbekistan,Médias indépendants,From Uzbek disco to Uighur rock: Forgotten sounds of the Silk Road,https://www.aljazeera.com/features/2024/10/12/from-uzbek-disco-to-uighur-rock-forgotten-sounds-of-the-silk-road,,33,E,FAIBLE,False,Répression / droits humains,uzbek; uighur; central asia; central asian; kazakhstan; uzbekistan; tajikistan; kazakh; tajik; turkmen; tashkent; samarkand; caucasus; uighurs; xinjiang; suppression,Asie centrale: uzbek; géographie confirmée dans le corps; plafond V9: confirmation HR dans le body,15,0,12,0,6,0,"ouzbekistan, xinjiang, autre, kazakhstan, tadjikistan, turkmenistan, afghanistan",sujet_principal,"migrant, minorite_ethnique","pression_administrative, expulsion_extradition",False,evenement_date,701,False,True,pertinent
2024-10-08T07:00:00+00:00,Human Rights Watch — français,Droits humains & presse,Azerbaïdjan : Répression virulente contre les détracteurs du gouvernement,https://news.google.com/rss/articles/CBMirwFBVV95cUxQdEdVbGpNcmd5OXpQQUM3MTVncWpRczI5WXJhOEtWcVgtdHAtcUs3YXpCdDRWWUc4c3NDQ2Rrd0g5UFZNZmxnanE3cUFvN04taU5MYzZCYVZTUGlReDlRRjMtMDB6a1Z6aUtzWjd0TUtycTZNaEx5MTZybS1Na0xpLXdXcGpzaFFjWU1LeTJ2Zll1T3ptbXpZVVdwdThoVUs3UndYWk1GdzlRcVJEelFJ?oc=5,,25,E,FAIBLE,False,Répression / droits humains,azerbaïdjan; répression,Caucase: azerbaïdjan; plafond V9: aucun ancrage HR principal,12,0,7,0,6,0,azerbaidjan,sujet_principal,aucun,pression_administrative,False,navigation,705,True,True,pertinent
2024-10-07T07:00:00+00:00,International Crisis Group,Sécurité & géopolitique (think tanks),Dammed in the Mekong: Averting an Environmental Catastrophe,https://news.google.com/rss/articles/CBMiyAFBVV95cUxQNjZLUzhPYURfNllub2RGR2VGNEdhTUV0MzBXLXdpb2tpOGNFQXJTSW0wcGRFYk1GTjBMSl9BeDNnWjNLRGNBUVJCdjJCcFVpN01BRlk3VHpFdHRYT0l6SXlReDBMbUhfX2lRVjNzQ1dCMmh1WFJjM3E2SGVHSGlIWERtS3p0cGdLY19KbWRxT3BYVFlLQkM5Wkt5NnRUcVNMd04xZ20zZEhlZC1NTHZiVWNQWGg5SFFVNGdmanQwREdVUjA3VEhaVQ?oc=5,,0,E,BRUIT,False,Faible priorité,,porte régionale: aucun ancrage régional,0,0,0,0,0,0,,absent,aucun,aucun,False,navigation,706,False,True,pertinent
2024-10-02T07:00:00+00:00,Human Rights Watch,Droits humains & presse,Northeast Syria: Military Recruitment of Children Persists,https://news.google.com/rss/articles/CBMilAFBVV95cUxOcXNRaEZNYXZ6NFFEUV9zQ2stRkRGd3d3REZHSlJuaVg4a09rdWxwNXh5R05YMEk2V2xJMFJLdnhsdEJTT2tWQ0l5RzU0S1A5QUxVTWg5ZkpORlNWeFIzeXpxYlh2WlRneTZNMTdXYWdQX0tYbndNdHktczBtSWdqVzZvQU45eFJZSnRZTjY1cUxpSjJi?oc=5,,0,E,BRUIT,False,Faible priorité,,porte régionale: aucun ancrage régional,0,0,0,0,0,0,,absent,aucun,aucun,False,navigation,711,True,True,pertinent
2024-09-26T06:44:06+00:00,CIDCA (Chine),Médias officiels (contrepoint),Liu Junfeng,https://news.google.com/rss/articles/CBMiWkFVX3lxTFB1OUMxblFqSmg3Nk96elVMWWhNT3J4NXBmS2RfbEphWE1rbHF6enZfWGJLNHotOXBZVmJQcTFGUkpjQUFmcHpFdUFPQ2g2MThzSjRWYjVCZ0tVUQ?oc=5,,0,E,BRUIT,False,Faible priorité,,porte régionale: aucun ancrage régional,0,0,0,0,0,0,,absent,aucun,aucun,False,navigation,717,False,True,pertinent
2024-09-23T07:00:00+00:00,AP News — Kazakhstan,Médias indépendants,2 record-breaking Russians and an American who lived on space station for 6 months return to Earth,https://news.google.com/rss/articles/CBMivAFBVV95cUxNYUQ1RC1SVVpzdE1FYThLQkRyejJTUWJlVG9QblMzLTBaRklWbVBwbVJyLVgweU5wbkJ3ZVJjTWdBU0FMWmZsM1g4eFNFS05lbEgybFNNZnFaUV8teTRwTGZkRlFlNVdIV1NCekNYUExOalBaTGFvb3BSMVRndGNmUm1aci1KcUlmNTRQQXpEdjdqcGYzaDM5WjhpVUM5QVlQZDM4YkhBWXNFak11Y3laVVJ3emF4bllHbWl3Uw?oc=5,,0,E,BRUIT,False,Faible priorité,,porte régionale: aucun ancrage régional,0,0,0,0,0,0,,absent,aucun,aucun,False,navigation,720,False,True,pertinent
2024-09-23T07:00:00+00:00,AP News — Tajikistan,Médias indépendants,Pakistani Taliban deny attacking a convoy of foreign ambassadors,https://news.google.com/rss/articles/CBMivgFBVV95cUxNbTY0eFR0bG1NcDJxNk81anZhSHR1NnNmSzE5dEFvZUJWN0Z5SW5ta0ZDWkxjQU1hXzZqUHpOZWtJWmJoMUhEUmxuUWtSWG11ZXBYS2Z3eVMwVkxmQm9NTDlQWjR1MHY3LXl6MldKc1VXR3RpOXFWWi1YMTBJc29OYVFuWEJoRnc1OVhBNlpLUy1iSENMeThNM1ZIbXZXRjFRd1BmNTJ0TFdyb3MxelR4QmVDUWVUbllQZzR3Rktn?oc=5,,12,E,BRUIT,False,Géopolitique majeure,taliban,porte régionale: aucun ancrage régional,0,0,0,0,5,7,,absent,aucun,aucun,False,navigation,720,False,True,pertinent
2024-09-19T07:00:00+00:00,Human Rights Watch,Droits humains & presse,Foreign Agent Laws in the Authoritarian Playbook,https://news.google.com/rss/articles/CBMigwFBVV95cUxOUFVzTzI4di1rSjlMZUVHY09Fc0dpXzVUc3ZUVjY5TTlfVVFuUXd1bWhic3Q5ZDFFZUFKLThQajk0ZUQ5U0xkWmRvYkRmSjRFb0VoLVZEWEtUV1Rxa2RMemdzSy14VVE3MzhXR2RCVmwtVVRUdTBwQkFPNW90WlJPQTQwQQ?oc=5,,0,E,BRUIT,False,Faible priorité,,porte régionale: aucun ancrage régional,0,0,0,0,0,0,,absent,aucun,aucun,False,navigation,724,True,True,pertinent
2024-09-08T06:47:59+00:00,Al Jazeera — Uzbekistan,Médias indépendants,Koreans in Uzbekistan: K-pop and a brewing cultural clash,https://www.aljazeera.com/features/2024/9/8/koreans-in-uzbekistan-k-pop-and-a-brewing-cultural-clash,,32,E,FAIBLE,False,Répression / droits humains,uzbekistan; central asia; kazakhstan; kazakh; uzbek; almaty; tashkent; disappeared; repression; cultural,Asie centrale: uzbekistan; géographie confirmée dans le corps; plafond V9: confirmation HR dans le body,15,0,7,4,6,0,"ouzbekistan, autre, kazakhstan",sujet_principal,aucun,"disparition, pression_administrative, expulsion_extradition",False,evenement_date,735,False,True,pertinent
2024-09-06T07:00:00+00:00,CIDCA (Chine),Médias officiels (contrepoint),China-Africa Joint Statement on Deepening Cooperation within the Framework of the Global Development Initiative,https://news.google.com/rss/articles/CBMiW0FVX3lxTE4xRFR5ckRZYzlYejY1elc5ZWdwUHFqZW9PUzJJelFmQkt5VHVSRnlKN1JMQzB6djdIWG91ZUJvc1doN0VTRzZSeGx1SDl2eXF1MHZ2azhVN0xnOGc?oc=5,,12,E,BRUIT,False,Géopolitique majeure,china; development,porte régionale: aucun ancrage régional,0,0,0,0,5,7,,absent,aucun,aucun,False,navigation,737,False,True,pertinent
2024-09-04T07:00:00+00:00,Human Rights Watch — français,Droits humains & presse,Chypre | Country Page | World,https://news.google.com/rss/articles/CBMiX0FVX3lxTE9rdDN0QzNpSmprZU9sdWVLaEdXYnJDVUR1b3JIWHY4MDQ4S2JkSmQwemViV0RVaWEtNzJ1ZkpWc3poMExWTHc2eWFCVDFrTlN3LUo2M1MxTzFPeFZ1cS0w?oc=5,,0,E,BRUIT,False,Faible priorité,,porte régionale: aucun ancrage régional,0,0,0,0,0,0,,absent,aucun,aucun,False,navigation,739,True,True,pertinent
2024-08-27T07:00:00+00:00,Human Rights Watch — russe,Droits humains & presse,"Политические преследования, экономическая блокада",https://news.google.com/rss/articles/CBMiW0FVX3lxTE14RkhVYlM3TW92R3ZCWFd3b1EtQVFRS0hWdk5GS1BXRmZBLUFfSjd4ZUN2MWk4cGNQRm13MnZacm1PZGVYR2hCYVNOWk1keXptcEdWb3NtSEl6RUk?oc=5,,0,E,BRUIT,False,Faible priorité,,porte régionale: aucun ancrage régional,0,0,0,0,0,0,,absent,aucun,pression_administrative,False,navigation,747,True,True,pertinent
2024-08-23T07:00:00+00:00,Human Rights Watch — français,Droits humains & presse,Myanmar : Les Rohingyas confrontés à de nouvelles atrocités,https://news.google.com/rss/articles/CBMimgFBVV95cUxPRHpGVVZGTnIyXzZ2NkEtbFRjbVR5dkt0RUc3SUNwREx5bF9XSWZWbl9Wb1ZySVExbFMyLTRtOGRxNEY3LWU1OW5RN3cwWGNmamVvRUhibUNrSnBfbTFaWk1uVmJfWGtmckVETGJoTFg4c1NqQXJxd2Q3NFlPa2ZKekxHVXVPZU9fNUpoa0FoWHhLQjk4eERwRWl3?oc=5,,0,E,BRUIT,False,Faible priorité,,porte régionale: aucun ancrage régional,0,0,0,0,0,0,,absent,aucun,aucun,False,navigation,751,True,True,pertinent
2024-08-22T07:00:00+00:00,Swiss Political Science Review,Économie & recherche,Introduction to the Debate: How Does Political Science Matter? The Relevance and Impact of the Discipline,https://news.google.com/rss/articles/CBMiZEFVX3lxTFBOUVRqWmd3UzNBVlV1TE9aYURWZExGc1lYdF9BczdEVms5dWNrdG01U281dzN6Q2FIYnNFOFh5NkZuRDRYamRhY1M2MDdRM2pDMDhfRVFXdXFlVUc1S3NiUU02dXE?oc=5,,0,E,BRUIT,False,Faible priorité,,porte régionale: aucun ancrage régional,0,0,0,0,0,0,,absent,aucun,aucun,False,navigation,752,False,True,pertinent
2024-08-20T07:00:00+00:00,UN Women — Europe & Asie centrale,Droits humains & presse,FAQs: Afghan women three years after the Taliban takeover,https://news.google.com/rss/articles/CBMisAFBVV95cUxOZEQwVHZraDNHUWgtQ2dvdGtaRFBjNXFHOUxoSENRRXRMSWhZZkJrdGh1aVJnXzBWRXltb2p2VXpRenlnUm5ObU1nOV9oZEZNUHREcU03ZFgyR2dfbjI4VXBRX3BGYXl1ZzB5RE5PVkFfNmh0dlNqTmpoTHdnTXQybHFxRENpV1lmTU1KVWxNNVBLY3RRTVNoRGRvMWo4UndQZnFFRzZsY29IRmFfLTFyWQ?oc=5,,12,E,BRUIT,False,Géopolitique majeure,taliban,porte régionale: aucun ancrage régional,0,0,0,0,5,7,,absent,femme,aucun,False,navigation,754,False,True,pertinent
2024-08-13T07:00:00+00:00,AP News — Tajikistan,Médias indépendants,The Taliban have ruled Afghanistan for 3 years. Here are 5 things to know,https://news.google.com/rss/articles/CBMiswFBVV95cUxNblNRcGFlWFVMREtlNWh6WmZJSWpsXzNoUTVwa2VVd3c5bTRrQTZqa0l0RHprZ01iamJKZEN4QklPYlh6SVk1OWttNUpEX1dIa0FSQTRqNldVeW03MWRQODR0NnhaRkZqOTN4SjE4MWVhSkJjaW1od3hrNnpTemFtOVdkZmFxZEZfVE1SRmZ0RTRNOEZUMS13YUpaSUNhVktYb3lrdExoNEhHdmZrQVVraTROUQ?oc=5,,12,E,BRUIT,False,Géopolitique majeure,afghanistan; taliban,porte régionale: aucun ancrage régional,0,0,0,0,5,7,afghanistan,sujet_principal,aucun,aucun,False,navigation,761,False,True,pertinent
2024-07-17T07:00:00+00:00,Human Rights Watch,Droits humains & presse,“I Can’t Erase All the Blood from My Mind”: Palestinian Armed Groups’ October 7 Assault on Israel | HRW,https://news.google.com/rss/articles/CBMisgFBVV95cUxOWHVuQ256ZGpkR2dFUDc0dE5yRnRiLWFHNW1wUGh3NUZvRTFTZU1XTWEtTmJnUjYzZEg4Ny1HS1E4T1lMV1YxWHdzbHgtckV4R0lkNnBPUG9uMDF0RHQxT3l3X1NKQXNWcWc4UjAta1gtTWwzd1duYUViYjFaSC1jMHlBQnhLMVNObjltMXZFM1lGU3R2VEFtU0FVSXF2dFFEYkNpeDZWMVBkZzg1a1lrZGpn?oc=5,,0,E,BRUIT,False,Faible priorité,,porte régionale: aucun ancrage régional,0,0,0,0,0,0,,absent,aucun,aucun,False,navigation,788,True,True,pertinent
2024-07-17T07:00:00+00:00,Human Rights Watch — français,Droits humains & presse,Crimes contre l’humanité et crimes de guerre commis le 7 octobre par des groupes menés par le Hamas,https://news.google.com/rss/articles/CBMiugFBVV95cUxQTllMbkRudWdLdFdoZkpvNUczazNzU0ticHE0VmdoQ3V1c0p4Qmk0bGJhZWR2WlA1TG5RTUlTX0FScEpNcENLWnh5TGYtdUxPTEd4LXdfdlZKR1EtUjRLUEZKLWJvM3ZIYnFBeVZXckpyWUlzLWxIajZxZjVVN0NRUlFkaG56YjJnSklsdHFvUDFFazY4M2dnZWY0Mko4NkpsTVRYYzVwLV81QV9nRWVwWm9UaEg0dlZGVXc?oc=5,,0,E,BRUIT,False,Faible priorité,,porte régionale: aucun ancrage régional,0,0,0,0,0,0,,absent,aucun,aucun,False,navigation,788,True,True,pertinent
2024-07-14T07:00:00+00:00,CIDCA (Chine),Médias officiels (contrepoint),CIDCA chairman meets with deputy prime minister of Barbados,https://news.google.com/rss/articles/CBMiW0FVX3lxTFBBQVB4czVqUU9wbXBnaGNoMlljbU41R1VrVjlhUlFUeDRuSHV0OFdrYUs1bEtDbkk4WEExdmFCcG93TVZPd1lRc0tBR2s2ZWVrSHJ5Zno1UHFhaEE?oc=5,,0,E,BRUIT,False,Politique intérieure,prime minister; minister,porte régionale: aucun ancrage régional,0,0,0,0,2,0,,absent,aucun,aucun,False,navigation,791,False,True,pertinent
2024-07-14T07:00:00+00:00,CIDCA (Chine),Médias officiels (contrepoint),Second high-level conference of Forum on Global Action for Shared Development closes,https://news.google.com/rss/articles/CBMiW0FVX3lxTE0wVUN2dXZQMGRXQUVEajEzM2h3WUphRVVNQ2RjcTM4VmdDUEtJaHpUUlotZjE3UjF4aDZLS3Y5MXF1UWhYMGkzQ1NZMnNWZHEzVVA3N2xTMllURW8?oc=5,,0,E,BRUIT,False,Économie / géopolitique ordinaire,conference; development,géopolitique / économie ordinaire; porte régionale: aucun ancrage régional,0,0,0,0,0,2,,absent,aucun,aucun,False,navigation,791,False,True,pertinent
2024-07-04T07:00:00+00:00,AP News — Kazakhstan,Médias indépendants,"Leaders of Russia, China attend summit of regional security grouping",https://news.google.com/rss/articles/CBMiuAFBVV95cUxPdEwycEpRQnFHS0JsVHZOOS1wOXpKczlGZ0NTSkxtSUFnS01nQzFoTTJuX19WS1RKVzVTQXdtd2NPcXNnd3NLZnBaa2NXUGtLRFVEVldINHF1U29nQUMxMlQ3VlRXeFVoX19NOGZwY000SkV2V0M5WVcyeEdFVDVieFhvWjBwbmlUczJraUo2VFZqSS1Cbk4tSWJVYzh6U1BKVm1DbXlIbXRPSnBiRXQ1ZnhrV2swYTg2?oc=5,,2,E,BRUIT,False,Géopolitique majeure,china; russia; summit,géopolitique / économie ordinaire; porte régionale: aucun ancrage régional,0,0,0,0,5,7,russie,sujet_principal,aucun,aucun,False,navigation,801,False,True,pertinent
2024-07-04T07:00:00+00:00,Human Rights Watch — français,Droits humains & presse,République tchèque | Country Page | World,https://news.google.com/rss/articles/CBMiZ0FVX3lxTE96b2s4UGdQVWhSUGtKVVhmZDF4b2Z6NThJcnl4RjNVT2dVOU9Tc0NBWTRfdE9oS0YwNVNmTEhvU1JiMHZuVHY3TFVZVU82Z2h3QWZSaUkweF90QTVDRXhGeGZwVkR3eTg?oc=5,,0,E,BRUIT,False,Faible priorité,,porte régionale: aucun ancrage régional,0,0,0,0,0,0,,absent,aucun,aucun,False,navigation,801,True,True,pertinent
2024-07-03T07:00:00+00:00,AP News — Kazakhstan,Médias indépendants,Leaders of Russia and China meet at a Central Asian summit in a show of deepening cooperation,https://news.google.com/rss/articles/CBMitgFBVV95cUxNSnRNbkJJRkVlS0VqMTQwZ0hmSHhfcnZTWmY4YUdId2JPdTg1YkN1ODRwZDRXSHpkaDd4by1MMUNDYzk5a1JCZ0hjZ2NSUkh5dGJPcXdTVENqYUNTZC1OUkZjc190YW9JMEI0QjhkVERDQ2NaLS1hTXhpQVRDY1dLQVZLMVlVUFJZYVNWY0FEVUdSdWVzSUtRcWV5TWpqc1FmRlNCTmVVczdwZjdEM3ktVjRMTEJ6dw?oc=5,,14,E,BRUIT,False,Géopolitique majeure,central asian; china; russia; summit,Asie centrale: central asian; géopolitique / économie ordinaire; plafond V9: aucun ancrage HR principal,12,0,0,0,5,7,"autre, russie",sujet_principal,aucun,aucun,False,navigation,802,False,True,pertinent
2024-07-03T07:00:00+00:00,CIDCA (Chine),Médias officiels (contrepoint),CIDCA vice-chairman meets with director-general of Prime Minister’s Office of Vanuatu,https://news.google.com/rss/articles/CBMiW0FVX3lxTE4wTkJhZzJfOVMwX2RqbzR4TEZxczFlX3pMVzVSQ0ZTbHRZZmdKSnV6a0w3eVR5RWdiTVJLM2dsMnMwLVJmZzBFSWFOVUd3aTdrTTFEb2JYY0k0SkU?oc=5,,0,E,BRUIT,False,Politique intérieure,prime minister; minister,porte régionale: aucun ancrage régional,0,0,0,0,2,0,,absent,aucun,aucun,False,navigation,802,False,True,pertinent
2024-07-01T07:00:00+00:00,Human Rights Watch — russe,Droits humains & presse,Узбекистан: два года спустя в Каракалпакстане все еще ждут справедливости,https://news.google.com/rss/articles/CBMikgFBVV95cUxOMTV4bXdoYThyMGw5Z3RDRlJOZHQxSlI5dm5lRW9TcWREVDZYQTBJRGMyaFlGbDZiSkN0ckhVSmw2YlY4cnBsMkkyeURzUWNHcUp3VzRXa3BtMFZ5YW8wNHdyTXd4Y3llOWFqdU9LZDRtdUpNa3VSRFlUZmdpSUxteWFWdGlvQldxUl8tV0lEZ2ZEZw?oc=5,,12,E,BRUIT,False,Faible priorité,узбекистан; узбек,"Asie centrale: узбекистан, узбек; plafond V9: aucun ancrage HR principal",12,0,0,0,0,0,ouzbekistan,sujet_principal,aucun,aucun,False,navigation,804,True,True,pertinent
2024-06-30T07:00:00+00:00,CIDCA (Chine),Médias officiels (contrepoint),CIDCA vice-chairman meets with chief of staff of Prime Minister’s Office of Papua New Guinea,https://news.google.com/rss/articles/CBMiW0FVX3lxTFBOZ1hWQThtUEtCQkdycGwwSmxudmlpWmJ5MGtSdHc1WlZWNFFjOVhZcDcwUWxkLXpmazFqN2MwYld2ZWZwSFEzejljZHVBcnBUWmRKZXZ6M1V0NkU?oc=5,,0,E,BRUIT,False,Politique intérieure,prime minister; minister,porte régionale: aucun ancrage régional,0,0,0,0,2,0,,absent,aucun,aucun,False,navigation,805,False,True,pertinent
2024-06-27T07:00:00+00:00,Human Rights Watch — russe,Droits humains & presse,Издевка над правосудием в России,https://news.google.com/rss/articles/CBMibkFVX3lxTE9UcHlzRnVEcl9nRVhScUZOZlpuMVNoeHBUQzNyWGluYjkyd1VLZVJWd0tXbThxS1o2MU5MZ1V0Q0lvaFpVRlhjNmZvdWlkejc1bVZ1WFRtOWhUV3hKdU8yT3AxcTVXRV90enotNlh3?oc=5,,0,E,BRUIT,False,Faible priorité,,porte régionale: aucun ancrage régional,0,0,0,0,0,0,,absent,aucun,aucun,False,navigation,808,True,True,pertinent
2024-06-21T07:00:00+00:00,Human Rights Watch — russe,Droits humains & presse,Исторический вклад HRW в борьбу за запрет противопехотных мин,https://news.google.com/rss/articles/CBMihAFBVV95cUxORnJYcU14bGotOHZ6MVpaZUFweV9sa0lvTFJaajBOcVJTV1hyZzl6cUJUMVJxb2ZZY2pxa2QwSnh2eVJlNC13LXpuQV9hZTc0Q0ljMFh3SVRtSkIxMUxfdXVIWnRvem53RXU0ZU5YZnQ4bWpLMlUyeEp3QWxsdDZHQlZRcHM?oc=5,,0,E,BRUIT,False,Histoire / culture / contexte,исторический,porte régionale: aucun ancrage régional,0,0,0,0,0,0,,absent,aucun,aucun,False,navigation,814,True,True,pertinent
2024-06-20T07:00:00+00:00,Human Rights Watch — français,Droits humains & presse,Ukraine: Russification forcée de l'enseignement dans les zones occupées,https://news.google.com/rss/articles/CBMirAFBVV95cUxQaHR2V095YWYteEN0SWYxTVo2NzNvVDBYQ0U2YzZ6SUlMN3RSMF9jcVFIU3Nva0w3UWlQcE4tRWV6S0dlNzlDdm43X0ppM1huclg5ZWN5MHF6NDhPRXY1SmttMjVCRjJ0MkFacFRtUFl2dkFlNi1Oc2RrNXZoSWRXbFFCRXIwcXRhTWJ6NUJ0WFdVMHRPOUpXclJhN09ENkxNVE1HNmxpeUhxOEpB?oc=5,,12,E,BRUIT,False,Géopolitique majeure,ukraine,porte régionale: aucun ancrage régional,0,0,0,0,5,7,,absent,aucun,aucun,False,navigation,815,True,True,pertinent
2024-06-13T07:00:00+00:00,International Crisis Group,Sécurité & géopolitique (think tanks),Great Expectations: The Future of Iranian-Saudi Détente,https://news.google.com/rss/articles/CBMiywFBVV95cUxOQlh5ZlJ6a3BmNnpPcnd2bWJrUWUxQUdlQWpuckpERmIxRFhVSHJUa2RkU1pNN1BwTDM0UUtGSjBWOW5XVkota05PY2tkRXcwZjItbjZiNlJhMWR1LXMxVzZJeEZFWDNHTFBnZ3pjTVIzNVkwX29ublJZbENpdjN6OHd5VHczaDZqT05nWHBWS25TdzFGOVNjMDhHNjR3MEZ1QThLaVV1RFFLT3JXNnE1amFfbHhXZ1BtOExSYVcyTUxrbnBFNlhQbFEwWQ?oc=5,,0,E,BRUIT,False,Faible priorité,,porte régionale: aucun ancrage régional,0,0,0,0,0,0,,absent,aucun,aucun,False,navigation,822,False,True,pertinent
2024-06-05T07:00:00+00:00,Human Rights Watch — français,Droits humains & presse,Israël : Utilisation de munitions au phosphore blanc au Liban,https://news.google.com/rss/articles/CBMisgFBVV95cUxNZ2VnY3lUblZiSWFKMXNNRFFkYzFqQ1NYSEpZUlJWQk1VQ1ZFNFh4LUR2NGdmNURuYWh6U3NSVnJTb3loc3R6V3Z6NUYzbzBEVXNHSkpTMWYzcFRVbWNGTG9YZW1FVVFqeC1JMUFJQ0dsX2lWUGNZclB2S1o1ZHpmVC1kYVhhU3NaYVJDeXRPcnR6U2lQbGlZeDZQSHZ5MHhCdmd0TWVCQTRRSEhtczY1VllR?oc=5,,0,E,BRUIT,False,Faible priorité,,porte régionale: aucun ancrage régional,0,0,0,0,0,0,,absent,aucun,aucun,False,navigation,830,True,True,pertinent
2024-06-04T07:00:00+00:00,AP News — Kyrgyzstan,Médias indépendants,Modi claims victory in India's election but drop in support forces him to rely on coalition partners,https://news.google.com/rss/articles/CBMiqgFBVV95cUxPZXB2WjBpRG5lbFdvT0dqZlhERmNjLWVwNG9vekt4R09zTjRYc0hISkM4cUZCNTYyWUxVdTF5Wkw4ajk3ZmVPOWpRMURWUzduUDZ2TzltTklqLTZJaW01cmFkVld3aV9KU1lqRXlnYmRkellHYjI5ZDdNUFloaVF0cmdCY0dNZUk3Sk8yOEZyV0tfQk9FR2JRVlVwRkpHSjQ1d0NONkNlZXRBQQ?oc=5,,2,E,BRUIT,False,Politique intérieure,election,porte régionale: aucun ancrage régional,0,0,0,0,2,0,,absent,aucun,aucun,False,navigation,831,False,True,pertinent
2024-06-03T07:00:00+00:00,World Uyghur Congress,Droits humains & presse,Press Release: World Uyghur Congress Criticises Visit of Turkish Foreign Minister to East Turkistan,https://news.google.com/rss/articles/CBMizgFBVV95cUxNaXBZWHU3ZTA2QlduOTRaamg1VVJ4Sk1QZzVrWmlERjBUTWxNQUNONGhrU2ZWbUlKcWFCekhEVEI4V0JwRFkxM3JWanpxRXQzMUZsdjFXb3l4eDFMYS01Zm8xd1RXejcxekM5ZGV5VF94bElSc1RzQVV0QzNJRk5MSkhTOWxXQVRVck9wdFh4NFNCbGdTb0UtNVJJYW40R2Ric2lhdnZQampWX243U216UGtaRnhJR1NXYi1mMUNDVmdEd3U2ZGRBc0VwUy1Ndw?oc=5,,6,E,BRUIT,False,Politique intérieure,uyghur; minister; visit; foreign minister,Ouïghours: uyghur; géopolitique / économie ordinaire; plafond V9: aucun ancrage HR principal,12,0,0,0,2,2,xinjiang,sujet_principal,minorite_ethnique,aucun,False,navigation,832,False,True,pertinent
2024-06-01T07:00:00+00:00,Human Rights Watch — français,Droits humains & presse,La longue lutte de HRW contre le fléau des mines antipersonnel,https://news.google.com/rss/articles/CBMiowFBVV95cUxPV0RoRW54X1daamFLRy1UcVpBSzFGV1BtZzdvTE5TUHQxUm9IczFCclMyN2E4R0J5YjA4a1JEX04xS1NmZm9zbkVXUzBOT1VTSVZFTHZrQVZoM0lvUUdsTnVKS192ZkZQYmlUckUtbkp3Y01RanhOOEpGLXRscHRRenRyY3pSRktXNzF0MXNSUllPRnFlUEFhWVhCazllOUhLRWxV?oc=5,,0,E,BRUIT,False,Faible priorité,,porte régionale: aucun ancrage régional,0,0,0,0,0,0,,absent,aucun,aucun,False,navigation,834,True,True,pertinent
2024-05-30T07:00:00+00:00,Human Rights Watch — français,Droits humains & presse,Ouzbékistan : Emprisonnés pour avoir « insulté le président en ligne »,https://news.google.com/rss/articles/CBMipgFBVV95cUxQV3pQQkU0TF9FT1k0Qnpla3RnM080bDA1TTFsUWVfVEswRXNMekVOcWUtNkc2d2lZM3ZrTGVmV0NVb2F0bU16T0dfckpIdDJDdHBDa1UyajZiYld6UVplYTNHM0dfTURnN2hjSXduSDFFOF9DcjFmWDhhQkNkYVIwVjFXY19GQUtYYlZTZjJvNkFmVHF5TjNBa2taQ0lTNncxblhnS193?oc=5,,12,E,BRUIT,False,Faible priorité,ouzbékistan,Asie centrale: ouzbékistan; plafond V9: aucun ancrage HR principal,12,0,0,0,0,0,ouzbekistan,sujet_principal,aucun,aucun,False,navigation,836,True,True,pertinent
2024-05-27T19:14:03+00:00,Al Jazeera — Uzbekistan,Médias indépendants,Russia to build nuclear power plant in Uzbekistan,https://www.aljazeera.com/news/2024/5/27/russia-to-build-nuclear-power-plant-in-uzbekistan,,27,E,FAIBLE,False,Géopolitique majeure,uzbekistan; central asia; central asian; kazakhstan; kazakh; uzbek; tashkent; russia,Asie centrale: uzbekistan; géographie confirmée dans le corps; plafond V9: aucun ancrage HR principal,15,0,0,0,5,7,"ouzbekistan, russie, autre, kazakhstan",sujet_principal,migrant,aucun,False,evenement_date,838,False,True,pertinent
2024-05-20T12:29:13+00:00,Al Jazeera — Kyrgyzstan,Médias indépendants,Panic in Bishkek: Why were Pakistani students attacked in Kyrgyzstan?,https://www.aljazeera.com/news/2024/5/20/panic-in-bishkek-why-were-pakistani-students-attacked-in-kyrgyzstan,,29,E,FAIBLE,False,Répression / droits humains,kyrgyzstan; bishkek; central asian; kyrgyz republic; kyrgyz; arrested,"Asie centrale: kyrgyzstan, bishkek; géographie confirmée dans le corps; plafond V9: confirmation HR dans le body",15,0,8,0,6,0,"kirghizistan, autre",sujet_principal,citoyen_ordinaire,detention,False,evenement_date,846,False,True,pertinent
2024-05-16T07:00:00+00:00,Human Rights Watch — russe,Droits humains & presse,Обвинительный приговор по громкому делу о домашнем насилии и убийстве в Казахстане,https://news.google.com/rss/articles/CBMisAFBVV95cUxPT1V2X043WHFOU2d1ZGthZENqT0pIQnVJVUpRWnkzeUtSQncwUTE1b1lla0pKdldLMVNIeXpiRWFGTWhEQ1k1eEN2emJCT2R6SVhTaGNmR1gyTEtFV3BXbFBYeHBBeUlYMVdKa3lWdDJucmJJdnVBZnRHQTItR3pGdVVfN0NnVU5OVkV0eFNsN2gyd09scmQzQzRUV1NMZ2V1SmNsVUttRGxLSFFQdGNwMA?oc=5,,23,E,FAIBLE,False,Répression / droits humains,казахстан; казах; приговор,"Asie centrale: казахстан, казах",12,0,5,0,6,0,kazakhstan,sujet_principal,aucun,condamnation,False,navigation,850,True,True,pertinent
2024-05-14T07:00:00+00:00,Human Rights Watch — français,Droits humains & presse,Belkis Wille,https://news.google.com/rss/articles/CBMiXEFVX3lxTFBOWmhuNkZFOFkwd3E4elR2UnYxZDlJUHJXR0d0ck10cVQ5dVV3Ym45aURtc2NDSmJzcXV0TkV2eGtMZkpPM0tXNW5hR2IzalgxbV9qUUh1NU5KekJ3?oc=5,,0,E,BRUIT,False,Faible priorité,,porte régionale: aucun ancrage régional,0,0,0,0,0,0,,absent,aucun,aucun,False,navigation,852,True,True,pertinent
2024-05-02T07:00:00+00:00,Human Rights Watch — français,Droits humains & presse,Azerbaïdjan : Libérer le défenseur des droits humains Anar Mammadli,https://news.google.com/rss/articles/CBMipwFBVV95cUxOak5kYi1La2RYeGJ5MV9PcHZfM0dBLVp4Q1lyR3dDTFc3R2pXQXhBRmEtSmxMSldybkhsemJYcnhLLVJldmFLZ05Kc2FMZzFwNG1MYmhENUhmZTBVbHNOWEE1MzdBbjktTTJYQVA3NVFzTmhlQ3pkMkYyMEt2Ymh3dHAyUVlTSUZaZ0NlMDBMZ1A4aDBaaVZkY3A2bEw0WHo0RU5EVkpkVQ?oc=5,,29,E,FAIBLE,False,Faible priorité,azerbaïdjan; défenseur des droits humains; droits humains,Caucase: azerbaïdjan; plafond V9: aucun ancrage HR principal,12,10,0,4,3,0,azerbaidjan,sujet_principal,opposant,aucun,False,navigation,864,True,True,pertinent
2024-05-02T07:00:00+00:00,Human Rights Watch — russe,Droits humains & presse,Украина: российские военнослужащие казнили сдающихся в плен украинских солдат,https://news.google.com/rss/articles/CBMiogFBVV95cUxPZ0ZWcURRbkZWSjNlNWlxczk0a2wtTmZ5eDVoQVE5MXB1OERySURSNjhWdUdyN1R1bjdxM0NtblR2bFZPdkhCM2VKbE9wRGFBclNGbWlxZ19wdU1xbWdQalc2YmJneTVMbjg4cGpDLS1jS2p4X20tOFJQMlhhbkpVV1E2bzlhTFBSa2pST1ZBT3BlTHBRRUloeFFiWUl0Nk0yQ2c?oc=5,,12,E,BRUIT,False,Géopolitique majeure,украина,porte régionale: aucun ancrage régional,0,0,0,0,5,7,,absent,aucun,aucun,False,navigation,864,True,True,pertinent
2024-04-30T20:02:40+00:00,Human Rights Watch — français,Droits humains & presse,Lituanie | Country Page | World,https://news.google.com/rss/articles/CBMiYkFVX3lxTE5ydTZybHdFdEU2YUpScEx5UFJwWnR4SXUyWTJ6SDhRSmZxLUNUZ3pVMkRxS0NtSjk2dzM2cnc5bG1XejlmSXhTY1ZRX0dQMmgtcDNDbEIxOGRod0pBWlpoWFF3?oc=5,,0,E,BRUIT,False,Faible priorité,,porte régionale: aucun ancrage régional,0,0,0,0,0,0,,absent,aucun,aucun,False,navigation,865,True,True,pertinent
2024-04-30T07:00:00+00:00,Human Rights Watch — russe,Droits humains & presse,"Казахстан: новый закон улучшен, но не доработан",https://news.google.com/rss/articles/CBMilgFBVV95cUxPUUhNcDQ4Nk43dUlVZ3ZFUEc5VERwTUx2Q3BTVWxkWG5WaFdma3d6RnVMRnVFeUJWYVpjU0lvUUEyRC1QekdNNXVpTEhhdXhDelN3M3Z2c0NqdTFEQU9VQ01vc0hCUFQxalFrMDBVUmI2Zk9JVUtOWHF0d2ZVd0xXNTJ3SkJ4cVo1V2FTZ2ltVzljeml6bHc?oc=5,,12,E,BRUIT,False,Faible priorité,казахстан; казах,"Asie centrale: казахстан, казах; plafond V9: aucun ancrage HR principal",12,0,0,0,0,0,kazakhstan,sujet_principal,aucun,aucun,False,navigation,866,True,True,pertinent
2024-04-23T07:00:00+00:00,Human Rights Watch — français,Droits humains & presse,Kazakhstan : La nouvelle loi protégeant les femmes constitue une avancée mais est incomplète,https://news.google.com/rss/articles/CBMiugFBVV95cUxQWG9Ja1VmOXBGM0I2M2VyUjMyQ3NNQVhmcVByeDFwa0ZOWWFsNm5Fdy1WZ084Y3ZvNjNHTWF1ODJDZHhTdTNMUFlpS2lHZHppNUszb000cmQ1MUZUX2padkdaSFFVX3gySFlMLTNDcFMzYjgxODRJRWpqZmljbDAzSXlqTHNlRzZENFVpbTBHd0ZLSE5LeXZBcXJoekhaaVpwZTBZeUwyTEpXd2x1WjFacDExLVR1VFBVZGc?oc=5,,12,E,BRUIT,False,Faible priorité,kazakhstan,Asie centrale: kazakhstan; plafond V9: aucun ancrage HR principal,12,0,0,0,0,0,kazakhstan,sujet_principal,aucun,aucun,False,navigation,873,True,True,pertinent
2024-04-22T07:00:00+00:00,AP News — Kyrgyzstan,Médias indépendants,The US is expected to block aid to an Israeli military unit. What is Leahy law that it would cite?,https://news.google.com/rss/articles/CBMilwFBVV95cUxNMTRrRHItWVJybk9Ba19XcVdDQm9sUTRlM2k5ckFJX2YySm5pOWJJM2Q2OFlZdTJzOXBhX1ExUnc2dEp5UFdfMUFCSmtjQzc0aUlLQVY2TkJMeGhMWV9QVjh3NEVxMkl6VC1YcG5HVVN4dTFjT0lMUVZnYi1Rb2Nod2ZrMVQyV0s3NlduRzgzaWhYTnNWVUJF?oc=5,,0,E,BRUIT,False,Faible priorité,,porte régionale: aucun ancrage régional,0,0,0,0,0,0,,absent,aucun,aucun,False,navigation,874,False,True,pertinent
2024-04-19T07:00:00+00:00,CIDCA (Chine),Médias officiels (contrepoint),Chinese embassy launches training programs in Bangladesh,https://news.google.com/rss/articles/CBMiWkFVX3lxTE5OOG84SFlZSTlEZDhHaXRKX08zZGpnS0Z5bExqY3Jad25tWXhuOHBpQks1ZUt5cFozZFJXUkpneXg0TXc3NE8zN1BKNWJILS1xd2JMbXBuSlZMZw?oc=5,,0,E,BRUIT,False,Faible priorité,,porte régionale: aucun ancrage régional,0,0,0,0,0,0,,absent,aucun,aucun,False,navigation,877,False,True,pertinent
2024-04-17T07:00:00+00:00,Human Rights Watch,Droits humains & presse,West Bank: Israel Responsible for Rising Settler Violence,https://news.google.com/rss/articles/CBMikgFBVV95cUxOTUNMYW81YVhOTGRlRHN0Tk5LdWRzaG5PcGxSdVdtMzU5aGdjZmNrRXVYV0pNNVhKdXc1c3FzbjlGal9tenFzWjF2eDQzZElsSGQtNWM1X2JmWFZhZEZkWEwxX3BUQTM4SnM5ZVZVbzhxeHk3UThZMzNrV2pYYW9NRjhobVJMM0tybjhoZmhMdm9YUQ?oc=5,,0,E,BRUIT,False,Faible priorité,,porte régionale: aucun ancrage régional,0,0,0,0,0,0,,absent,aucun,aucun,False,navigation,879,True,True,pertinent
2024-04-16T07:00:00+00:00,Human Rights Watch — français,Droits humains & presse,Tadjikistan : Les États de l’UE et la Turquie ne devraient pas renvoyer des dissidents vers ce pays,https://news.google.com/rss/articles/CBMivwFBVV95cUxPWERxQWRaWVpoQkRzcWpvdjlpUndOZFdKTnpXaFR2RS1kREJfLWlMdC1kdmtRWlZZTVJwT1dPZHJIbG1vSGk4OGZ5UEVYb0xudHIzQlBoSUF2cldLVjJTcWktazlobl9IMjJjQ3BCVE8zNjFqS2JpLXJzVzNLNXhUeUpkS0pIeGpiLVhieUs5T2hWWHExZW53TW1TWUY5c1lvY3FLZFlNWlJKQ1lGS1RteklXQmNLaHUzcHJGREZ1cw?oc=5,,22,E,FAIBLE,False,Faible priorité,tadjikistan; dissidents,Asie centrale: tadjikistan; plafond V9: aucun ancrage HR principal,12,10,0,0,0,0,tadjikistan,sujet_principal,"defenseur, opposant",aucun,False,navigation,880,True,True,pertinent
2024-04-13T07:00:00+00:00,CIDCA (Chine),Médias officiels (contrepoint),China aid welcomed by developing world,https://news.google.com/rss/articles/CBMiWkFVX3lxTE5CUTJLZEN1NXdQcU1UdkNhdnB0OU5HLWZySktLV25SOW10cWd1Z29MY01lUWZjLXViX0llRDZwMEJiNG1ELUNEWXBydFVpTXBqTUd4b0t2N043QQ?oc=5,,12,E,BRUIT,False,Géopolitique majeure,china,porte régionale: aucun ancrage régional,0,0,0,0,5,7,,absent,aucun,aucun,False,navigation,883,False,True,pertinent
2024-04-09T07:00:00+00:00,Human Rights Watch — français,Droits humains & presse,La famine imposée par Israël à Gaza,https://news.google.com/rss/articles/CBMifEFVX3lxTE5PQTNDODBQbTJoN1l4QTF5SmZ6RWl1RE16Q1lOU0h0OFNHY0p6LVNPSU5zS24zWkNWQUp4OVBHM0ktM19aMzlmVVpRbk5oelpyOFd2QU9FX29XdGxVZHhwSEIwQ2themZmdFBEc24tQlZYeWl4aGJ0aGR1S2o?oc=5,,0,E,BRUIT,False,Faible priorité,,porte régionale: aucun ancrage régional,0,0,0,0,0,0,,absent,aucun,aucun,False,navigation,887,True,True,pertinent
2024-04-04T07:00:00+00:00,World Uyghur Congress,Droits humains & presse,Press Release: World Uyghur Congress Commemorates Baren Uprising,https://news.google.com/rss/articles/CBMinwFBVV95cUxOTDhmR1p0a2lya1dxUEpMd05MS2dIWTlhX0IzMDNnSzlTTEU4emtyODFwUll5cmt3eTV4aGRFVjloVExuU0VmQ0IzalJrdVJ6OXVqZ0EweUYzQmJpX3pLNDN6c19pQ2lWb0h2bFVmbWZwOUwyYk1SX0Y1SGotWjEzSWxPWHNDeUh2bWNiYllJcnZYOEJFSWFMRFdmd2lNUm8?oc=5,,12,E,BRUIT,False,Faible priorité,uyghur,Ouïghours: uyghur; plafond V9: aucun ancrage HR principal,12,0,0,0,0,0,xinjiang,sujet_principal,minorite_ethnique,aucun,False,navigation,892,False,True,pertinent
2024-03-29T07:00:00+00:00,AP News — Tajikistan,Médias indépendants,"9 detained in Tajikistan in connection with Moscow concert hall attack, Russian state media report",https://news.google.com/rss/articles/CBMiqgFBVV95cUxQWUhDMjhoREJHc3FlUExZS0JwbVpzbWxiblNLTEdQX0JzbHZEa0ltSDk3N1FlUm9EZ1B0X1hSeEgtX3JUalRPT2JZdjBGUnMzZG9iOXJNUXQxWFdTV3hrMktQQWVpTVd0SWZQa0dwUVVnQlNDWnQtS3VsOU9ZSjhDQlhGT0FfMnNrN2EzVGg5X2U3S05sUHdTTWNFOGFOOVVDWmk5ank0cDh4QQ?oc=5,,23,E,FAIBLE,False,Répression / droits humains,tajikistan; detained,Asie centrale: tajikistan,12,0,5,0,6,0,tadjikistan,sujet_principal,aucun,detention,False,navigation,898,False,True,pertinent
2024-03-25T07:00:00+00:00,AP News — Tajikistan,Médias indépendants,Russian massacre suspects’ homeland is plagued by poverty and religious strife,https://news.google.com/rss/articles/CBMiswFBVV95cUxNUjFSXzVLM3ZFalBoSGtUeHlfakRxUmxDQkxXOEtUSk9YUC1mNnpKQkRrbktKd2VBOTJHQ3NHeW5Pckp2dmpFc0doYkZkV0dMZjZiSFg0QVBXSE9mSFpiRWhjZ18yYi0xTC1IcmhKaVZWNXFjSUlUUi0ydFdWbVBIU0hhaFZZd3R0MlFtSnJweFlJcFJjVC1RbHpaQURZTkZZQU8xbDhEYWFYZ2hiMHRwSWo0dw?oc=5,,0,E,BRUIT,False,Faible priorité,,porte régionale: aucun ancrage régional,0,0,0,0,0,0,,absent,aucun,aucun,False,navigation,902,False,True,pertinent
2024-03-23T11:36:56+00:00,Al Jazeera — Turkmenistan,Médias indépendants,Moscow concert hall attack: Why is ISIL targeting Russia?,https://www.aljazeera.com/news/2024/3/23/moscow-concert-hall-attack-why-is-isil-targeting,,23,E,FAIBLE,False,Répression / droits humains,central asia; turkmenistan; chechnya; threats; detained; russia,plafond V9: confirmation HR dans le body,0,0,10,0,6,7,"russie, autre, turkmenistan, caucase_nord, iran, afghanistan",sujet_principal,"femme, citoyen_ordinaire","detention, pression_administrative",False,evenement_date,904,False,True,pertinent
2024-03-19T07:00:00+00:00,AP News — Uzbekistan,Médias indépendants,"On the Aral Sea, graves rise above the dust. They're reminders of the life its waters once sustained",https://news.google.com/rss/articles/CBMitAFBVV95cUxNaU9UVDBEWGdRdi1DcFVXQ21mYWxrNmpsOXlGc056VHhBSkMyVGtZbjFEQVlFeC1jYXJDcW1zM1pyY3Z4TF9GVzI3UUhSVmRfNnc0UGNuamtLa1V5eW5CYzQzRWFNUlVSMFhjTGtvdTFjZFI3NUZHb0V1cWUtendSX1JHR3V0cjJLZURFSzJTNWNRVHpVajgwQjlWbkY5aWZEU3h1T19TbXhySVhNU0RqZ0p4djY?oc=5,,0,E,BRUIT,False,Faible priorité,,porte régionale: aucun ancrage régional,0,0,0,0,0,0,,absent,aucun,aucun,False,navigation,908,False,True,pertinent
2024-03-19T07:00:00+00:00,Human Rights Watch,Droits humains & presse,Israeli Forces’ Conduct in Gaza,https://news.google.com/rss/articles/CBMicEFVX3lxTE5FVXdYRHV0bTBPQjBrZVFsQjd1V281UTR4QnZkVHJIVjdQXzBMSTJHQlVMaTJfY00zWjNZUkZXM1JOS2FNYmg3YTZmanpnZlFWbEM3d0xqY0ZEUmN4Y2plcnVfQnV1SW5nTVdqeHBsdFg?oc=5,,0,E,BRUIT,False,Faible priorité,,porte régionale: aucun ancrage régional,0,0,0,0,0,0,,absent,aucun,aucun,False,navigation,908,True,True,pertinent
2024-03-14T02:34:49+00:00,ARTICLE 19,Droits humains & presse,#CheckitFirst: Verifying news in the Western Balkans - ARTICLE 19,https://news.google.com/rss/articles/CBMiUEFVX3lxTFBfc0poRXpsQUtFSjQ4anNuNGxzZlVwMW1jTXFfLWMyT1dVT0dzYkpxQ29abndlX0JXbmtOaklyeWU4Y0JCOVFIeU0xcFNpczF0?oc=5,,0,E,BRUIT,False,Faible priorité,,porte régionale: aucun ancrage régional,0,0,0,0,0,0,,absent,aucun,aucun,False,navigation,913,False,True,pertinent
2024-03-12T07:00:00+00:00,George C. Marshall European Center for Security Studies,Sécurité & géopolitique (think tanks),Russia End State: Battle for the Black Sea,https://news.google.com/rss/articles/CBMiY0FVX3lxTE5ValpHLWlzQ2ZndUV3cWl4RjVEQTNWa0hHQ3VGY0pRRDVia3NQRGRkTk5fUWtuektaZWRJMWRUN1Y2S21oWGstajRYaGpYaDZFN0JrYW1xRGtvN0l2RlZUd2daVQ?oc=5,,12,E,BRUIT,False,Géopolitique majeure,russia,porte régionale: aucun ancrage régional,0,0,0,0,5,7,russie,sujet_principal,aucun,aucun,False,navigation,915,False,True,pertinent
2024-03-07T08:00:00+00:00,Human Rights Watch — français,Droits humains & presse,Irlande | Country Page | World,https://news.google.com/rss/articles/CBMiX0FVX3lxTE5aeDducGI4V3hUTFh3a25RTks3ellXRlZPbEd3OXFvYmZzZXdDNU5uRzBXNHIwaFdoWjZ3VEM1TUsyeHpmY0NUczdRX1NDTlJBUHZGX2xET01yYWpGbV9n?oc=5,,0,E,BRUIT,False,Faible priorité,,porte régionale: aucun ancrage régional,0,0,0,0,0,0,,absent,aucun,aucun,False,navigation,920,True,True,pertinent
2024-02-27T08:00:00+00:00,Human Rights Watch — russe,Droits humains & presse,Россия: первые обвинительные акты после решения о признании движения ЛГБТ «экстремистским,https://news.google.com/rss/articles/CBMilgFBVV95cUxOTm5ZZ1V6SEZDTjAydkpRelh4VGhGY1VjSGs0ZV9FSm9faHlCcHBaOUo2aldKazVUYTlodkpVVUY0V01LY09DT01wQ1pTX0ZDTzhoTDRYV05BVGJqQktMejRwMUdDWG5ldjlWSDNZXzVjU3FmMlByVk9ERzhiS0hKdENuNXBhNzhSRHl2dXZCQm1nMTBMTnc?oc=5,,14,E,BRUIT,False,Droits spécifiques,ЛГБТ; россия,porte régionale: aucun ancrage régional,0,0,0,2,5,7,russie,sujet_principal,aucun,aucun,False,navigation,929,True,True,pertinent
2024-02-24T08:00:00+00:00,CIDCA (Chine),Médias officiels (contrepoint),China has provided multiple rounds of emergency humanitarian assistance to the people of Gaza: CIDCA spokesperson,https://news.google.com/rss/articles/CBMiWkFVX3lxTE1iaGVpUmFNYm1WdHR4SlhFUkpkampzSnFEQ2RMNFpkQzRjR2ZyZXVnUmNPVFR3TzFfWVFjMktheWNBUGJtRmZFSlFIS2hyZzZTVFNGdEVTdHY1Zw?oc=5,,12,E,BRUIT,False,Géopolitique majeure,china,porte régionale: aucun ancrage régional,0,0,0,0,5,7,,absent,aucun,aucun,False,navigation,932,False,True,pertinent
2024-02-20T08:00:00+00:00,CIDCA (Chine),Médias officiels (contrepoint),"CIDCA inks cooperation documents with UN agency, Ethiopia on GDI implementation",https://news.google.com/rss/articles/CBMiWkFVX3lxTE9EME5QemgzN29hWXBDUzkxMXlSNkt5NTY0dk1IYlFUOEREaVpadGxUdnFXczVCVndHdUpwRXF0RjJ2YkNuYmN6dThJalVlTXdaWGpzanZ6c2pMdw?oc=5,,0,E,BRUIT,False,Faible priorité,,porte régionale: aucun ancrage régional,0,0,0,0,0,0,,absent,aucun,aucun,False,navigation,936,False,True,pertinent
2024-02-16T18:46:19+00:00,Human Rights Watch — français,Droits humains & presse,Turkménistan | Country Page | World,https://news.google.com/rss/articles/CBMiZ0FVX3lxTE53cVphTVQ5R1lvd0dZRkVVdF9yLVF6OHg4NGR1OVp3N2F6dVlDSG93VldPczdZU21OeEl5T0JnSFFHQVYwUnE4VXdBd2FJeS1Rbjd4UkQ1WTkzdzc0OEk3WmdYVTJRSTg?oc=5,,12,E,BRUIT,False,Faible priorité,turkménistan,Asie centrale: turkménistan; plafond V9: aucun ancrage HR principal,12,0,0,0,0,0,turkmenistan,sujet_principal,aucun,aucun,False,navigation,939,True,True,pertinent
2024-02-08T05:05:22+00:00,Human Rights Watch — russe,Droits humains & presse,Под обломками: Учет жертв и разрушений в Мариуполе,https://news.google.com/rss/articles/CBMiakFVX3lxTE5KaTZwVmNLU0d0SjU1Rl9udnhPbGhzREg1YVVUU3JzdVhoeENNMkpSaVdFZTluOGhoQTN3X2JONkVUbzN1R20ycDdTQjN1UU5wRV9TQVZyNUhHN0t6RTVRWXNKeE5tUG9UcGc?oc=5,,0,E,BRUIT,False,Faible priorité,,porte régionale: aucun ancrage régional,0,0,0,0,0,0,,absent,aucun,aucun,False,navigation,948,True,True,pertinent
2024-02-07T08:00:00+00:00,AP News — Kazakhstan,Médias indépendants,"Climate change is fueling the disappearance of the Aral Sea. It's taking residents' livelihoods, too",https://news.google.com/rss/articles/CBMisgFBVV95cUxPQU80QUozUk9uVUs1b1BSNVZOd0hNZlRuOG5FVF9BMEJ0QmZ4LXlpbWs0dFIwUXV4dnBnYXNrMm5XTWREVnpWNkE3Nnk3bXYzbUx5YjJMOEZNaXVpUmRiMFl1MGx4QUo0Y3lhdHRhSlNlMWh6Ylk5TXpOc1Z0dHJmXy1Tb3R0RUEzNmNNR0ZoY2t3OGtVZUJuOFJRdklYV2E1Z09jSDhkLVQwYTRPZlFOTW9R?oc=5,,0,E,BRUIT,False,Faible priorité,climate,porte régionale: aucun ancrage régional,0,0,0,0,0,0,,absent,citoyen_ordinaire,aucun,False,navigation,949,False,True,pertinent
2024-02-06T08:00:00+00:00,AP News — Kazakhstan,Médias indépendants,Kazakhstan’s president appoints a new prime minister to replace the one he dismissed,https://news.google.com/rss/articles/CBMisAFBVV95cUxQdmxLbFJYM0p0UVlxcGFRUUtfY0tsZTN6SkF5T1ZRVENNS0x4aUFtQzVzd2FSbS05emFBLWlHLU5IQ2tqMHhQcV84RDZCdGRNcy1kUkxUNF9Ya3I1S0g4UFJTRUllZU42ZnZRNGdKWGRYSU10YWJmeDFWUV9JZ1YzSVoxYmljMk5GQU81blUyczgzSHFJME54c1NCUWMtR0NfOVlwUU8yazBqeHVFbnBCZg?oc=5,,14,E,BRUIT,False,Politique intérieure,kazakhstan; president; prime minister; minister,Asie centrale: kazakhstan; plafond V9: aucun ancrage HR principal,12,0,0,0,2,0,kazakhstan,sujet_principal,aucun,aucun,False,navigation,950,False,True,pertinent
2024-02-03T08:00:00+00:00,CIDCA (Chine),Médias officiels (contrepoint),CIDCA chairman meets with Fijian acting PM,https://news.google.com/rss/articles/CBMiWkFVX3lxTFBGUUR2NFFsMmpzSDFvY29RcmZ4OG5aOGJsdXhxLV9FVWdGRVNKOFlUZ2l1eTRWN3BZWGJCdW9ZZ3lqeDFpZV9LNE9ZUXhQRjBkSlhiQjg3RXFJUQ?oc=5,,0,E,BRUIT,False,Faible priorité,,porte régionale: aucun ancrage régional,0,0,0,0,0,0,,absent,aucun,aucun,False,navigation,953,False,True,pertinent
2024-02-02T08:00:00+00:00,AP News — Tajikistan,Médias indépendants,Son extra-time winner sends South Korea into Asian Cup semis against surprising Jordan,https://news.google.com/rss/articles/CBMisgFBVV95cUxQMjFRNEE2SGpNYjhZeUVCOS1UbDUwTkZoOW9lQ3FQcGI3UjJ4aDNfLVB0X3E3dzFrUWUzRlktMWdJMUNCT1V6dG1SbVpTNDZrd2N2bFVuRlkwRlBQb3VybFNNWWZyTUlCVG9CSkJnRXowQ0NueGhha0FMZmJON1BkZTYxQ1c2T3VpWlZjQ25qODlBQm0wUHdSdXFsQXNpWGszMUlDaTlWckpWNXVwRW9xbDV3?oc=5,,0,E,BRUIT,False,Faible priorité,,porte régionale: aucun ancrage régional,0,0,0,0,0,0,,absent,aucun,aucun,False,navigation,954,False,True,pertinent
2024-02-01T08:00:00+00:00,Human Rights Watch — français,Droits humains & presse,Lettre de Human Rights Watch à la Rédaction de Franc Tireur,https://news.google.com/rss/articles/CBMinAFBVV95cUxPU0VmWHM5aW1FUkdSc2tybGFZM2MtUWpYUHhUcWpRUmVSWXduSmRfZjc1N05rSDIxSWZseGlwNDFYa1M4dzRMR2kydE03cnBoa2pUVmpabHczdG9aeWdyb1c0Zl9TVy1BTUN1dGFKWDJFM1RZdVkwY3hVOHoydnRCblY0a2RDUHZOSURKSjJJNW5sLTZsdkRLeTktZjg?oc=5,,7,E,BRUIT,False,Faible priorité,human rights,porte régionale: aucun ancrage régional,0,0,0,4,3,0,,absent,aucun,aucun,False,navigation,955,True,True,pertinent
2024-01-31T08:00:00+00:00,CIDCA (Chine),Médias officiels (contrepoint),CIDCA chairman meets with president of Nauru,https://news.google.com/rss/articles/CBMiWkFVX3lxTFBISjlTZUN5STlyVkNES1lHSlZWYUhRTm4xQTFhMkNta2Q0bUpFX3RfQjJJZ0JsTEVoWVVKVDhPZnQwUDlUdm0tNjk5TDFHM0JyS29VN1pLS1hOZw?oc=5,,0,E,BRUIT,False,Politique intérieure,president,porte régionale: aucun ancrage régional,0,0,0,0,2,0,,absent,aucun,aucun,False,navigation,956,False,True,pertinent
2024-01-31T08:00:00+00:00,CIDCA (Chine),Médias officiels (contrepoint),CIDCA vice-chairman meets with chairman of Pakistan Space and Upper Atmosphere Research Commission,https://news.google.com/rss/articles/CBMiWkFVX3lxTE1TX2tscG5IdzltVzRPQ09acnNlRERHSXJRNmlpSWpTUFFuMDFZM3h0eVZDU0NpWDR6MzRZUGZfazJfX3JqV3gwRXBhUFdLRkg2dTZpTk1Qb3Vndw?oc=5,,0,E,BRUIT,False,Faible priorité,,porte régionale: aucun ancrage régional,0,0,0,0,0,0,,absent,aucun,aucun,False,navigation,956,False,True,pertinent
2024-01-26T08:00:00+00:00,Human Rights Watch — français,Droits humains & presse,"Au Mali, l’accord de paix prend fin",https://news.google.com/rss/articles/CBMifEFVX3lxTE1HZlBWeWlQRzY4WFhyYS1vU1dvSUhBQWwtcU1tR1cya21rdTRYMXlXblNfNVJqX3ZUTEVwaEtjcG84Q1FrQWlYM1U0X2VOWjJLb3FzNVJJZlo2b2xaTTlzTGNQeFhYSVpZRjV6T1Fta0FDSkt4cmhkNExWd1g?oc=5,,0,E,BRUIT,False,Faible priorité,,porte régionale: aucun ancrage régional,0,0,0,0,0,0,,absent,aucun,aucun,False,navigation,961,True,True,pertinent
2024-01-26T08:00:00+00:00,CIDCA (Chine),Médias officiels (contrepoint),CIDCA vice-chairman meets with party delegation from Kiribati,https://news.google.com/rss/articles/CBMiWkFVX3lxTE5XenVvZDVmQ2s0QVdSTG8tWEc1QnNWbkVoSmNJX3hLc0xjM3ZLeHJtSGRqS3c3UldSTVlUenhGUk83SWVGbnFHcGRzRjdvOG96Z0VVbkF1eV9GUQ?oc=5,,0,E,BRUIT,False,Économie / géopolitique ordinaire,delegation,géopolitique / économie ordinaire; porte régionale: aucun ancrage régional,0,0,0,0,0,2,,absent,aucun,aucun,False,navigation,961,False,True,pertinent
2024-01-18T08:00:00+00:00,AP News — Kyrgyzstan,Médias indépendants,"Once protected by its remoteness, a sacred lake in Kyrgyzstan is threatened by change",https://news.google.com/rss/articles/CBMitAFBVV95cUxQUUx3RDVRYUpHcnRHcjROQUczaDc5aTdtTTVjeV8wQ1EtZnFrVUxrdDBWYTFBMU1pNzZGSjZ4MDI2N1UzZUQxZUdMZGVsa1lRRlZ1QXk4M3RDLUFnczVLNGNjMFdvbU16Q0RwYWt1X0YzSkpJSWV2TnREX1I1SlAwWkRmdFFULTFyOVJ1M0pQcU9tU01MWnJPN0NBcWw5QjBwMUJBVHp2R2RoY205cWw4Xzk0U04?oc=5,,25,E,FAIBLE,False,Répression / droits humains,kyrgyzstan; threatened,Asie centrale: kyrgyzstan; plafond V9: aucun ancrage HR principal,12,0,7,0,6,0,kirghizistan,sujet_principal,aucun,pression_administrative,False,navigation,969,False,True,pertinent
2024-01-16T08:00:00+00:00,AP News — Kyrgyzstan,Médias indépendants,Saudi Arabia beats Oman 2-1 with stoppage-time winner in the Asian Cup,https://news.google.com/rss/articles/CBMimgFBVV95cUxNY3d5UXdENlRNZ19tck9ibm1VbFZIRXhTR1B4dVdZVkg0QmI0LUJLWG5kQ1lWUkpyakU3VlZ0c1F6Snp5ajZ5SVB5bVBRZ0puOEZLQk4zV2NDcmVzQXlzMzZlZFUyd29ab1JwSmZ4X1p0eXR3dHhtZHkzRjQ3clloQW1xLUpXNjA5UlRrQl9YbGUxWTljM2hpejJn?oc=5,,0,E,BRUIT,False,Faible priorité,,porte régionale: aucun ancrage régional,0,0,0,0,0,0,,absent,aucun,aucun,False,navigation,971,False,True,pertinent
2024-01-12T10:43:51+00:00,Human Rights Watch — russe,Droits humains & presse,Всемирный доклад 2024: Rights Trends in Таджикистан,https://news.google.com/rss/articles/CBMid0FVX3lxTE1tV3RlclhFTkpNOTBSV2M0MzM5ek1RbGtmbG9RNlZLeUFmSkY4WlI4Um5nQ3EtLWNIOHBVdVA0MkZidjB3Q0NWTzlfSlhtTEFOcWZBNzRDblVvTk9hYzZTNmIxQkRMN0NQTE1Xd2I3cElpMF85T1Vj?oc=5,,12,E,BRUIT,False,Faible priorité,таджикистан; таджик,"Asie centrale: таджикистан, таджик; plafond V9: aucun ancrage HR principal",12,0,0,0,0,0,tadjikistan,sujet_principal,aucun,aucun,False,navigation,975,True,True,pertinent
2024-01-12T08:00:00+00:00,Human Rights Watch,Droits humains & presse,World Report 2024: Rights Trends in Israel and Palestine,https://news.google.com/rss/articles/CBMigAFBVV95cUxPN2pMMjhqUWkwY1FrMEhVeU9zZWJMeXIwSkdhQlNrZ041WjZPLVNkR1g2TlVmNkMwWkF6N3JLdjFrWVFhcEdLYnlCM0dzVmVwa0Z2OUtvYVItWV81ZGJZazBoUm9kNEZNbmZ5R1NxbGYzV2t1X2VrV0V6OEtiQ3NfMw?oc=5,,0,E,BRUIT,False,Faible priorité,,porte régionale: aucun ancrage régional,0,0,0,0,0,0,,absent,aucun,aucun,False,navigation,975,True,True,pertinent
2024-01-11T15:35:36+00:00,Human Rights Watch,Droits humains & presse,World Report 2024,https://news.google.com/rss/articles/CBMiTkFVX3lxTE5zcnR4c3VydkdVQzZlY0F4dWJtRnd5aTFQU3hYLVQ1UmZ4dlFCRE8zSlBVZ2Z2ODBRS1NTRm5MQ0JUa3hUdUFsV1FqOFhVdw?oc=5,,0,E,BRUIT,False,Faible priorité,,porte régionale: aucun ancrage régional,0,0,0,0,0,0,,absent,aucun,aucun,False,navigation,976,True,True,pertinent
2024-01-11T15:22:28+00:00,Human Rights Watch — russe,Droits humains & presse,Всемирный доклад 2024: Rights Trends in Россия,https://news.google.com/rss/articles/CBMickFVX3lxTE10YmhfRTM2M0gwTTVhRFJnejZuckpRSXhHcGh3a1M3c0cta05VdThJeF9RYWMycUhvREFqVDN2Z2NFaG5RbGNGT0pXTkdtSEpENzlkNUZLUUVzV1pPWjJYZXBOVngyQ3pwVy1RdThHRkczUQ?oc=5,,12,E,BRUIT,False,Géopolitique majeure,россия,porte régionale: aucun ancrage régional,0,0,0,0,5,7,russie,sujet_principal,aucun,aucun,False,navigation,976,True,True,pertinent
2024-01-11T08:28:00+00:00,UN Women — Europe & Asie centrale,Droits humains & presse,9 ways for men to become allies in the fight for women's human rights,https://news.google.com/rss/articles/CBMiywFBVV95cUxNaUZDamJKYjdNMzBKWFJkcmpxbTdPZDVhVWVNalg5ZWVMWEFySkZGWjctbGRiYnFWSWJDLVlCalhEc3d1cHFIUEo3Z0lOYXJLWjRMTFcxUFJLSlR1OW9xT0prZkwzMF9vSmwxT3BTWHlvd2RaOU9pYWp2VGhIOS1oak0waDZTOTlCOF9Ha1hkdi1LLUNkX3Fmd3dXdVZTaC05R2ZyT1lXNm9rRGlMcjFPTXpNZDFOdEZldzMtaWtqUGpZb2gtYmdvYzdUdw?oc=5,,7,E,BRUIT,False,Faible priorité,human rights,porte régionale: aucun ancrage régional,0,0,0,4,3,0,,absent,femme,aucun,False,navigation,976,False,True,pertinent
2024-01-11T08:00:00+00:00,AP News — Kyrgyzstan,Médias indépendants,Tensions high as Israeli and Palestinian supporters meet outside ICJ genocide hearing,https://news.google.com/rss/articles/CBMizAFBVV95cUxNRVV1Zkt0QXpfLWUyVC1rTk1pbkxnWUxSNHNIS2ZYcTlFbk9GSHpiSWM4UThCMk8ta1MteWJSaURPaG1lYkp5VzVzbVNjazZoV050T1JaZFhtcElpUGVfUERYaEZVUnVpR1lXSi1GdF90UHAzMHVteElxV0ZrNTZLQi1GOE5vc2FadkotRmdFZEtaaDFJTGZUWjhQWnFxRXZKX0ZNTERzYTYzellmNjhHdWRTQ1JyNEx1Z25ualZQSzJKVmNCYnZFT2xuUHk?oc=5,,0,E,BRUIT,False,Faible priorité,,porte régionale: aucun ancrage régional,0,0,0,0,0,0,,absent,aucun,aucun,False,navigation,976,False,True,pertinent
2023-12-24T17:18:10+00:00,Human Rights Watch — français,Droits humains & presse,Laboratoire d'enquêtes numériques,https://news.google.com/rss/articles/CBMilwFBVV95cUxOYkhrSk5tSE1CWnFvV1VESmluRHJmQTdKVVJKVmVpYjZheEVpMGNNM3dVc29HTEVYbVN4LVliUmZjR1ZaZXBPSXpJNDRsblkxTllxOU0tM3ZhbTNWNUE5T2JYT252VzMyZVlMbE92RTE4eWtIMVFqQVZrSkN6R19VSzcycDQ2R3M1aTVSQlp5OEJfU0tjSlJ3?oc=5,,0,E,BRUIT,False,Faible priorité,,porte régionale: aucun ancrage régional,0,0,0,0,0,0,,absent,aucun,aucun,False,navigation,994,True,True,pertinent
2023-12-14T08:00:00+00:00,Human Rights Watch — français,Droits humains & presse,Kirghizistan : Des femmes et filles handicapées confrontées à la violence domestique,https://news.google.com/rss/articles/CBMiuwFBVV95cUxNN1lRQ256MXFnSXh3SFBGQ2E3NVNEZmhzdkZ3dFNtY0dLXzJ3Ukh4R3FrY0t4d0dXRzBBX0pZd0ZyeWlVU1NPWjlaU3dFQkdMY2kwMWpHUzRLb0FoNHV3UkRGaEFFZTFsdFU2WXNiTGp0RnhuVTNJMFNpc1NhSnFHbXc4VXluNHZkNDZhZkJWQXA5ZGhoWjBkNXpPaEVFREotUV9jVjRwQ18zT18wNHVTZ1EwVGRhUjlJZ3pB?oc=5,,12,E,BRUIT,False,Faible priorité,kirghizistan,Asie centrale: kirghizistan; plafond V9: aucun ancrage HR principal,12,0,0,0,0,0,kirghizistan,sujet_principal,aucun,aucun,False,navigation,1004,True,True,pertinent
2023-12-12T08:00:00+00:00,CIDCA (Chine),Médias officiels (contrepoint),Guidelines on Global Development Project Pool (Provisional),https://news.google.com/rss/articles/CBMiWkFVX3lxTE5xOGExR0FqZGdsWDM4TjNsYkg2YmpKT2xsVFBJUEQxUkVWWlJiMHJFdzhvQXJVaUdsdld6bHJJMUhpemdzM2pQQzRiaHZqWjU1TkU0dUNoeWUxQQ?oc=5,,0,E,BRUIT,False,Faible priorité,development,porte régionale: aucun ancrage régional,0,0,0,0,0,0,,absent,aucun,aucun,False,navigation,1006,False,True,pertinent
2023-12-12T08:00:00+00:00,CIDCA (Chine),Médias officiels (contrepoint),Guidelines on Global Development Capital Pool (Provisional),https://news.google.com/rss/articles/CBMiWkFVX3lxTE1Oa3NFRWY3MHRCejZOd21JaFFGRTFEazF6aTYzQmU0QmZKQW80dUZXd0ppamRycFcxbUtBdEtMbWdtZFlfbG8zT2NBcnFLNjQtLTh1aWFaa083dw?oc=5,,0,E,BRUIT,False,Faible priorité,development,porte régionale: aucun ancrage régional,0,0,0,0,0,0,,absent,aucun,aucun,False,navigation,1006,False,True,pertinent
2023-12-10T08:00:00+00:00,CIDCA (Chine),Médias officiels (contrepoint),China-donated seawater desalination plant to resolve water shortage in Pakistan's Gwadar,https://news.google.com/rss/articles/CBMiWkFVX3lxTE53bklBT1F0MlVENWdJaTRPaXRVX01lSXotQ3VkLU9PTmN6SzNQSG5MNW0zRXFuYTRSVndQdF9TanlHWW5yMEp6OVE0dHNyby0tbC0tN3BKRjNVQQ?oc=5,,12,E,BRUIT,False,Géopolitique majeure,china,porte régionale: aucun ancrage régional,0,0,0,0,5,7,,absent,aucun,aucun,False,navigation,1008,False,True,pertinent
2023-12-09T08:00:00+00:00,CIDCA (Chine),Médias officiels (contrepoint),Joint Statement on Blue Economy Development Cooperation of the China-Indian Ocean Region,https://news.google.com/rss/articles/CBMiWkFVX3lxTE03UDljZlNLcldaNmlNSE94UlBkZU04bmtPYzUydWZYU3VpMU1xYTFqaGU5eG5WVnZ1RTIyM1ZaUld3aTBvOXZwdGdScXFkVUNVVjJZMzUzUFdWUQ?oc=5,,12,E,BRUIT,False,Géopolitique majeure,china; development,porte régionale: aucun ancrage régional,0,0,0,0,5,7,,absent,aucun,aucun,False,navigation,1009,False,True,pertinent
2023-12-06T13:16:58+00:00,UN Women — Europe & Asie centrale,Droits humains & presse,Country Gender Equality Profile of North Macedonia,https://news.google.com/rss/articles/CBMitAFBVV95cUxNUVlrVS1XMjNWeFZLcE5ZbWtYdmlidnpNQXlUNzBmcTV5TkZWS2VTbkhHZWk2RDNMMC1tRFUzcWRUY1g0UHdfRW85NEpQSk5HRmVpallXb2JmQUJYOUhnc2EtWjBmcUU2OHdGam1tSWRpczVMN09nSXZkSzVzcVNyZUhBRjBkdkxMLVUwOVU4NkRIMl9YaE91MEpBTlR1SlhPcUNGcElqd2Y5Tzl4eGJsTUNTdDE?oc=5,,0,E,BRUIT,False,Faible priorité,,porte régionale: aucun ancrage régional,0,0,0,0,0,0,,absent,aucun,aucun,False,navigation,1012,False,True,pertinent
2023-12-01T08:00:00+00:00,Human Rights Watch — français,Droits humains & presse,Kazakhstan : Condamnation injuste d’un opposant politique,https://news.google.com/rss/articles/CBMiqwFBVV95cUxOSlQ5dDY5ZXE1VFpCazk0eDRDRGxPVHlHbmMxaGJKTFpaM1ZfNTM3UjJZdmlSbXczY29CV3RiRWdnT0ZSbFZCZDRtM0NtV1pfLVBIeVRFSGtoRkk5by1raHJ2amI5RDIzcEZnRUJmNVFZdWZLZXQwUW00d2FoNk1PMEVONWxsYW5KWktJRW9SZXpjbkRWckJIYklHdW1KaG5DMkFrOVlrbmRDbFE?oc=5,,22,E,FAIBLE,False,Faible priorité,kazakhstan; opposant,Asie centrale: kazakhstan; plafond V9: aucun ancrage HR principal,12,10,0,0,0,0,kazakhstan,sujet_principal,opposant,aucun,False,navigation,1017,True,True,pertinent
2023-12-01T00:43:52+00:00,Human Rights Watch — français,Droits humains & presse,Kazakhstan | Country Page | World,https://news.google.com/rss/articles/CBMiZEFVX3lxTE1fZ2dJVjNYbmtJeWpCUTAxYjVmdEh6UXRnZlZkSTdqaktFMFpBLTgxbFVMRnpGNnJ1cDRqYnRObVhDaG1jbUtmT2s3eGltbDhXT3RJanhCR2hGRXJQaF9za0EzRDE?oc=5,,12,E,BRUIT,False,Faible priorité,kazakhstan,Asie centrale: kazakhstan; plafond V9: aucun ancrage HR principal,12,0,0,0,0,0,kazakhstan,sujet_principal,aucun,aucun,False,navigation,1017,True,True,pertinent
2023-11-27T08:00:00+00:00,Human Rights Watch — russe,Droits humains & presse,Смерть женщины в Казахстане стала национальной трагедией,https://news.google.com/rss/articles/CBMihgFBVV95cUxNSjJWX2oyTkdySTBBMnJHU0xnQ0VsSDV3Q183c3FrTlVfaU1oSm5ZTFQ4dVAwNjYwS19RQkRocXZnMmM3QlliS21RNmhkTU10SVFYNUUtSllnM3RvbGMzR1MyWUlWMUp4cDgzU0RpUHIzRVFPVVZuUV9idWFTRFdWU19RNjJkdw?oc=5,,12,E,BRUIT,False,Faible priorité,казахстан; казах,"Asie centrale: казахстан, казах; plafond V9: aucun ancrage HR principal",12,0,0,0,0,0,kazakhstan,sujet_principal,femme,aucun,False,navigation,1021,True,True,pertinent
2023-11-17T08:00:00+00:00,CIDCA (Chine),Médias officiels (contrepoint),CIDCA vice-chairman meets with Mongolian deputy minister of construction and urban development,https://news.google.com/rss/articles/CBMiWkFVX3lxTE85b1NNb1BPZFd0N2FDdG0xSm90bUxkVGhZY0FReUhjeElabHQxd2k5aHNCd3pRTFlZdVQxOFZFOUpfS0xKdnVDLVh6Q0k1dDFxX3Y5cjMtcE80Zw?oc=5,,2,E,BRUIT,False,Politique intérieure,minister; development; construction,porte régionale: aucun ancrage régional,0,5,0,0,2,0,,absent,aucun,aucun,False,navigation,1031,False,True,pertinent
2023-11-16T08:00:00+00:00,Human Rights Watch — russe,Droits humains & presse,Узбекистан: Рекомендации в рамках универсального периодического обзора как руководство к действию,https://news.google.com/rss/articles/CBMilwFBVV95cUxNbUpLdFZ3QkxpZVhsSlJTRUJWcXdRcm9yMTNsTDkzUFNzYWJaQzlGUFQ3NmdpSjF3cWRZVU15d0RHaE5TNGlKMWdQRXIzUDhxRElMcGRUZzZfUlE4N0JOX3RTVDNDbXNKZFl1OXdxVTFzQmlyTC1xQ2plajhBS2JjeGhNYnFoMGNwN1FMU3dvUGhQQzF3dlIw?oc=5,,12,E,BRUIT,False,Faible priorité,узбекистан; узбек,"Asie centrale: узбекистан, узбек; plafond V9: aucun ancrage HR principal",12,0,0,0,0,0,ouzbekistan,sujet_principal,aucun,aucun,False,navigation,1032,True,True,pertinent
2023-11-13T08:00:00+00:00,Human Rights Watch — français,Droits humains & presse,Gaza : Témoignage d’Abier AlMasri (HRW),https://news.google.com/rss/articles/CBMikAFBVV95cUxQaUVmXzB2UW9NUHN5WjRyR2RBMXRWSHBJZmw1Xzg0Vzl0V1kyYmRZdmo1ejFaczRlVkFkQkowRWI0MzRnNWxiX0VzZHpWTURNbl9uZjNVWmM2TTdxYl9tZU5JMXVXZ2tXT0lnRlNSVUx3R1VnSHVvV0xWZlp5QlNReExBU3ZiUi1QY3pPNHZoTEY?oc=5,,0,E,BRUIT,False,Faible priorité,,porte régionale: aucun ancrage régional,0,0,0,0,0,0,,absent,aucun,aucun,False,navigation,1035,True,True,pertinent
2023-11-02T17:59:02+00:00,Human Rights Watch — français,Droits humains & presse,Allemagne | Country Page | World,https://news.google.com/rss/articles/CBMiY0FVX3lxTE9xWnBTdmQxVGEwNkVjTmFpTmtBaHB4V0pZQXJ4R3lyY093TzcwNGk0U2JRVk4tQXlteEZzekdMN213UWZDNG5paWZydkVwZGs0NG1VdEhvMTRtOFg4Vmw2bC1LZw?oc=5,,0,E,BRUIT,False,Faible priorité,,porte régionale: aucun ancrage régional,0,0,0,0,0,0,,absent,aucun,aucun,False,navigation,1046,True,True,pertinent
2023-11-01T07:00:00+00:00,AP News — Kyrgyzstan,Médias indépendants,"Putin is expected to seek reelection in Russia, but who would run if he doesn’t?",https://news.google.com/rss/articles/CBMirwFBVV95cUxPUnZlb0E5YUJ3LVRUMURvcHN5QkQ0LUZSZjZLNEtHQy1OM01qbS1CcDZBN0hxcDdaM21Wc25fWmg4RVVIaXRQR0E5XzkwZVdRaHllM3o0Q2hRWlphdDl2SUxMd1JBMkExbmhUaEhOalJxUm14dmhlSWVyWkZwNVZ1RWpwc1h3enkxUWx0ZlphcGIwT0NHMmFSTHJfN2NZbWlxd0JrT2szc3dId2hDMU1F?oc=5,,12,E,BRUIT,False,Géopolitique majeure,russia,porte régionale: aucun ancrage régional,0,0,0,0,5,7,russie,sujet_principal,aucun,aucun,False,navigation,1047,False,True,pertinent
2023-10-19T07:00:00+00:00,CIDCA (Chine),Médias officiels (contrepoint),CIDCA inks MOU with Indonesian Foreign Ministry on promoting implementation of GDI,https://news.google.com/rss/articles/CBMiWkFVX3lxTE8wTnhCRlZmVkZCa1JUel9JTHJhTDRkdEhNV0VHcWUzNUlfSl82Y3p1TDk4clNSUmFqTzZ5MmVMNXdIcVUybXBxYWpVeXJvUFhEOFVzZklRMHh5Zw?oc=5,,0,E,BRUIT,False,Politique intérieure,ministry,porte régionale: aucun ancrage régional,0,0,0,0,2,0,,absent,aucun,aucun,False,navigation,1060,False,True,pertinent
2023-10-12T12:27:17+00:00,Al Jazeera — Kyrgyzstan,Médias indépendants,Russia’s Putin makes rare visit to Kyrgyzstan despite ICC arrest warrant,https://www.aljazeera.com/news/2023/10/12/russias-putin-makes-rare-visit-to-kyrgyzstan-despite-icc-arrest-warrant,,31,E,FAIBLE,False,Géopolitique majeure,kyrgyzstan; kyrgyz; bishkek; human rights; arrest; court; russia; visit,Asie centrale: kyrgyzstan; géographie confirmée dans le corps; plafond V9: aucun ancrage HR principal,15,0,0,4,5,7,"kirghizistan, russie",sujet_principal,aucun,detention,False,evenement_date,1067,False,True,pertinent
2023-10-12T07:00:00+00:00,Human Rights Watch,Droits humains & presse,Questions and Answers on Israel’s Use of White Phosphorus in Gaza and Lebanon,https://news.google.com/rss/articles/CBMipgFBVV95cUxPUjVnejNRME1RV1B3UjBKWm5WZnlvUnlfYzl4bDdfSUhRbGI3dzBFM0NpLXdjTFFEX0JpQVU2VlJHcmRJNF9IaFloTGpnUUwtYXFfNkdhakdhTkxlZ2VkYzRhT2pRckJkeWVEbm5aNXgtNW5tTDhvVjBfUTRmXzlmSWhRU1JuT2xac0xuQXo3UTRVZ0NyOGoyZDJYQ290M09YekREMW1n?oc=5,,0,E,BRUIT,False,Faible priorité,,porte régionale: aucun ancrage régional,0,0,0,0,0,0,,absent,aucun,aucun,False,navigation,1067,True,True,pertinent
2023-10-09T07:00:00+00:00,AP News — Tajikistan,Médias indépendants,Asia qualifying for 2026 World Cup set to kick off with the continent’s lowest-ranked teams,https://news.google.com/rss/articles/CBMilgFBVV95cUxNOVJIRFBxYkFnLWc2Uy1ueUtGT281YUI5NWhXVjhicnFVTnk5V0pFNkxtS3dRTkxYaFFMelVteDVsbjN6RUE3UFVqREZCemRwTmVRY0xxRE1YQmpTZS1FbGJObU9IemM2UnBDczl0QjdfQk55SzJ6a2l4bldOci1XRkhhYUxqc0xUQk1obTdlRlZ3YURoNlE?oc=5,,0,E,BRUIT,False,Faible priorité,,porte régionale: aucun ancrage régional,0,0,0,0,0,0,,absent,aucun,aucun,False,navigation,1070,False,True,pertinent
2023-10-09T07:00:00+00:00,World Uyghur Congress,Droits humains & presse,STATEMENT: WUC CONDEMNS HAMAS ATTACKS ON CIVILIANS AND STANDS WITH ALL THOSE SUFFERING FROM VIOLENCE,https://news.google.com/rss/articles/CBMizwFBVV95cUxPeWxZVDJka0tOVkl4cUo3QzY5TG9VREp6c2pQUlUyX3lXeHQzX2ZwWnFpWTFZa3Vjc0llQXhyQVJDb29xWi1NVGRJNGdGTlV2ODBnbG1GdEtYdXdUZXB5bW42QTNQS3Q4T2VRVTJ5b0lNcXZfSlVxQzdhR1pLd2Y3U3BneXRWS2pKOUhWZVpNcEhESWVZNFZUWVlycTVGUEszTUIyMUpYNkJQZm1XcVd4MzZqckJ0NWR3QWhZdUJHc183c0YtYkFZdV9DWDZuYW8?oc=5,,0,E,BRUIT,False,Faible priorité,,porte régionale: aucun ancrage régional,0,0,0,0,0,0,,absent,citoyen_ordinaire,aucun,False,navigation,1070,False,True,pertinent
2023-10-05T07:00:00+00:00,Human Rights Watch — français,Droits humains & presse,Le droit de retour au Haut-Karabakh devrait être garanti,https://news.google.com/rss/articles/CBMimwFBVV95cUxQZEtmNjJiazU1VlYwT2htODVicUF4NURmVVNCUnlydTgyU3hlc2VpaUhZSzU2SmdNTzNJNDhMWmk3aFBNUHBKV0FqdTBobXdNdHZ1UUJOV1VLc3BTWXFrUlFjbjlkcDNfUTZUMkVqODB2dHo0b3lfWnc1amhoamN2SlBXVTM4b1h3QTQ4azRTZWM1dFNLbHNVSTAxZw?oc=5,,0,E,BRUIT,False,Faible priorité,,porte régionale: aucun ancrage régional,0,0,0,0,0,0,,absent,aucun,aucun,False,navigation,1074,True,True,pertinent
2023-10-02T15:27:24+00:00,George C. Marshall European Center for Security Studies,Sécurité & géopolitique (think tanks),Russian Civil-Military Relations (CMR) and the Long Open-Ended War,https://news.google.com/rss/articles/CBMixgFBVV95cUxOOWp3T0x4N250NFk0eTBQRGF1TGJzUUttQV90R0FvckRNeGR3NGJrOEpvYnlNUWtLUGRDZm5RRWNSb2xVUDFOSHI2MEdzQ25VZXNhbVZDTk01ZUh3Tm5ZOUV3Wk9XYVpKUFNPVkpvTGZoN2R2N09tcWhfTzB2QW9mMXpOVVBGZWVwMV9VQ051V0xic1NkZlpmdncyRm45NG82UF8tclVVQWh2SXRnZTBxR2s4Y1hrZEVLSl9rblZiZk1LaUY5RFE?oc=5,,12,E,BRUIT,False,Géopolitique majeure,war,porte régionale: aucun ancrage régional,0,0,0,0,5,7,,absent,aucun,aucun,False,navigation,1077,False,True,pertinent
2023-09-30T01:46:02+00:00,Al Jazeera — Kyrgyzstan,Médias indépendants,"Russia-Ukraine war: List of key events, day 584",https://www.aljazeera.com/news/2023/9/30/russia-ukraine-war-list-of-key-events-day-584,,24,E,FAIBLE,False,Répression / droits humains,central asian; kazakhstan; uzbekistan; kyrgyzstan; tajikistan; turkmenistan; court; arrested; war; russia; ukraine; jailed,plafond V9: confirmation HR dans le body,0,0,11,0,6,7,"russie, autre, kazakhstan, ouzbekistan, kirghizistan, tadjikistan, turkmenistan, iran",sujet_principal,aucun,detention,False,evenement_date,1079,False,True,pertinent
2023-09-27T07:00:00+00:00,Human Rights Watch — russe,Droits humains & presse,Власти Узбекистана держат в изоляции несправедливо осужденного юриста из Каракалпакстана,https://news.google.com/rss/articles/CBMipwFBVV95cUxQekpnRFliTVV6eGZPNzdqaGVpMEpEVzMtdGxaQk1UUlIyVUFVZTFZdHpYMVJGenhhMm45aVJkdjJJb0EzdlVNUTZ2Q1RfRTNYdDlDbk1LUGk3ckx0UjZqLXB0ZUJGdnBPZlk3cUdOXy1nbTREbUZrNWUwVUoyMW1qdmhOeFpwX0VMQmpaOWZCMlRsNjN3NkFseXVESFhlckEwa2tSYWZNcw?oc=5,,23,E,FAIBLE,False,Répression / droits humains,узбекистан; узбек; власти,"Asie centrale: узбекистан, узбек",12,0,5,0,6,0,ouzbekistan,sujet_principal,aucun,condamnation,False,navigation,1082,True,True,pertinent
2023-09-21T07:00:00+00:00,Human Rights Watch,Droits humains & presse,Woman’s Brutal Assault Highlights Police Failures in Kyrgyzstan,https://news.google.com/rss/articles/CBMimwFBVV95cUxOQzdjaGVCaF94WUZ6UWZyUG13RUhBQ0p4Ulg2S09TWjQ3OFMzQ1Noekh1VEgtcXExRmNxXy0xbDN2TkozRHY5aVNBNG5GcXF6UnplbjI4S0ZnTlJkMDZJOFVVVWtER0M2WlJqV3ZxNFF6LWRoMzVPWHBNN2J4dWZaUnJzQ2Q4RWt1SnlwdnNiNlNYeGN2Z1Z3R1VFWQ?oc=5,,7,E,BRUIT,False,Faible priorité,kyrgyzstan; police,Asie centrale: kyrgyzstan; plafond V9: aucun ancrage HR principal,12,0,0,0,0,0,kirghizistan,sujet_principal,aucun,aucun,False,navigation,1088,True,True,pertinent
2023-09-18T07:00:00+00:00,Human Rights Watch — français,Droits humains & presse,UE : Adoption d’une résolution préjudiciable sur la « prostitution »,https://news.google.com/rss/articles/CBMiogFBVV95cUxQVEg1SVMyNFBfOTQwbERBSzlPblhxZXRueTVrUHpiR01WTWZPdTM0TUR0V1NueDJROVVHUVBJUlNoOXlXNUN0YUlUVEJuRVNmVWdsSTBxX253MUxQYlNvUkZHc1RESi0wMUZDSTRvWnJEVU9TLWZYcE1ZTjl5R1g0c3h5bVRZZnFfTFFPYmdsWHBnc1lpTzJjZkhrQ0VLMUdXcmc?oc=5,,0,E,BRUIT,False,Faible priorité,,porte régionale: aucun ancrage régional,0,0,0,0,0,0,,absent,aucun,aucun,False,navigation,1091,True,True,pertinent
2023-09-07T07:00:00+00:00,CIDCA (Chine),Médias officiels (contrepoint),CIDCA chairman inks technical cooperation agreement with ASEAN secretary-general,https://news.google.com/rss/articles/CBMiWkFVX3lxTE9UN3NMdDBSamVFSlNZUi16UEdrMmhEcEo1T2kxd3VTdFBsLW1vOEQzZC1IQ3FIXzI2SEppZTJENk1DYzlSWktXQ3JGTE1RT1liMWI1b2ZwSC1VQQ?oc=5,,0,E,BRUIT,False,Faible priorité,,porte régionale: aucun ancrage régional,0,0,0,0,0,0,,absent,aucun,aucun,False,navigation,1102,False,True,pertinent
2023-08-31T07:00:00+00:00,Human Rights Watch — français,Droits humains & presse,Chine : Crimes contre l’humanité incessants visant les Ouïghours,https://news.google.com/rss/articles/CBMiogFBVV95cUxNQTZqMkpfbHZlUXA1bmdhNFZZUkVxd1ViczFRUnVtQU9GbVo0c3QweV9OUmhRTWxwRDFaVjZjek1ZZ2RjY0JaMzFZazJYSjBQei1fNzFnSE1nbm1YczV3VFpEaG1ELU9OVGxPYy1tb1JRZTBGRGJ0WUt6OUh1TUk1aEhRN0IwVW1wUjJXMHNGeER6cTgxTXlxa2dMdjBuNWdxRHc?oc=5,,12,E,BRUIT,False,Faible priorité,ouïghours,Ouïghours: ouïghours; plafond V9: aucun ancrage HR principal,12,0,0,0,0,0,xinjiang,sujet_principal,minorite_ethnique,aucun,False,navigation,1109,True,True,pertinent
2023-08-30T11:29:22+00:00,Al Jazeera — Tajikistan,Médias indépendants,Torrential rains kill at least 21 people in Tajikistan,https://www.aljazeera.com/news/2023/8/30/torrential-rains-kill-at-least-21-people-in-tajikistan,,15,E,BRUIT,False,Faible priorité,tajikistan; central asian; kyrgyzstan; dushanbe,Asie centrale: tajikistan; géographie confirmée dans le corps; plafond V9: aucun ancrage HR principal,15,0,0,0,0,0,"tadjikistan, autre, kirghizistan, iran, afghanistan",sujet_principal,aucun,aucun,False,evenement_date,1110,False,True,pertinent
2023-08-18T07:00:00+00:00,AP News — Kyrgyzstan,Médias indépendants,"AP Week in Pictures: Global | Aug 11 - Aug. 18, 2023",https://news.google.com/rss/articles/CBMimAFBVV95cUxOWTBIb1Z4bHhvOW9yUXJ5V21DTTBoQ0xCSkVGMUh2dmdweTlESTFRX2s0UUFlWHVhd0cya3J0WTBQNXRKX2Y1ZTM2NWoyME5UYWxQem9XYmtBWTBZRUZ3a0VOTnN6RWlhdGIwNGlmWkNRblRpYzZfajZzbm5HMGVZbTV3V0xCNVJFYVN4MVhlMk5RcUdKdnhCVQ?oc=5,,0,E,BRUIT,False,Faible priorité,,porte régionale: aucun ancrage régional,0,0,0,0,0,0,,absent,aucun,aucun,False,navigation,1122,False,True,pertinent
2023-08-04T23:56:04+00:00,George C. Marshall European Center for Security Studies,Sécurité & géopolitique (think tanks),Policy Brief “Translating the Climate-Security-Nexus”,https://news.google.com/rss/articles/CBMitAFBVV95cUxOM3p6NlptWnFCdldxaGNBLWlTVGxkNUZzNHo1MV9mTHBkQkNxSVdLWG9mTF9acjNJbUtIbFFrTHB6clR2UGJYRUYzOF9INHE2WnFLMGtsUTNhdkdfWFY1aXdoTXBBR3duUFdlUzk4dUUwcnJqTWVDd0lIdDFkSnIzU2o2TnBYZGpFYVhSZzhnNDRrV3VNdVNqd0x3SFlSZHNsX1JNOWJyT2NnUk1LMjFFTmRqUjg?oc=5,,0,E,BRUIT,False,Faible priorité,climate,porte régionale: aucun ancrage régional,0,0,0,0,0,0,,absent,aucun,aucun,False,navigation,1135,False,True,pertinent
2023-08-03T21:18:45+00:00,Human Rights Watch — français,Droits humains & presse,Grèce | Country Page | World,https://news.google.com/rss/articles/CBMiXkFVX3lxTE0tTXdtZGFuVWthZFVEN2dDc05mcXdfSUFqY1FjN3pxSkgxQ3ZwZUZhN0cxaGZkY3Z1UzV6dEw4TVFHeGJCNjgxQ0lkZVVsWnJ2bl9XdGx4X0FxQXFEa0E?oc=5,,0,E,BRUIT,False,Faible priorité,,porte régionale: aucun ancrage régional,0,0,0,0,0,0,,absent,aucun,aucun,False,navigation,1136,True,True,pertinent
2023-07-14T07:00:00+00:00,CIDCA (Chine),Médias officiels (contrepoint),CIDCA spokesperson: 1st high-level conference of Forum on Global Action for Shared Development held successfully,https://news.google.com/rss/articles/CBMiWkFVX3lxTE1QR01mT1prbjRJakZfd09mUFpnVFFrUkhkbkxqYnByOXltR2hVOTJfamNUaHVYdnoyaE40RUc4cmhkZmZRdnFJY0lhWXZINzI3UV83VHJva3lhZw?oc=5,,0,E,BRUIT,False,Économie / géopolitique ordinaire,conference; development,géopolitique / économie ordinaire; porte régionale: aucun ancrage régional,0,0,0,0,0,2,,absent,aucun,aucun,False,navigation,1157,False,True,pertinent
2023-07-11T07:00:00+00:00,Human Rights Watch — russe,Droits humains & presse,Украина: От кассетных боеприпасов гибнут мирные жители,https://news.google.com/rss/articles/CBMihwFBVV95cUxQbHhrME5sX0pjT3liRXpjY0pCRGx6UDJXYzNmQUVLcW03MlExaVczN0lkYmUtRVdTb0lBcF9rbFVWQWNPeWhrRFJMY3NvM25DdkdQYThUa0xib0dBQ2VobXlvY1RkOW96eWMzVy1ucGhtNTd4TnI1aXNDXzNXdWZjN212enlTeVk?oc=5,,12,E,BRUIT,False,Géopolitique majeure,украина,porte régionale: aucun ancrage régional,0,0,0,0,5,7,,absent,citoyen_ordinaire,aucun,False,navigation,1160,True,True,pertinent
2023-07-10T09:37:50+00:00,UN Women — Europe & Asie centrale,Droits humains & presse,"""Sustainable Development Goals and Gender in Kyrgyzstan"" New Statistical Publication",https://news.google.com/rss/articles/CBMi7wFBVV95cUxNQ29aaHVyX0xMVUM2WmJ4WVdwdjVsNnFKcHZNb202WVBrQS1iakVMM0I0UDYzZ1c2OFBUZmdlZ3A5WjA3X0tNVjMxMEpidDdQUm1mUkRKUlBRSFpUSFNHN2ZIXzBmLWhWZGtqd2ZQM1ItNUF3WU4zZ3QzQklUR1RKbmMzZ2dLc1UwTkNsYjljbEFQWHZHR2RoY0k3RF93TnliMzZKM0JuR1BOVzdmZkFKN2VfWTRKWlFIaC0tWjBzc0NncGQwSTQycHNTM2lNZ0FESFJIN2c3THFMcHhPT3N1VU9TQnlSb0dINmNrcGN6aw?oc=5,,12,E,BRUIT,False,Faible priorité,kyrgyzstan; development,Asie centrale: kyrgyzstan; plafond V9: aucun ancrage HR principal,12,0,0,0,0,0,kirghizistan,sujet_principal,aucun,aucun,False,navigation,1161,False,True,pertinent
2023-07-10T07:00:00+00:00,UN Women — Europe & Asie centrale,Droits humains & presse,Women Driving Resilience in Agriculture and Rural Areas,https://news.google.com/rss/articles/CBMisgFBVV95cUxPN3FXRHRCM3NfRzhMaTZodWdLZDZ2ZGJZcUlJQ3lfdjlQMWNsRjFrX3MzOTFhMzJfaTF4R3BlWUpnc3RZY2ZuWEQ2S3Uxd1lmQWRBdzNZMWhQMkFaeUlrNVdiQjRyMVJRS0dPWHVJdFNQS3FWeDJhREhpU0c5bEJmXzVuV2kzNDBlZWlxZ0JHb1lqdldBektYWWN1a0V2MWlWTEtHMFlQQ2gtMnlLRVN2T0hR?oc=5,,0,E,BRUIT,False,Faible priorité,agriculture,porte régionale: aucun ancrage régional,0,0,0,0,0,0,,absent,femme,aucun,False,navigation,1161,False,True,pertinent
2023-07-06T07:00:00+00:00,Human Rights Watch — français,Droits humains & presse,Tunisie : Crise liée aux expulsions collectives d’Africains noirs vers la frontière libyenne,https://news.google.com/rss/articles/CBMiuwFBVV95cUxPTjhJdmNxRkk2Y0Z5MEg4X25mVzdHeERkNUNaUW1rRkdOUXVoaUdRRENYWm55RFk5NXZsamFUWUJMWUJ5dndsMFEwNThwZjVoY1pncjZ4czBicHduekhweUtka1ZtaENJbXdtbV9SWWJDVk5vdVBYbm5FTmtXTDdIUjBYX2hSSTdLU1J2OUsyOXZVaWNFWVpkRE1pcExfdTUzcFVNenVvRHVCbk1lLTIzX01xTjhyNWstRXdv?oc=5,,0,E,BRUIT,False,Faible priorité,,porte régionale: aucun ancrage régional,0,0,0,0,0,0,,absent,aucun,aucun,False,navigation,1165,True,True,pertinent
2023-07-05T07:00:00+00:00,CIDCA (Chine),Médias officiels (contrepoint),CIDCA vice-chairman meets with ministers of finance and communication of Solomon Islands,https://news.google.com/rss/articles/CBMiWkFVX3lxTE5va2lvbUxncHdPXzhXQ2JGeWczQUlZbklkQnBXa1U1NDA1Vi1lMmpEWmkzakhrbWk4dmNPWWxyV0trbFF6SVExa1BtNElVd0FuS3VlblE4UGNpQQ?oc=5,,0,E,BRUIT,False,Faible priorité,,porte régionale: aucun ancrage régional,0,0,0,0,0,0,,absent,aucun,aucun,False,navigation,1166,False,True,pertinent
2023-07-04T07:00:00+00:00,ARTICLE 19,Droits humains & presse,European Court of Human Rights: Groundbreaking ruling on facial recognition - ARTICLE 19,https://news.google.com/rss/articles/CBMisAFBVV95cUxPdkNZY2Fac2psUDRzR3dmTlZnQ3FaNEF3OC1NcWFNejdsRHFOanktMGVSSUVWOW1xREd6My1HN3Yxa20xbzNieWdMNmk2NUFtdXNabmphSEU1Tm5zRUI5X1VBVFJITUFEZC1veEYxV3lpRHM5RXRNaG9HOWk1NlpCdXJDSmV3NHhGVTdhb0ZOcTRtQlgzUDJabVFEQ0VWWFBYcXVPcVpjblZPdFMxcVNuTg?oc=5,,0,E,BRUIT,False,Droits spécifiques,human rights; facial recognition; court,porte régionale: aucun ancrage régional,0,0,0,2,3,0,,absent,aucun,aucun,False,navigation,1167,False,True,pertinent
2023-06-30T16:50:32+00:00,Human Rights Watch — français,Droits humains & presse,Islande | Country Page | World,https://news.google.com/rss/articles/CBMiYEFVX3lxTE8zNEdNZkh0ZWw0cGlYcHhEcHhxV1hNazZjSElfTHJHa1JCSUVhM3FYVWJzMG9qUUhnSWdPSGlPVndzVzZzVllTMEhURWlVNTFXb0tzWGZ2R0IxYmNkNTJ2Xw?oc=5,,0,E,BRUIT,False,Faible priorité,,porte régionale: aucun ancrage régional,0,0,0,0,0,0,,absent,aucun,aucun,False,navigation,1171,True,True,pertinent
2023-06-30T16:50:32+00:00,Human Rights Watch — français,Droits humains & presse,Moldavie | Country Page | World,https://news.google.com/rss/articles/CBMiYkFVX3lxTE9uOWRjUVpZQ3dnMGRSUW9WT2JXVW1DSVhZekQxM0xjZU1XVTlpTEsyUGVscl96THlQLUxaSXBNeG5GWVpRZTE2amxuWUNGSG1mbWtFczdYSVpDb3RDZG1EZDNn?oc=5,,0,E,BRUIT,False,Faible priorité,,porte régionale: aucun ancrage régional,0,0,0,0,0,0,,absent,aucun,aucun,False,navigation,1171,True,True,pertinent
2023-06-06T08:55:20+00:00,Al Jazeera — Tajikistan,Médias indépendants,Russia faces a new neighbourhood threat: China,https://www.aljazeera.com/opinions/2023/6/6/russia-faces-a-new-neighbourhood-threat-china,,30,E,FAIBLE,False,Répression / droits humains,central asia; central asian; kazakhstan; uzbekistan; kyrgyzstan; tajikistan; turkmenistan; kazakh; kyrgyz; tajik; bishkek; uighurs; xinjiang; human rights; threats; detained; china; russia,plafond V9: confirmation HR dans le body,0,0,10,4,6,10,"russie, autre, kazakhstan, ouzbekistan, kirghizistan, tadjikistan, turkmenistan, xinjiang",sujet_principal,minorite_ethnique,"detention, pression_administrative",False,evenement_date,1195,False,True,pertinent
2023-05-25T07:00:00+00:00,CIDCA (Chine),Médias officiels (contrepoint),CIDCA vice-chairman meets with South African public works and infrastructure official,https://news.google.com/rss/articles/CBMiWkFVX3lxTE5wWUxIOUlxbTV5eWpINk9wdUdETUxhcGhSSVFNR29nMmE4cVp6aDdZajcwZDJWNUNibWd3YUkyNEJ3T1hhTUJkMGtnc2c0dEE5QW94MEJ0eDFrUQ?oc=5,,0,E,BRUIT,False,Faible priorité,infrastructure,porte régionale: aucun ancrage régional,0,0,0,0,0,0,,absent,aucun,aucun,False,navigation,1207,False,True,pertinent
2023-05-18T07:00:00+00:00,CIDCA (Chine),Médias officiels (contrepoint),CIDCA vice-chairman meets with minister of fisheries and marine resources of Solomon Islands,https://news.google.com/rss/articles/CBMiWkFVX3lxTE5lMzV5cmFfcUdLWFJZaGIxdmdYZnhZQ1doQVB3MUNIQ0dZNjBCZXo1WkhzdzFNQnpHdHFYTTQ1SE5qWjVYQ0FXa0VjbjNuVFVCbTd4MEV0a21Gdw?oc=5,,0,E,BRUIT,False,Politique intérieure,minister,porte régionale: aucun ancrage régional,0,0,0,0,2,0,,absent,aucun,aucun,False,navigation,1214,False,True,pertinent
2023-05-09T07:00:00+00:00,UN Women — Europe & Asie centrale,Droits humains & presse,"In the words of Yuliia Kirillova: “At war, there is no place for stereotypes”",https://news.google.com/rss/articles/CBMizAFBVV95cUxOMWNFLXFTaERWT1M3RG11LUprdzl1b090ZUpGNHQ4UUhNR2xibHJaWkJWczhoOEgtS0lLS1gyQ1VoNUlIQUtLLVk3N3VPRlRaT2IyOGozUkdPRklzUWRaT0ZHc2VFX1I0bjNUZWNkeTctTVRFb25lV0VINjFYMVA0V21Uc1pscjZ0SFE4WUxzMHBDS1ZqZ2ZvZFhaM2VGUU1NMlMtbkVfamdwOGhtclNVY21fRkNZdXNRS0N4UGxBY3VQcGxlaV9TTFpPWUU?oc=5,,12,E,BRUIT,False,Géopolitique majeure,war,porte régionale: aucun ancrage régional,0,0,0,0,5,7,,absent,aucun,aucun,False,navigation,1223,False,True,pertinent
2023-05-02T07:00:00+00:00,Human Rights Watch — français,Droits humains & presse,Kirghizistan/Tadjikistan : Des crimes de guerre apparents commis lors du conflit frontalier,https://news.google.com/rss/articles/CBMiuAFBVV95cUxNMXNBbkVvcVU4UEc5S1RheXlVNml4LS1CYWRfZDJ5aFJoVGRkY1pLdGd5Rzd4RGRxVmFYNHVuNnVmam5iUmJkYmdXZjR6aF9nOXpUS1MzUHF6OUszNHhYQ2JTMjJUX3dNZ1p2Tzc3X1VlUGhPQVRJbjhsOUxHSjdTZ1B3MW45STVBaVJSTFk2aUVCSElMR2lmNXYzMTdZOGIxb29PVk9CRjJ5Q01QQ19sLUV4dmJveUpk?oc=5,,12,E,BRUIT,False,Faible priorité,kirghizistan; tadjikistan,"Asie centrale: kirghizistan, tadjikistan; plafond V9: aucun ancrage HR principal",12,0,0,0,0,0,"kirghizistan, tadjikistan",sujet_principal,aucun,aucun,False,navigation,1230,True,True,pertinent
2023-05-01T07:00:00+00:00,Human Rights Watch — français,Droits humains & presse,Kirghizistan/Tadjikistan : Enquête sur le conflit frontalier,https://news.google.com/rss/articles/CBMisAFBVV95cUxNTEYwWndWV0VjakVBMDB2V19RV3ctR3lxd1JfUGZibFY0TGtiVFQ2czVqZ3p2MHBWTGNjRVZmeUUxR3ZDVjc4UXowUGJhNEhVNm02Z0dQQWpXdGhwZUZRMmVHb0VTdGNrbkZEWHJlckpJTnFOWVNVdHZhOWlkODVtMTh0TGM5a3VwaDYtTGgxLWxpRFF2UWJxcXFiZVVtaXBjaE0tMnJ0MDFMdzVjNkNPag?oc=5,,12,E,BRUIT,False,Faible priorité,kirghizistan; tadjikistan,"Asie centrale: kirghizistan, tadjikistan; plafond V9: aucun ancrage HR principal",12,0,0,0,0,0,"kirghizistan, tadjikistan",sujet_principal,aucun,aucun,False,navigation,1231,True,True,pertinent
2023-04-28T16:27:49+00:00,Human Rights Watch — français,Droits humains & presse,Croatie | Country Page | World,https://news.google.com/rss/articles/CBMiYEFVX3lxTE9BUklCd1h5dDkwYURqbGRXUGhPNkRfU2ZDZTFCdjB4ZjJWU3B4VU0tdTBDd3RFME82R3VaalltTE13TDhkeVV3czJhY2JPNFV2dVNkZEp5T3ZBTXNncUpHOA?oc=5,,0,E,BRUIT,False,Faible priorité,,porte régionale: aucun ancrage régional,0,0,0,0,0,0,,absent,aucun,aucun,False,navigation,1234,True,True,pertinent
2023-04-28T16:27:48+00:00,Human Rights Watch — français,Droits humains & presse,Autriche | Country Page | World,https://news.google.com/rss/articles/CBMiYkFVX3lxTE1VR1NIdi03eFV1VXNMcVhzX0pTQnJEUWlCZ0VCb20yanFhU1NRdWpRWjRNcWFoTnVrTkZRZlBNTld2YnBqRXg2OHZTRDI5ZVZGUVZyVEdNNmk5eTd6OE1OT2dB?oc=5,,0,E,BRUIT,False,Faible priorité,,porte régionale: aucun ancrage régional,0,0,0,0,0,0,,absent,aucun,aucun,False,navigation,1234,True,True,pertinent
2023-04-26T23:03:44+00:00,Human Rights Watch — français,Droits humains & presse,Tadjikistan | Country Page | World,https://news.google.com/rss/articles/CBMiZkFVX3lxTFA0MDlFa2N6bjB0cXJtQjdxeFJ0NzB3ekwxSW9WcWx2enNyMUhoUzYwTlpUMTZyVWxwTWt1UVhHd1FkYjNVNFVmS3lSWmhyRndJSVFVLUREbVY0czE1UzhjWkVsWUhMZw?oc=5,,12,E,BRUIT,False,Faible priorité,tadjikistan,Asie centrale: tadjikistan; plafond V9: aucun ancrage HR principal,12,0,0,0,0,0,tadjikistan,sujet_principal,aucun,aucun,False,navigation,1235,True,True,pertinent
2023-04-21T23:45:32+00:00,Human Rights Watch,Droits humains & presse,Other Ways to Give,https://news.google.com/rss/articles/CBMiZkFVX3lxTFB5OXVyN1lYdzRMZFNYdFFvdkpFQWJkRTlJUExrWkoxUmJaZkM2dWJzRW9VWmxCZnhFMlBkZno4MVlKZmdZSjByWU1GQ3J1TW1WX3l0bWdGZHRSbWhZR2VQMXplU0FTdw?oc=5,,0,E,BRUIT,False,Faible priorité,,porte régionale: aucun ancrage régional,0,0,0,0,0,0,,absent,aucun,aucun,False,navigation,1240,True,True,pertinent
2023-04-21T23:39:06+00:00,Human Rights Watch — français,Droits humains & presse,Suisse | Country Page | World,https://news.google.com/rss/articles/CBMiX0FVX3lxTE1lTFJEWXpRZC12empaS1RiLWlhWFFBWU5CZjBtS09nOUZ6TTVLdDBZNUNWTEZXRklCN0paRmM1UEw0d1lFMV9udnNsc05hS1BZZVU2MDZ1dW9qbnQ0S2I0?oc=5,,0,E,BRUIT,False,Faible priorité,,porte régionale: aucun ancrage régional,0,0,0,0,0,0,,absent,aucun,aucun,False,navigation,1240,True,True,pertinent
2023-04-15T18:11:51+00:00,Human Rights Watch — français,Droits humains & presse,Royaume-Uni | Country Page | World,https://news.google.com/rss/articles/CBMiZkFVX3lxTE1EM2lYbDVucV9LaVZsenp4R1hkNno4MGxDbUg1aDFDbG1xamk4djJVbzNvdDctUW1UVTVTQTF5bTZYb1V1Ynh5QTVNX093S0F6dXJxcGpfeFRKbTl4cjdGZ05nR3Q2dw?oc=5,,0,E,BRUIT,False,Faible priorité,,porte régionale: aucun ancrage régional,0,0,0,0,0,0,,absent,aucun,aucun,False,navigation,1246,True,True,pertinent
2023-04-14T07:00:00+00:00,AP News — Kyrgyzstan,Médias indépendants,Spanish climber leaves cave after 500 days in isolation,https://news.google.com/rss/articles/CBMinAFBVV95cUxON0FjN1h1Qkh6eUZGZmZ4Q3lqU3Z3SUoyQ3cyQVJxMXl2S3EyUG5heUt2VDRFdVJGMk9oMUlvQ2FONTk5dFA3X3ZfYnE1X3dUWjFIdWUyS3p6LVRoaXNHVzVaaExCdXo5MjhuVXVmUmp4XzZOUVhNbWVCLWxYUTBzZ3VtekcxNm5oaU84eGhHd0xyTk92ZXJsaGhzZ2g?oc=5,,0,E,BRUIT,False,Faible priorité,,porte régionale: aucun ancrage régional,0,0,0,0,0,0,,absent,aucun,aucun,False,navigation,1248,False,True,pertinent
2023-04-03T07:00:00+00:00,AP News — Uzbekistan,Médias indépendants,Lawsuit seeks records of toxic exposures at Uzbek air base,https://news.google.com/rss/articles/CBMiwwFBVV95cUxPUV9vNk1wUDBiVkRZMlAyXzg2YWUwTEVCRGxJaGRTQk1fdDlxaHdsTWtiZVQ5SzN1TnVVZlBQX3dHd2hIcjBXcV9DakZBR3Fod292MVJvX3NEVFZWZFJidWhkMzZHdGw3ZDd0UUgzeXE4dWtpNjc4YVBmRFdXY1I2Vi1XaFVWdjl2cWJrQkFvQktmQ0tyem14dDNVeFRzb2RheGVnNDJqd3I2a01mQi15cDJzWWFneHljQ3A4S1NDTmNoOGM?oc=5,,12,E,BRUIT,False,Faible priorité,uzbek,Asie centrale: uzbek; plafond V9: aucun ancrage HR principal,12,0,0,0,0,0,ouzbekistan,sujet_principal,aucun,aucun,False,navigation,1259,False,True,pertinent
2023-03-28T07:00:00+00:00,Human Rights Watch — russe,Droits humains & presse,Депортация таджикистанского активиста из Германии вызывает тревогу,https://news.google.com/rss/articles/CBMikwFBVV95cUxOc3QyZk9QQ05ZUTY1aUtlc3V5MGU3QmpYWXJIWmhBZ2ItVTVLYXF2bnZCUzFjRlBjR3JOQ3dHelZoTm84alpNQTNTRUg1c1M3Vm1SNmEtX3lxb0F0RkhmWkZ1SFJfd2llRnRIaFBsWVlGLWVmdzhiZGk5ME05U1RfeWI4UkNJMDlQMHpVREJGZGdNa0E?oc=5,,22,E,FAIBLE,False,Faible priorité,таджикистан; таджик; активиста,"Asie centrale: таджикистан, таджик; plafond V9: aucun ancrage HR principal",12,10,0,0,0,0,tadjikistan,sujet_principal,opposant,expulsion_extradition,True,navigation,1265,True,True,pertinent
2023-03-27T07:00:00+00:00,CIDCA (Chine),Médias officiels (contrepoint),CIDCA vice-chairman surveys Chinese assistance projects in Kiribati,https://news.google.com/rss/articles/CBMiWkFVX3lxTE53Q21JRjFnRFlTLTlDc3VxQzZ6VWZwN3dYd2hnaFNPSTAwcGxnZW9GQ0NTNjlrbkp5YU1ibUpoXzdZSVJlaXBfZGw5Z3MtX2RJYmNPNXpFVFpSZw?oc=5,,0,E,BRUIT,False,Faible priorité,,porte régionale: aucun ancrage régional,0,0,0,0,0,0,,absent,aucun,aucun,False,navigation,1266,False,True,pertinent
2023-03-23T07:00:00+00:00,CIDCA (Chine),Médias officiels (contrepoint),CIDCA vice-chairman meets with PM of Fiji,https://news.google.com/rss/articles/CBMiWkFVX3lxTFBPMjRjWjZBSzZiV0RfUFpKaXowLTh3b1EyS2NYWWN4allQSktqYmVGRThwUVhGQmdMMmhOMXJld182Wmo5RWMzRkxJN3ZFRFZ0UnZzakF6V1N0dw?oc=5,,0,E,BRUIT,False,Faible priorité,,porte régionale: aucun ancrage régional,0,0,0,0,0,0,,absent,aucun,aucun,False,navigation,1270,False,True,pertinent
2023-03-22T07:00:00+00:00,UN Women — Europe & Asie centrale,Droits humains & presse,Press Release - Women in Kyrgyzstan spend almost 5 times more time than men on unpaid care and domestic work: How does gender equality look like in Kyrgyzstan?,https://news.google.com/rss/articles/CBMitwJBVV95cUxPMzBBbkV4NHpLeGlVcC1aa3hlOWdra0F3MnBPTGpyQ3JTNmJYT2RZcHpOX2tsZ2Z5SVJXa1V1cm5XZk5Remp3VFUyaTU5RjVQZTh2NjhSakFmYVlTeVpDUnlTWlFuYmVSemMxeWZoc0d6c05TWFh0U1JUOWdfYTFTSy1qUEtJSU5OU2F1LWRSNks4TkhDYk85UTF0N2NNa3BFVnN1bmxDLTFjSXdTUkd3NFAyY3lNVUU2eFllT0FiQ2swdUhaRHd5cWdneUdLcHBvcWRfUExfNlY0UWlxLWpVb3VBTkZxYm5MWjR0bEd0X0FNMUtPRTZoalBvVGhHVmZDUWVIeGF4R3RrNW9ielZXamZBcExWVnctZVoyVDhiQkpLZFRPLUxaT0E4NXBlSldoQl9CWFhYTQ?oc=5,,12,E,BRUIT,False,Faible priorité,kyrgyzstan,Asie centrale: kyrgyzstan; plafond V9: aucun ancrage HR principal,12,0,0,0,0,0,kirghizistan,sujet_principal,femme,aucun,False,navigation,1271,False,True,pertinent
2023-03-21T07:00:00+00:00,CIDCA (Chine),Médias officiels (contrepoint),Work meeting held between CIDCA and Solomon Islands’ government departments,https://news.google.com/rss/articles/CBMiWkFVX3lxTE5DTXpSOGpXN01vLTl1dGxqcDlOVVVTZV9vVmY1dFM3NXJna1ZEa0FfXzB5dEVZWnJQbUFZclR6TDFXU0IxUGFFN0pmQzhHOTVwOWg3SFVDYWIyZw?oc=5,,0,E,BRUIT,False,Politique intérieure,government; meeting,géopolitique / économie ordinaire; porte régionale: aucun ancrage régional,0,0,0,0,2,2,,absent,aucun,aucun,False,navigation,1272,False,True,pertinent
2023-03-09T08:00:00+00:00,Human Rights Watch — russe,Droits humains & presse,«Тысяча взрывов у меня в ушах»,https://news.google.com/rss/articles/CBMif0FVX3lxTFBSMHlpMkt6c210Qm01M1VsNTJTR0pRWnFHUDV2WTNOZ3RhYVB2cGNiWXR5TWhRLURwODFVMFJVdWVNc08xaE00a2F2bUVUSlVwSmdBM2cyT19VZmVFd0pxdzlYOU9KV3BRRWs1eVhKaTd1TXhlUmdCS1AtZUROU2c?oc=5,,0,E,BRUIT,False,Faible priorité,,porte régionale: aucun ancrage régional,0,0,0,0,0,0,,absent,aucun,aucun,False,navigation,1284,True,True,pertinent
2023-03-08T19:21:58+00:00,Human Rights Watch — français,Droits humains & presse,Géorgie | Country Page | World,https://news.google.com/rss/articles/CBMiYEFVX3lxTE1EMkZydlR5ZXlzZFkxekFablFJU2JKalZFcXpJTEFZSmNCR0stRXdlM3dZWEsxOEh0VnM2SzVyb1hRTXdzeUlSMjd4MFJlQ19FVjk5azJSN1BQSmdGckVfdw?oc=5,,12,E,BRUIT,False,Faible priorité,géorgie,Caucase: géorgie; plafond V9: aucun ancrage HR principal,12,0,0,0,0,0,georgie,sujet_principal,aucun,aucun,False,navigation,1284,True,True,pertinent
2023-03-08T08:00:00+00:00,Human Rights Watch — français,Droits humains & presse,Géorgie : Les projets de loi sur les « agents étrangers » portent atteinte aux droits,https://news.google.com/rss/articles/CBMiugFBVV95cUxQeDRpZXpfSG5xV1ZfNTE1SmNKRUVHY19xd0htU0hMb1hwTUFoWEIwUVhYeWdhZ0ZlMmNvMFk1aldaT2Rad0s3b3BQN3U3SVpZanJxLVh2Skpmb0otdU0tTVA2a2ZBcXF2UHNHLTVvRm5IdmczZndfNEl1aFhSaW5UQU56TFlKVXZwMlJGaWRlS0ZqT3FQQ1hKcUw0bVpfdVptZm4yVFZNV3ZFR3VDX0JYRHYxVVNQN0lneGc?oc=5,,12,E,BRUIT,False,Faible priorité,géorgie,Caucase: géorgie; plafond V9: aucun ancrage HR principal,12,0,0,0,0,0,georgie,sujet_principal,aucun,aucun,False,navigation,1285,True,True,pertinent
2023-03-08T08:00:00+00:00,UN Women — Europe & Asie centrale,Droits humains & presse,Women in power in 2023: New data shows progress but wide regional gaps,https://news.google.com/rss/articles/CBMiuAFBVV95cUxQQ0VFaGNMMnhlYVBaa0tSaGgwYjZPaGYxRW5ycFVFVGpZaUZXOF9TQlFUS1dVX1UtUU41ZzY4U1h4YVIxa2hyQk1aY3ZIczFPLWdVOW5vUjJfdS1sTExqczhvUy0zVlJ0d2otWmhUN0FZNktJWC1CWUtNdkR2R3RuLWxGRVMwVGRjWElYUVpNQkZsNFJVSmN0clpoMk9vNVVxX2tIbzFmZnJZMVUya1BmS2ZJNHRfdkRK?oc=5,,0,E,BRUIT,False,Faible priorité,,porte régionale: aucun ancrage régional,0,0,0,0,0,0,,absent,femme,aucun,False,navigation,1285,False,True,pertinent
2023-03-02T08:00:00+00:00,Human Rights Watch,Droits humains & presse,Georgia: Reconsider Mikheil Saakashvili’s Release on Medical Grounds,https://news.google.com/rss/articles/CBMioAFBVV95cUxNTTdsbjlSOURxZ1cxekozczBTUzlVMG9YXzB1dDRlblBRdnJMa053UnFGd1VSODVMbDBxQmVMenhFYmM4SjUybDFJLWhJZWVDNjFCNkV6YmZsQ3V3cHg4MkIta0YtSVJPTlEzbGNvZ01iazJrUEQtMXNZNmhMVG01aGxzM1BnMXFWc0FpUVFEekxpM2k5WDJPNWFvZHlDNERI?oc=5,,12,E,BRUIT,False,Faible priorité,georgia,Caucase: georgia; plafond V9: aucun ancrage HR principal,12,0,0,0,0,0,georgie,sujet_principal,aucun,aucun,False,navigation,1291,True,True,pertinent
2023-03-01T08:00:00+00:00,AP News — Kazakhstan,Médias indépendants,Blinken wraps up Central Asia tour before G20 talks in India,https://news.google.com/rss/articles/CBMimwFBVV95cUxOdUtQQUt5SnBBUnNzc0ZTTnduSXhPSkJMSUV2Yk0wZFluelpjOGdvamhTNWRDZUxCLWNnN04wLXdqSTlQNzg3WmhHN0pUWDRwY3hQR1hYQ3FxZVJVS0ZnLTEwS1hGM1Vsckp3cHN2RUk5VWVMWE5Oa2JZYzN0N3ZOYlBqZ0YzMk5RQUh2c1JZQno4ZVJxWmh2Y0w1dw?oc=5,,4,E,BRUIT,False,Économie / géopolitique ordinaire,central asia; talks,Asie centrale: central asia; géopolitique / économie ordinaire; plafond V9: aucun ancrage HR principal,12,0,0,0,0,2,autre,sujet_principal,aucun,aucun,False,navigation,1292,False,True,pertinent
2023-03-01T08:00:00+00:00,Human Rights Watch — russe,Droits humains & presse,Участие центральноазиатской «тройки» в СПЧ ООН открывает окно возможностей для перемен,https://news.google.com/rss/articles/CBMiswFBVV95cUxNN0xZVURrekVqLVNyZjl5NnVlRzJKX0RQTGZLZEE3NnYtMWxvbHE2anF0R0M1cDNlb1lyV1lJc3dxY2U3LVFxUlhHRUxQX1hzcjlXZjhpbVMwVzg3UzNwZF9UNkhwMk5VMEVHM2piMENCOFpGeXNrZElrUEZsX0UtVl9nMXM2UHQ1eV8ySHlnQlN4NkQwcTI1M0hIeXpyeTIyYmZMbmhfSk90bTRGSkxYcGRuZw?oc=5,,0,E,BRUIT,False,Faible priorité,,porte régionale: aucun ancrage régional,0,0,0,0,0,0,,absent,aucun,aucun,False,navigation,1292,True,True,pertinent
2023-02-28T11:17:37+00:00,Al Jazeera — Tajikistan,Médias indépendants,Blinken in Central Asia to boost ties amid Russia-Ukraine war,https://www.aljazeera.com/news/2023/2/28/blinken-in-central-asia-to-boost-ties-amid-ukraine-war,,27,E,FAIBLE,False,Géopolitique majeure,central asia; central asian; kazakhstan; uzbekistan; kyrgyzstan; tajikistan; turkmenistan; kazakh; astana; armenia; war; russia; ukraine,Asie centrale: central asia; géographie confirmée dans le corps; plafond V9: aucun ancrage HR principal,15,0,0,0,5,7,"autre, russie, kazakhstan, ouzbekistan, kirghizistan, tadjikistan, turkmenistan, armenie, afghanistan",sujet_principal,aucun,aucun,False,evenement_date,1293,False,True,pertinent
2023-02-26T08:00:00+00:00,AP News — Turkmenistan,Médias indépendants,Iran’s currency hits new low amid anti-government protests,https://news.google.com/rss/articles/CBMirwFBVV95cUxNZ04wZzc1RFQydWE0eTcyeV9EaDVYY0kxLTQ3UEExMHVQeXo3bWs1Z1JMeTc2VU1CbnFhWE5jWnV6UUVXMTVKRHBZZWx3T0JPaE9JNlBJdnpUZW5OdVFhMHJ3Y0o2SEs5OGtBdGtDZ3FxWDJqcDVYNEtoMjNRTE9MY21zYnA2V0d5R1QzLVdPcjhNLTBabmxnVzYtcmR5d2g3ejNTUGVYT0FlRllpdXRN?oc=5,,7,E,BRUIT,False,Politique intérieure,government; protests; iran,porte régionale: aucun ancrage régional,0,0,0,0,5,7,iran,sujet_principal,aucun,aucun,False,navigation,1295,False,True,pertinent
2023-02-23T09:29:25+00:00,Al Jazeera — Tajikistan,Médias indépendants,Remote Tajikistan region shaken by magnitude 6.8 earthquake,https://www.aljazeera.com/news/2023/2/23/remote-tajikistan-region-shaken-by-magnitude-6-8-earthquake,,15,E,BRUIT,False,Faible priorité,tajikistan; kyrgyz; dushanbe; xinjiang; kashgar prefecture,Asie centrale: tajikistan; géographie confirmée dans le corps; plafond V9: aucun ancrage HR principal,15,0,0,0,0,0,"tadjikistan, kirghizistan, xinjiang",sujet_principal,minorite_ethnique,aucun,False,evenement_date,1298,False,True,pertinent
2023-02-21T08:00:00+00:00,Human Rights Watch — français,Droits humains & presse,Rasha Younes,https://news.google.com/rss/articles/CBMiXEFVX3lxTFBhdE1WaktWTlJha3J0ZjlTaVVnb3RpM0VvTVFFTllNVlhJZTgtME5JTHBpR3NmaDJoQ3QyQWhVN0J4QXJsWDZzenk3OE1JYVdtcDJEOUJjR29qYkRn?oc=5,,0,E,BRUIT,False,Faible priorité,,porte régionale: aucun ancrage régional,0,0,0,0,0,0,,absent,aucun,aucun,False,navigation,1300,True,True,pertinent
2023-02-17T15:35:04+00:00,Al Jazeera — Tajikistan,Médias indépendants,‘I was naive about Russia’: Central Asians on the Ukraine war,https://www.aljazeera.com/news/2023/2/17/where-does-central-asia-stand-on-russia,,27,E,FAIBLE,False,Répression / droits humains,central asia; central asian; kazakhstan; uzbekistan; kyrgyzstan; turkmenistan; kazakh; uzbek; kyrgyz; tajik; turkmen; almaty; astana; tashkent; media outlets; threats; war; russia; ukraine,plafond V9: confirmation HR dans le body,0,7,7,0,6,7,"russie, autre, kazakhstan, ouzbekistan, kirghizistan, turkmenistan, tadjikistan",sujet_principal,"journaliste, femme, migrant, citoyen_ordinaire",pression_administrative,False,evenement_date,1304,False,True,pertinent
2023-02-16T08:00:00+00:00,CIDCA (Chine),Médias officiels (contrepoint),China-aided emergency assistance supplies to Syria handed over in Damascus,https://news.google.com/rss/articles/CBMiWkFVX3lxTE9RVEdVNmg4enRaY2MzNzVNZFdOM3p1VmNsdk42NmVmMVRXLWxzelB5TkFBNmhXekxmSF8xZi1sVlFTNldoNGVmSTVfWGtxLXJSYy1IQXNTWXEzdw?oc=5,,12,E,BRUIT,False,Géopolitique majeure,china,porte régionale: aucun ancrage régional,0,0,0,0,5,7,,absent,aucun,aucun,False,navigation,1305,False,True,pertinent
2023-02-15T08:00:00+00:00,Human Rights Watch,Droits humains & presse,“That’s When the Nightmare Started”,https://news.google.com/rss/articles/CBMisgFBVV95cUxOSTlrMVhLbm9IbEo3c3VFaldOMzlKNjZwSGRWOEF2TW42ai1XRF9tTmJZUllsZU9PMEpIM2JjVHlBSW1WbGYzTUpoTUhqRWpPVzZWVmFnUXlDcGhVUjNjVXJ5NFNkVExiOHhZckZuRnJzR3ZLR0VLcHVrZUNpNS1pMF9WZDR0ZnNWb0t1bkN5TzJodm1MV0FnemZzaVMzdXVNUERjZWpPMEZ1bVNLOXp6cXln?oc=5,,0,E,BRUIT,False,Faible priorité,,porte régionale: aucun ancrage régional,0,0,0,0,0,0,,absent,aucun,aucun,False,navigation,1306,True,True,pertinent
2023-02-06T08:00:00+00:00,Human Rights Watch — français,Droits humains & presse,Nigeria : L'impunité et l'insécurité menacent les élections,https://news.google.com/rss/articles/CBMimgFBVV95cUxOTDctZjlIWFZ3RzlpUzdTNG96Zk9qTUZYX29sUEQxclR3SUhfVnV2MkJDMnlfUVpVaUV0R2VmaDVnVDRKRGtKT1JlZkFXV3RpbnB3NnAtQ0RQSHdtbVJsQjBjWk9qeGsxbWtDYW1wdk1rZzdrOGx6U2xXUDJodGItVlFwbVNKeE5lSHU3dTJLalFEUGZ5djJhcWxR?oc=5,,0,E,BRUIT,False,Faible priorité,,porte régionale: aucun ancrage régional,0,0,0,0,0,0,,absent,aucun,aucun,False,navigation,1315,True,True,pertinent
2023-02-06T08:00:00+00:00,Human Rights Watch — français,Droits humains & presse,"RD Congo : Les atrocités de la rébellion du M23, soutenue par le Rwanda",https://news.google.com/rss/articles/CBMiqwFBVV95cUxQRERkRklXR3JSVW0wMkhWYTZNcnhBamxENEdKcXA5eFY4dHp0WkFRei1yckc5QkhpdEZ1TGc3UVY2WkFEb1pqOENIalpZTUtuUktDaVp4VGZrMGxoZDRuVndsTkNxWU81YnhvdDFOeG43NzFidmFoZE44U0NMX3I2cXhvV3ZGYW1DbG9NZWhuZWpUSEdDaHdtZDBZaHJRRnlFRzR4NUIyUDlXTjA?oc=5,,5,E,BRUIT,False,Faible priorité,,porte régionale: aucun ancrage régional,0,5,0,0,0,0,,absent,aucun,aucun,False,navigation,1315,True,True,pertinent
2023-01-31T08:00:00+00:00,Human Rights Watch — russe,Droits humains & presse,Украина: В результате применения запрещенных противопехотных мин страдает гражданское население,https://news.google.com/rss/articles/CBMihAFBVV95cUxQOE5nckdhUVZGNC1BQ1U0anVVdjRwQV9wVmFYVk5PT1ZTT0NRSExQX1ZYdWZqV0pQaHpMWEZiS1N3SFlHa0JPTjRlbjZpRGxoN25fYzRFelBacHQzT2h3QUZOS0lxajNFZVRSMDB0Z1RLdllrcVV2eGd3M3NYRXdQZm5PY1I?oc=5,,12,E,BRUIT,False,Géopolitique majeure,украина,porte régionale: aucun ancrage régional,0,0,0,0,5,7,,absent,aucun,aucun,False,navigation,1321,True,True,pertinent
2023-01-27T09:15:29+00:00,Human Rights Watch — russe,Droits humains & presse,Всемирный доклад 2019: Rights Trends in Казахстан,https://news.google.com/rss/articles/CBMic0FVX3lxTE5yTHJ6V2Z3dDRfNEwyejF6RllrNGxuZktabXBBdWpCbEJEMkR4MlFndV9ieWx5ZXRQOVk1WG5uMWVWWkpkcEFWdU9iUGozdzRZTjRkN01NRGR2czFQSXdQU2doZXdhbkIwUTJ4QkhzTWtSVkE?oc=5,,12,E,BRUIT,False,Faible priorité,казахстан; казах,"Asie centrale: казахстан, казах; plafond V9: aucun ancrage HR principal",12,0,0,0,0,0,kazakhstan,sujet_principal,aucun,aucun,False,navigation,1325,True,True,pertinent
2023-01-27T08:58:30+00:00,Human Rights Watch — russe,Droits humains & presse,Всемирный доклад 2020: Rights Trends in Таджикистан,https://news.google.com/rss/articles/CBMicEFVX3lxTFBtSlI2MC0tZ1paLXFaOThTRm9sSG1SdVo4TU9aU1cxUlRHMGtNcHJjOHJ3aXo5UG16Z0hjX0ctV2lreFNsVDdxSXFyYVhHYWNKQUdDMTJLTE5rbTNvQlVrMVhtYW9jOW9XbjdDY1o3bnk?oc=5,,12,E,BRUIT,False,Faible priorité,таджикистан; таджик,"Asie centrale: таджикистан, таджик; plafond V9: aucun ancrage HR principal",12,0,0,0,0,0,tadjikistan,sujet_principal,aucun,aucun,False,navigation,1325,True,True,pertinent
2023-01-27T02:28:09+00:00,Human Rights Watch — russe,Droits humains & presse,Всемирный доклад 2020: Rights Trends in Россия,https://news.google.com/rss/articles/CBMia0FVX3lxTE4tcmVIOHZTeE5vNnFsb0FELXJhRXVlczhfMkpxTS10dllDX3NtcktBbjZGUFNUNDBmRVFFUzZKZXVTN0EyUndXYW9fTE0xTmxTV21UWGs4dDFxZUN5Si0wcElhUk1DeVpNenlv?oc=5,,12,E,BRUIT,False,Géopolitique majeure,россия,porte régionale: aucun ancrage régional,0,0,0,0,5,7,russie,sujet_principal,aucun,aucun,False,navigation,1325,True,True,pertinent
2023-01-26T08:39:37+00:00,Human Rights Watch — russe,Droits humains & presse,Всемирный доклад 2023: Rights Trends in Туркменистан,https://news.google.com/rss/articles/CBMiekFVX3lxTE1kbVFGUmN4UEFiVjcwN3JMbmo3Zll4a29ORnBMVzB0MHhNaURvLVl5X3lLMFctVDA4Y2N6VE9wTUI4M1BWdWUtWHRISjVsMk9kVjBacUhxbHZQUEFfWjBrOGxRUjFoVS1lc2hybS1vaTkxaHk3SHp1eUdR?oc=5,,12,E,BRUIT,False,Faible priorité,туркменистан; туркмен,"Asie centrale: туркменистан, туркмен; plafond V9: aucun ancrage HR principal",12,0,0,0,0,0,turkmenistan,sujet_principal,aucun,aucun,False,navigation,1326,True,True,pertinent
2023-01-26T08:05:26+00:00,Human Rights Watch — français,Droits humains & presse,Rapport mondial 2022 : Situation des droits humains - Liban,https://news.google.com/rss/articles/CBMic0FVX3lxTE5xR3FUX3NsTk02QmIyZzFvT0hsRkxNRlMtcTZtT3RNSlo1a0RYQ2pIbUpDRGxrWE9NZ055VlVKbjJHbC1VUi1HTTNCYWZNWFU0X1JfZjgxQkF3c29lbVBwMnUxTlBXbVg2SlpEQWlsSWVsb3c?oc=5,,7,E,BRUIT,False,Faible priorité,droits humains,porte régionale: aucun ancrage régional,0,0,0,4,3,0,,absent,aucun,aucun,False,navigation,1326,True,True,pertinent
2023-01-22T12:26:29+00:00,AP News — Turkmenistan,Médias indépendants,Gurbanguly Berdimuhamedow,https://news.google.com/rss/articles/CBMiXEFVX3lxTE9ybDY4WE13SjN6Q0l0a2wyTU1LZE93ZmhUR2tlTGRmS0ZnRzZUbUxQZDNIR1RXX3NveUptRDA5Skh6c1pWVVl2RUtfU0RReFZmdW5HRHlraFMxcTc5?oc=5,,0,E,BRUIT,False,Faible priorité,,porte régionale: aucun ancrage régional,0,0,0,0,0,0,,absent,aucun,aucun,False,navigation,1330,False,True,pertinent
2023-01-21T08:00:00+00:00,CIDCA (Chine),Médias officiels (contrepoint),China-aided Africa CDC headquarters project completed,https://news.google.com/rss/articles/CBMiWkFVX3lxTFBFbjFzMVVtcXJCWmY3ZjNmYnh4cWZRSHBuWEtGRl9zNExxOHBDbUlhYjZRSjZDd3VWUC1vNHJXVGhrMXdLREpjNkY5QVVSbTRvV01aVlFxNFpZQQ?oc=5,,12,E,BRUIT,False,Géopolitique majeure,china,porte régionale: aucun ancrage régional,0,0,0,0,5,7,,absent,aucun,aucun,False,navigation,1331,False,True,pertinent
2023-01-16T08:00:00+00:00,International Crisis Group,Sécurité & géopolitique (think tanks),Rethinking Resettlement and Return in Nigeria’s North East,https://news.google.com/rss/articles/CBMiugFBVV95cUxQSHE4SXM3S21oNm1wMUxDbGlZUFlielY0N0dUeGZwaXR2akRzZGxrMEQzUndyVDZZS1hIaXF4VUZfVTdGM3ExSUJtQ2I3eEROVURXTEZpQ1dHVWh1Mmtxc25PY1dUMVJNNDQ1ZVFwWHY4U05XbmItTk1YQ1NuZ1IwSmxKYzh3SXhQOEpIS2ZVdl9zY1N6SWl5NXYzaGFvaDY4bnA5OUF1U2E0Zm1rR1BqSU45T2FHZzlZVlE?oc=5,,0,E,BRUIT,False,Faible priorité,,porte régionale: aucun ancrage régional,0,0,0,0,0,0,,absent,aucun,aucun,False,navigation,1336,False,True,pertinent
2022-12-17T00:11:56+00:00,Human Rights Watch,Droits humains & presse,Category: Woman,https://news.google.com/rss/articles/CBMiT0FVX3lxTE5lUHpBakdVaTNMa19WUWRvZ3BNcFJjQ3p4RHFKVUVBbHBUQi13d3R5MVc4NGVTU1F4Ync3WVFrUGVvVERIbUZ3RC0xSi1LblE?oc=5,,0,E,BRUIT,False,Faible priorité,,porte régionale: aucun ancrage régional,0,0,0,0,0,0,,absent,aucun,aucun,False,navigation,1366,True,True,pertinent
2022-12-12T08:00:00+00:00,AP News — Turkmenistan,Médias indépendants,Iran execution: Man publicly hanged from crane amid protests,https://news.google.com/rss/articles/CBMimgFBVV95cUxQWElmaExUbzNmQmd1dUF0c20tOVdidGk5NDBtaUVvMC1MNnRzY1lhWnlmYjNRdTBrYVowVEJWcWI2TG9uWnFnVlBNbEpOb1lrTnV1MzdxZXN6dXZZM0xGS0pmUzlNdVBOdEdpeHpYWUFJZDRlZUE5aTVLT21NNDRfMmlHLXc3MUNyN3UxaU80dHdPMmNJRWN3eDRB?oc=5,,12,E,BRUIT,False,Politique intérieure,protests; iran,porte régionale: aucun ancrage régional,0,0,0,0,5,7,iran,sujet_principal,aucun,aucun,False,navigation,1371,False,True,pertinent
2022-12-12T08:00:00+00:00,Human Rights Watch,Droits humains & presse,EU: Frontex Complicit in Abuse in Libya,https://news.google.com/rss/articles/CBMid0FVX3lxTE1BcFoyb2JQdFNJN2Jkb1VQWmpCZVNtcEtMdmFZR2M5Tjd6YWRiMjJVQmN3YmJsTHdOLWtNZXBxTnlWZG96Q0VMZWJZRzYxQ3VRcm1aNDNaeHZaZGcxWHhOTWh0Tk0xQkx2b0lGa1hIUUt4NmlZc1lj?oc=5,,0,E,BRUIT,False,Faible priorité,,porte régionale: aucun ancrage régional,0,0,0,0,0,0,,absent,aucun,aucun,False,navigation,1371,True,True,pertinent
2022-12-09T08:00:00+00:00,AP News — Kyrgyzstan,Médias indépendants,Putin says Russia could adopt US preemptive strike concept,https://news.google.com/rss/articles/CBMisgFBVV95cUxOa0JPUUZjazRmWnJCTTd0eUZScjlhNGdkZC1HR2VBc2FmU0xqNmktUEoyWDJrWm10RlRMcDI5U3VUWDhrMlktcVJuQVk3R2xtazNNd0RUUE5ydlNZM0lJUWE5dVJQNGZoejBRQ3BVaDVrbmhfN1Q1VFpSWXAtN0VRb1JHNmxHY3J3clVxUzZ3YlNBTDQ5b21USG90OHBxcmM3Y1RvSkE4NXZyZ05JRXZjeXFR?oc=5,,12,E,BRUIT,False,Géopolitique majeure,russia,porte régionale: aucun ancrage régional,0,0,0,0,5,7,russie,sujet_principal,aucun,aucun,False,navigation,1374,False,True,pertinent
2022-12-01T22:47:16+00:00,Human Rights Watch — français,Droits humains & presse,Hongrie | Country Page | World,https://news.google.com/rss/articles/CBMiYEFVX3lxTFBZc0hYQjZkalptSVkwUDVFRWo0d0FxU1FESkkxWXhyT243SjRzUmMxUU5lTWxJVUIwa0VxLUs2RkNrRXNKcDhxUnhPZ3JLN2J4WDJKUHZhbEQwOVdwREx1Yw?oc=5,,0,E,BRUIT,False,Faible priorité,,porte régionale: aucun ancrage régional,0,0,0,0,0,0,,absent,aucun,aucun,False,navigation,1381,True,True,pertinent
2022-11-28T15:54:52+00:00,UN Women — Europe & Asie centrale,Droits humains & presse,Gender Equality in Sport in North Macedonia,https://news.google.com/rss/articles/CBMiqwFBVV95cUxNYzJzZGZSS0hEODRfdzdRTTdIVk5tQ1BrekU3WHBTUjlfNklRQnFmS3pRWUI2czdRS0M2aEU1NzNsLWZITDd4T1NoZUc5YWFRWU4xUEx6NkJPMTY2aXd6OFBYYkxsenZ3UE5oQ3dQX1BJTXNndHVYQ2JuMmVIS0pNVzJVaEFBdnluLUJQQUluT2NSRHlrV0pIY0RhTWlpNEFicVRWeTJxczlkeWc?oc=5,,0,E,BRUIT,False,Faible priorité,,porte régionale: aucun ancrage régional,0,0,0,0,0,0,,absent,aucun,aucun,False,navigation,1385,False,True,pertinent
2022-11-14T04:29:14+00:00,Human Rights Watch,Droits humains & presse,A Brighter Future: Empowering Pregnant Girls and Adolescent Mothers to Stay in School,https://news.google.com/rss/articles/CBMiXEFVX3lxTE5VWXpLVERwb2x1V0htRFgwQlFjRGY4Y01NTkpxcjYwOXRqRnVYQjdtNkprV1BPZmVvRTVpelJzNjMtTDlxRml5VXlkb3BwV1pWR05zY2I5Rk4zZVlr?oc=5,,0,E,BRUIT,False,Faible priorité,,porte régionale: aucun ancrage régional,0,0,0,0,0,0,,absent,femme,aucun,False,navigation,1399,True,True,pertinent
2022-10-27T07:00:00+00:00,Human Rights Watch — russe,Droits humains & presse,Узбекские силовики применили смертоносную силу во время протестов в автономном регионе,https://news.google.com/rss/articles/CBMiuwFBVV95cUxQQWFmTUN1UVNWTU5oamNpUDdHS0NKX2RQbUp0NWFkU1VzYkdpenBqN2ZJYXkyc3VFc1JyT19RNmFTcmZDSk0tYkhuWlo5Y2hyajRqUzBkSTV3ZGN6Tm01djhFMGxXQWpZdEItVXJpbms2NXpUS3FGMlQ4SGhHSWhhMkNNTTIwV0VLbjBCeDYtWkNIbFd5NTJzZC1zUk5FX1lQZWtNd1VBZU44emdoemkzdlI2TzMyRDB4cVl3?oc=5,,12,E,BRUIT,False,Faible priorité,узбек,Asie centrale: узбек; plafond V9: aucun ancrage HR principal,12,0,0,0,0,0,ouzbekistan,sujet_principal,aucun,aucun,False,navigation,1417,True,True,pertinent
2022-10-24T07:00:00+00:00,Human Rights Watch — français,Droits humains & presse,Qatar : Les forces de sécurité arrêtent des personnes LGBT et leur infligent des abus,https://news.google.com/rss/articles/CBMivwFBVV95cUxPTFJ2d1pkQmlNWlEyaGlBZ0ZNUU9hUWpuUDAwTVhNT3VCa0NzWDRZYjE2c0V1bVdQRTJPNHF4QUNRRzBGczFrYmNpTENST0s5T0Nac2NIX2RuX056eFhrbVZWTG1pM01KZE8zbU9zUUQ0RUc3Uk8ybm5YS2hFd1ZpM0s0cVVFZmN3MUZ1SDI1dEwwVkU1TTZTcDdBeTUtMVR5MENja0JZcEs5Y1RhMVNOYkdRTWM5ay1BZDFJc0tFYw?oc=5,,0,E,BRUIT,False,Faible priorité,,porte régionale: aucun ancrage régional,0,0,0,0,0,0,,absent,aucun,aucun,False,navigation,1420,True,True,pertinent
2022-10-24T07:00:00+00:00,Sputnik,Médias officiels (contrepoint),Unique Thriving Ecosystem Found Hidden in Ocean Depths in Maldives,https://news.google.com/rss/articles/CBMitgFBVV95cUxQWERJalVMb2szQjRXTm5jcUxob2FyVG1DRHVVS3VLcUtMRG5IUXJXYTVzS2VsUWlQV1RoN2tCRVFsNDJqVGdseVZKYjQ3Uk5VVEJtOFNlUG1wQXFmd0F1SF9WOEFxWG9KamxWMGlQZ3ZNWmoxZFhqbGIzbDJzMHhDVHZBeHlBbnVEN2lpS0U2U2RkSjd6WG9YVG5VZFM4cG1NaDgtempDYmVpdjJoWTFqRVdURElxUQ?oc=5,,0,E,BRUIT,False,Faible priorité,,porte régionale: aucun ancrage régional,0,0,0,0,0,0,,absent,aucun,aucun,False,navigation,1420,False,True,pertinent
2022-10-20T19:06:27+00:00,Human Rights Watch — français,Droits humains & presse,Pologne | Country Page | World,https://news.google.com/rss/articles/CBMiYEFVX3lxTE96NVpCNXMxTFRmYnZ4SGFfakxEMGJEaXN4a2JjRjBpZmdCdEYwSzF2Slh1a3hxYVQtSEcxVDJpWXp1TTlud1c5Q1Y3QWUxY3hNUVdGd1Vrem5OcWZWOEFCVw?oc=5,,0,E,BRUIT,False,Faible priorité,,porte régionale: aucun ancrage régional,0,0,0,0,0,0,,absent,aucun,aucun,False,navigation,1423,True,True,pertinent
2022-10-20T07:00:00+00:00,AP News — Tajikistan,Médias indépendants,General who led Syrian bombing is new face of Russian war,https://news.google.com/rss/articles/CBMitwFBVV95cUxOT21kc3g1Y3JiUjRSbE5rX09LNndpWk9ycHMtc0lTNVJqa2lYRmwxU29CNDNCZ1NiY3JKZGszOWtOcm9VcTRqd3huWkhkVHpHQmZzXzdOY0dnSWhTaE8wWFh3cTZIUDdMWDA3SWhScUJSWF9rcndaUVhXS3dDS1RUNTJTcWtVRm80ZnRrbFZpSDFwNm9aNWFtRGFtNmRraWEyd29mZE9pLTl6UTc4RkU2M1FpOFgtMDg?oc=5,,12,E,BRUIT,False,Géopolitique majeure,war,porte régionale: aucun ancrage régional,0,0,0,0,5,7,,absent,aucun,aucun,False,navigation,1424,False,True,pertinent
2022-10-18T07:00:00+00:00,Human Rights Watch — français,Droits humains & presse,RD Congo: Des unités de l’armée ont collaboré avec des groupes armés responsables d’abus,https://news.google.com/rss/articles/CBMiugFBVV95cUxPclE3MjZZWTkzSXhxeXJIS2drcW9yMjRhVE9haHhoN0dYSkQtN2ItYVNGWkFVUjBBX3h0c3BDVFhHa3Q0S202bFJLbWV6ZjRqZEFVNFM4VWtfMkZjd0YwSU43Q0Vhbllib1BxN1VqbHQtdTVRTWMzZ3RMX3l5WVNRZ0R6LVhHc0lqTFZYbDVuOHVBZWxNb25NQXBXNmZLM2I0Z3lYNlRiX05fZVZxcEVza0NLczZObXVKMlE?oc=5,,5,E,BRUIT,False,Faible priorité,,porte régionale: aucun ancrage régional,0,5,0,0,0,0,,absent,aucun,aucun,False,navigation,1426,True,True,pertinent
2022-10-04T07:49:25+00:00,CIDCA (Chine),Médias officiels (contrepoint),GDPC News,https://news.google.com/rss/articles/CBMiU0FVX3lxTFA3X3B5RGFhc3pIUlkwUnZfRlRFTjFvWHdlVWwzbUl2ZlBsRFhPdlllZ0ltdGlHc0pTYU5RWUFIeXRodVBuM3pTREx4dUhRN2ZGTkhF?oc=5,,0,E,BRUIT,False,Faible priorité,,porte régionale: aucun ancrage régional,0,0,0,0,0,0,,absent,aucun,aucun,False,navigation,1440,False,True,pertinent
2022-10-03T07:00:00+00:00,Human Rights Watch,Droits humains & presse,Kyrgyzstan-Tajikistan Conflict Leaves Children without Education,https://news.google.com/rss/articles/CBMiogFBVV95cUxPdHNWNW45azVTcEkwME9ncXU2UWlwcGJ1a0dUaVk2dzEwVGdwdzJadFczZ0hZQjhjM0pNYkcyTVRjZ05SbEhaWEJpOHVNT1RHYTd0NWhTTDBsaEpWSEExdG45VDFPdmpJakFfRkNqTUZSSkk5Z1BZbUNycFBWVDlRNzU1ZmxkYXRXY1NxSlBHeEJ2QXUzWEJTa19zYV9HVlotNHc?oc=5,,24,E,FAIBLE,False,Géopolitique majeure,kyrgyzstan; tajikistan; conflict; education,"Asie centrale: kyrgyzstan, tajikistan; plafond V9: aucun ancrage HR principal",12,0,0,0,5,7,"kirghizistan, tadjikistan",sujet_principal,aucun,aucun,False,navigation,1441,True,True,pertinent
2022-10-01T00:02:32+00:00,CIDCA (Chine),Médias officiels (contrepoint),Global Development Promotion Center,https://news.google.com/rss/articles/CBMiT0FVX3lxTE8tTTBmVVc1NnYwV2hMUEVHV3p2UkJkbW9admpiRm5uRjBaMEVWUVBXc0FjM2JIbzIyMGtzX0dMYnN5QVhYYXBmTG5KcmtoSk0?oc=5,,0,E,BRUIT,False,Faible priorité,promotion; development,bruit; porte régionale: aucun ancrage régional,0,0,0,0,0,0,,absent,aucun,aucun,False,navigation,1443,False,True,pertinent
2022-09-28T07:00:00+00:00,CIDCA (Chine),Médias officiels (contrepoint),CIDCA receives interview on China's latest flood relief assistance to Pakistan,https://news.google.com/rss/articles/CBMiWkFVX3lxTE5ydHJHUkM1SHROMmdZaTRpUFZpNm1GWEpsaWZ0TXEtWl9RSW5DTWkwYmhDRDExUVh2RG5kT2QtbTBQa3JoRVhTNjR3LU5USURkUGZqZENGLUE4dw?oc=5,,12,E,BRUIT,False,Géopolitique majeure,china,porte régionale: aucun ancrage régional,0,0,0,0,5,7,,absent,aucun,aucun,False,navigation,1446,False,True,pertinent
2022-09-22T07:00:00+00:00,George C. Marshall European Center for Security Studies,Sécurité & géopolitique (think tanks),Testing Experts Examine the Digital Age in the Annual NATO BILC STANAG 6001 Testing Workshop,https://news.google.com/rss/articles/CBMixwFBVV95cUxPUTRmeEtFUF9NR05fSHV3MnpIb1FoUDR0SU9uXzVyRWZTbDdfRXhodlBMVXE5S3I2Y2J0T0Q2Um1DNW5lWHp0eDdyUHNTUnZ1WF9HVUE5ZnUtdWFhaXJVZDYzLW1KaEVmYWdicEZTalFqRFpKUF85ZGRiekxaSTFVV2pZdDVubzg2RENZekYzZ0ZhNzBIenlTOUQxOTh5YWZ4eWppeWxNM25hMTVlVW1ZYWVhbjB1eGVWRDE4Y21BNmxWRW9TdUZB?oc=5,,0,E,BRUIT,False,Faible priorité,,porte régionale: aucun ancrage régional,0,0,0,0,0,0,,absent,aucun,aucun,False,navigation,1452,False,True,pertinent
2022-09-21T07:00:00+00:00,Human Rights Watch,Droits humains & presse,Kyrgyzstan-Tajikistan Border Clashes Prove Deadly for Civilians,https://news.google.com/rss/articles/CBMimwFBVV95cUxQZE1tNUdrdUxCbThUVzFNYllDajhPUjVaUjJPZzVmUFdpUDdQNTRHalBEVm8xYnVrLXF0a21fazhxcXRzWHJuNEhTNHlnVzQ1Z3NmQmdmbG84VWVyWVdVNmVfZEhhWG5BWVIxRUl3VHplTmJwcWJkMG1qUkhKZTJ3SEYyUGZfN3VHY21OVDdQNy1QenN0MlVscTdsYw?oc=5,,24,E,FAIBLE,False,Géopolitique majeure,kyrgyzstan; tajikistan; border clashes,"Asie centrale: kyrgyzstan, tajikistan; plafond V9: aucun ancrage HR principal",12,0,0,0,5,7,"kirghizistan, tadjikistan",sujet_principal,citoyen_ordinaire,aucun,False,navigation,1453,True,True,pertinent
2022-09-20T07:00:00+00:00,AP News — Kyrgyzstan,Médias indépendants,Live updates: UN General Assembly,https://news.google.com/rss/articles/CBMitAFBVV95cUxPaUFkYzRKalQ3Z0RNUHpEZG13Rm1VZnlZOTRmOFFSN1ZWLV9MZDlMejJ4OC05aThYRU9FTlpvQmh1VUdTY3YzUVlFcFZQbzYwVGtvbDQ2OWZMdG5DeTNpamlWXzN6bTVzR0FlX3ZuSFdaMEVoZURwU1NJcnRWNlVzTGJoOVRhaW1HTG1CbHdmbVc0OXZLeVQ0UjlidXFJdllfOXAwb0Fka1AtUklfckxWNC1Ua3M?oc=5,,0,E,BRUIT,False,Faible priorité,,porte régionale: aucun ancrage régional,0,0,0,0,0,0,,absent,aucun,aucun,False,navigation,1454,False,True,pertinent
2022-09-19T07:00:00+00:00,CIDCA (Chine),Médias officiels (contrepoint),CIDCA holds joint meeting with Pakistani Embassy on flood emergency assistance,https://news.google.com/rss/articles/CBMiWkFVX3lxTE5aWHNkSlpGMTBPOENCQk01eW1rSlhZYlNUaDU4VC15Qkh6MW9RcXNmMGNhRm1PVDl0Q2tKNDhhQS1aVkFJWDdoVEE5QVlpdndBb3lMUGpFUkk5Zw?oc=5,,0,E,BRUIT,False,Économie / géopolitique ordinaire,meeting,géopolitique / économie ordinaire; porte régionale: aucun ancrage régional,0,0,0,0,0,2,,absent,aucun,aucun,False,navigation,1455,False,True,pertinent
2022-09-13T07:00:00+00:00,AP News — Kazakhstan,Médias indépendants,President: Kazakhstan’s capital will again be called Astana,https://news.google.com/rss/articles/CBMixgFBVV95cUxQWjdWbWNJZ1h5bTdxaGFxYWlkUG8tNXBnVnNYRVZ2Rmt5ck0xNFJSZ2pzV2lQdEh6SUhhdHNzT3NYLTRUVmJJdmdUaEdQWnYtNmJEUU1aX0M1Q2tZblZqbHBCaTZSRHFla2dxRXlnbUFxcGkyblplelVLWVdvNHcwTmdEYTRJVFExX1FfbDZHYlU3TEN0bXEzcDR2Zm5PN0dJUFROaDF1blloZnhXeFFlbXZIZmJHc3NIQXhtQTA1MFRIaTBrX0E?oc=5,,14,E,BRUIT,False,Politique intérieure,kazakhstan; astana; president,"Asie centrale: kazakhstan, astana; plafond V9: aucun ancrage HR principal",12,0,0,0,2,0,kazakhstan,sujet_principal,aucun,aucun,False,navigation,1461,False,True,pertinent
2022-09-05T16:07:50+00:00,International Crisis Group,Sécurité & géopolitique (think tanks),CrisisWatch Conflict Tracker,https://news.google.com/rss/articles/CBMiVEFVX3lxTE12V2ZZd1J3TE94M3Qtb2pDbFNnUzQteHY1UzZGbjF1VGtwUFNTNXVWZXNPdHllWG9SNHhWUl9FQ2VTZVBTM0JFVk9fdVhKOXFNRFJZbA?oc=5,,12,E,BRUIT,False,Géopolitique majeure,conflict,porte régionale: aucun ancrage régional,0,0,0,0,5,7,,absent,aucun,aucun,False,navigation,1469,False,True,pertinent
2022-09-01T07:00:00+00:00,Human Rights Watch — russe,Droits humains & presse,Принудительное перемещение украинцев в Россию,https://news.google.com/rss/articles/CBMif0FVX3lxTFBVNk91Z1JjWmc4Mk5NMk1QdnlGdG9EME85cGFwamFKc1dIZEdLc0dsaVVHWFZMR05jWWIwRG9uNENnNkhjLVVFVW51YlFSemd6bkVJMTk3X3VWX0Fyc3RfN21aQy16M0NIVEtQdHk0a25rd095bnhxNXgwY2g3ODA?oc=5,,0,E,BRUIT,False,Faible priorité,,porte régionale: aucun ancrage régional,0,0,0,0,0,0,,absent,aucun,aucun,False,navigation,1473,True,True,pertinent
2022-09-01T07:00:00+00:00,Human Rights Watch — russe,Droits humains & presse,«У нас не было выбора»,https://news.google.com/rss/articles/CBMiW0FVX3lxTE5EQmZsTERHSF9GQkp2UzI5SV9QOEJHQVpjSVNuSXlKR1d3QV9oSmY1V2g5Qk5XeDhmRlk5djVLbUxBYkpLd3ZqdGZPSzdRUGQ1UVlLS1EydUJWR0E?oc=5,,0,E,BRUIT,False,Faible priorité,,porte régionale: aucun ancrage régional,0,0,0,0,0,0,,absent,aucun,aucun,False,navigation,1473,True,True,pertinent
2022-08-30T17:50:31+00:00,OHCHR,Droits humains & presse,CERD/C/USA/CO/10-12 - Treaty body database,https://news.google.com/rss/articles/CBMiugFBVV95cUxQc1Nvbm9xV3FfYWNqMl9yd1pPR0ZKT0ZMR3BEX0ZKWUZlN2laRkxzNnVjbjM1T0c4ajZyTFdPVjRaSU1vRU1vUGc1WGFsZnkxZUkwejVoMEhTUHJVanhlMlM4SmM3a1hCdjJUMGVqbkJmVW5mSktkZFowTzQxSWV4c3dGMDkxSzh4Q3RYSXdQY0d3TTl6WWg3M3NmNElNM2Z0ak5INTV6V0h5Q1BPaDBoS0pQRWtpZEVQcEE?oc=5,,0,E,BRUIT,False,Faible priorité,,porte régionale: aucun ancrage régional,0,0,0,0,0,0,,absent,aucun,aucun,False,navigation,1475,False,True,pertinent
2022-08-23T07:00:00+00:00,Human Rights Watch — russe,Droits humains & presse,Таджикистан: Несогласным из Горного Бадахшана не обеспечивается право на справедливый суд,https://news.google.com/rss/articles/CBMingFBVV95cUxQb3Q5NTROUkhwRnpjU3B5cDFvWnJuSy1WNk5OZHNFckZsU29DUDlBbWh1cnZJdUEyeWVDSW9uT1R2Y0pJT0RHZTFxaWRoWTgySEI5MDM5QTFPNlRTY3Jna1p1cWNpSV9VSkFyUnBJUElDejRkMFdiUXZEUmMtS2VJSnVsQnIwVXFIRzhkMURGX3p0QTlXMU5lMVFlMlB2dw?oc=5,,22,E,FAIBLE,False,État de droit / espace civique,таджикистан; таджик; справедливый суд; суд,"Asie centrale: таджикистан, таджик; état de droit / concentration du pouvoir; plafond V9: aucun ancrage HR principal",12,0,0,4,3,0,tadjikistan,sujet_principal,aucun,aucun,False,navigation,1482,True,True,pertinent
2022-06-30T07:00:00+00:00,AP News — Turkmenistan,Médias indépendants,Putin: Western leaders would look ‘disgusting’ topless,https://news.google.com/rss/articles/CBMivAFBVV95cUxOeHNCY0pULTBVTmtTckw3dmtDb2laYXpCcFJPbEF4cGQ2Nm1nS1lwQVZkSGZFQ0NVVkdmNFB3RVdaYlVwVV9TMUtua0cyTHVZOFM3Q2o4SEI0WlQ3ZnpIUU02ZnJHU1pIS3JOZ3YxdUU2NVMyOEtoOG53NHY5NG9qa09LNUVfbEpYTTNtbUsxYjdHb0tHa3lGM1RTNmRRaWZBVmRDRmpnMGREUkd3aTlpQXFKNnVlclBiRFFoNA?oc=5,,0,E,BRUIT,False,Faible priorité,,porte régionale: aucun ancrage régional,0,0,0,0,0,0,,absent,aucun,aucun,False,navigation,1536,False,True,pertinent
2022-06-29T07:00:00+00:00,AP News — Kazakhstan,Médias indépendants,Caspian nations reaffirm pledge to keep foreign armies out,https://news.google.com/rss/articles/CBMiwgFBVV95cUxQNVVFZ1F1blA3SW45cGxxVFdZNGd0RjZ5aFNpb1NLNkFpMXozSzJWQkZlc3RxZHhQdk5HeU5UWUt4RkJvZFJCYUE0Q01GXzJDTGlfTHJOdThsVXQtb1Z1c3YwVDN3M21WWTVpZ1hqVENiaEE2N1A4N2txQzdHUmNzeXdpaHpTVVJPMkJWRk03VTZVeDRfbmhURDk5ZWhSQXlZZUFfSjMyaEh6d21XMUZ4dFVxNGpUQU5QNUg5ZXRjbXpwUQ?oc=5,,0,E,BRUIT,False,Faible priorité,,porte régionale: aucun ancrage régional,0,0,0,0,0,0,,absent,aucun,aucun,False,navigation,1537,False,True,pertinent
2022-06-16T09:48:22+00:00,George C. Marshall European Center for Security Studies,Sécurité & géopolitique (think tanks),The Evolving Illicit Drug Market During the Covid-19 Pandemic,https://news.google.com/rss/articles/CBMitgFBVV95cUxNcmpQSldvcTBqWjFzTTk0QlRqTmxuSTVsMTA2b2pZM2hfX1c1bWVLNHJYWllWUmtyU2NYakdROXUxaEd1cHVlc3k2TlIxY25JOGx6T0NHMEVDS2xMMUNNZGJrZWJOYUFVcXMtbTktYlRxdHdOajdsQllweC13NEZPeTNVQzR2OTVla3BtV3lWS0syazNoU0hMa0hnNXdIMnhCMGJlNzVVdlJiWk9JcW9ndXN6SzY2QQ?oc=5,,0,E,BRUIT,False,Faible priorité,market,porte régionale: aucun ancrage régional,0,0,0,0,0,0,,absent,aucun,aucun,False,navigation,1550,False,True,pertinent
2022-06-15T22:03:53+00:00,Human Rights Watch — français,Droits humains & presse,Azerbaïdjan | Country Page | World,https://news.google.com/rss/articles/CBMiZkFVX3lxTE91dlEwY0RWRHY2M2twQzJIWWtHTldiUy1TRXljTXJmT3FTdDd5clR0cVFSeUU0a3dZUjRtdWE4ajdaSjZuUzhUTG50VklxLWtrVGhvb0xVYWVDay1ydnJ5MUVhemc2QQ?oc=5,,12,E,BRUIT,False,Faible priorité,azerbaïdjan,Caucase: azerbaïdjan; plafond V9: aucun ancrage HR principal,12,0,0,0,0,0,azerbaidjan,sujet_principal,aucun,aucun,False,navigation,1550,True,True,pertinent
2022-06-15T20:11:50+00:00,Human Rights Watch — français,Droits humains & presse,Arménie | Country Page | World,https://news.google.com/rss/articles/CBMiYEFVX3lxTE4tVHhMLXo5TE5lam0xblZ3Q3V0T3JhRTg1Q0haMXFHdVdOMU9Iek1TSU5meVNiQTZkbVdYTUpuR0N2LUJ1c19fN09Wb2NsRU1rYkJrMkREcHZxSVBMN19qag?oc=5,,12,E,BRUIT,False,Faible priorité,arménie,Caucase: arménie; plafond V9: aucun ancrage HR principal,12,0,0,0,0,0,armenie,sujet_principal,aucun,aucun,False,navigation,1550,True,True,pertinent
2022-06-14T07:00:00+00:00,CIDCA (Chine),Médias officiels (contrepoint),China's Foreign Aid and International Development Cooperation in a COVID-19 Pandemic World,https://news.google.com/rss/articles/CBMiWkFVX3lxTFBia1FHZDJSSVExRlNzeHJSYkdCWDNsbld1R3hsOVBXWWxmR2FzMXN1VnlNa0c4Zmk1VlVCa3NsT2FIbFloZ1R3WjYwY2ZTZ0loRENKeWh2czlpZw?oc=5,,12,E,BRUIT,False,Géopolitique majeure,china; development,porte régionale: aucun ancrage régional,0,0,0,0,5,7,,absent,aucun,aucun,False,navigation,1552,False,True,pertinent
2022-06-10T07:00:00+00:00,Human Rights Watch — français,Droits humains & presse,"Tunisie : Les révocations arbitraires de magistrats, un coup dur contre l’indépendance de la justice",https://news.google.com/rss/articles/CBMivgFBVV95cUxQRXNaMWtjcWJlR1QwOFdkandIRDM3UVlZYXkzVndnQWJ4T1NKRTRQckYzUU9DYUN2ZXlTUFgtLU9fcVAxOWFQNnE5clBycXk4MG5IRmhFQUFrT3RFX2JMZk9jVDIwS0FnMUw0MmRjSDNtbnZ5UFVVZ2RKWXFhS0VCc01JTENiSVJlaTlVMERIcktteHBkaHRad2RrXzU4dEJRT1dWR0RYRmNGX2lPSU42LUE4U3FGdDVHM2wwR21B?oc=5,,0,E,BRUIT,False,Faible priorité,,porte régionale: aucun ancrage régional,0,0,0,0,0,0,,absent,aucun,aucun,False,navigation,1556,True,True,pertinent
2022-05-17T07:00:00+00:00,Swiss Political Science Review,Économie & recherche,"Wind Turbines, Public Acceptance, and Electoral Outcomes - Umit - 2022 - Swiss Political Science Review",https://news.google.com/rss/articles/CBMiZEFVX3lxTE44bWU0M3ZlOU1DbDRjc3FkeXF4TFJVRjdfVTlRRDUydDlhSkVvNWRVV2dRVTYwUGoxa29SZEZnMVloRG5WNXpCZnlHVnpiYUhUTkpZYThGYjRDVmh0T09HaFhHTGE?oc=5,,0,E,BRUIT,False,Faible priorité,,porte régionale: aucun ancrage régional,0,0,0,0,0,0,,absent,aucun,aucun,False,navigation,1580,False,True,pertinent
2022-05-13T10:04:05+00:00,Human Rights Watch,Droits humains & presse,March For Dignity,https://news.google.com/rss/articles/CBMiTkFVX3lxTFB5U0pkRkRTZG4tRk0wRUtOSFliaGZTLWc0bVJJbGQ0VjRCdGJMRllwdnhxNmFxcFRkUHl0OFdSYUR2TjVXNk1lcWNLeFh1Zw?oc=5,,0,E,BRUIT,False,Faible priorité,,porte régionale: aucun ancrage régional,0,0,0,0,0,0,,absent,aucun,aucun,False,navigation,1584,True,True,pertinent
2022-05-09T17:06:37+00:00,Human Rights Watch,Droits humains & presse,Iraq | Country Page | World,https://news.google.com/rss/articles/CBMiXkFVX3lxTE1XVlBHRV9yZ2ZaTFN5UXZhTEYwODlZY3Atc0V4c3pLVGdrZEhhZmpzMk85ZTNLdmZ4V3VKcEVjbHJob09kLXRTYjBGSno0c1dDR05TYmMxTUhLNTBNUkE?oc=5,,0,E,BRUIT,False,Faible priorité,,porte régionale: aucun ancrage régional,0,0,0,0,0,0,,absent,aucun,aucun,False,navigation,1588,True,True,pertinent
2022-05-09T16:21:17+00:00,Human Rights Watch — français,Droits humains & presse,Maroc/Sahara occidental | Country Page | World,https://news.google.com/rss/articles/CBMigAFBVV95cUxPRHFVenBfaEtFa212cWtiLVJuZnp5NEx5NkJhakh0bnBhMUQwWkRRbWZEb1I1UFNRUmx1NERTVUdHWVczeVdOS1M5X2wzb0Fmem1SbWJ0MXlzVU1vMjlpVzN6eGRzclZrSVVzX0ktbU9FZUh1S1pLVVlpa3dESHZ2bw?oc=5,,0,E,BRUIT,False,Faible priorité,,porte régionale: aucun ancrage régional,0,0,0,0,0,0,,absent,aucun,aucun,False,navigation,1588,True,True,pertinent
2022-05-03T07:00:00+00:00,Human Rights Watch,Droits humains & presse,Central African Republic: Abuses by Russia-Linked Forces,https://news.google.com/rss/articles/CBMikgFBVV95cUxPblRKZjFET2ZBM0tzRTFQRXQtRGhIVmhPbVJVMzRiVGJmZW50YW5XWGFCTEFLM2ZROXhMcUJXYzl6d2FiMGFvLTkyNUxyT3M1X0Q2V2tMQ1p0T0VseHJhYjBJTmplX1QyVHJ4VGVFazFNaTFyUURDMkxYZlI2dC1BTHF2bVdlYnRKWURSQjktSjE5UQ?oc=5,,12,E,BRUIT,False,Géopolitique majeure,russia,porte régionale: aucun ancrage régional,0,0,0,0,5,7,russie,sujet_principal,aucun,aucun,False,navigation,1594,True,True,pertinent
2022-04-27T22:08:54+00:00,George C. Marshall European Center for Security Studies,Sécurité & géopolitique (think tanks),Stability Challenges and Opportunities Regarding the Russo-Ukrainian War,https://news.google.com/rss/articles/CBMiygFBVV95cUxPbHZ5V3hTOHY2SXF2alBVUHJjcjY3dTcxaV9QT1lpRHBubGlKQnpCWWlObnFucEJ5cktFNkd3UGNScGd0MHZmS1hCcnpvUFp2MXdwaWpoUHU4ekRGWW95bHFVajZIVEFKbmdXRlA4ZlF2bVRxZG9wNkZuNmc1dXJDVW1uX3dsQ2dFbWNGN3JFendkODdUN3gzYzc1UDJqZEI1bVFSaVlzcURnNjJqWFNNbHBfMVdWTmdUSXVzckMtVHlMcEJtdjdTTmN3?oc=5,,12,E,BRUIT,False,Géopolitique majeure,war,porte régionale: aucun ancrage régional,0,0,0,0,5,7,,absent,aucun,aucun,False,navigation,1599,False,True,pertinent
2022-04-26T14:44:01+00:00,Turkmen.News,Droits humains & presse,Туркменистан: Новые сфабрикованные дела в отношении гражданских активистов,https://turkmen.news/2022/04/26/new-political-prisoners/,,22,E,FAIBLE,False,Faible priorité,туркменистан; туркмен; активистов,"Asie centrale: туркменистан, туркмен; plafond V9: aucun ancrage HR principal",12,10,0,0,0,0,turkmenistan,sujet_principal,opposant,aucun,False,evenement_date,1601,True,True,pertinent
2022-04-25T07:00:00+00:00,Human Rights Watch — russe,Droits humains & presse,Украина: Российские войска оставили после себя в Буче смерть и разрушения,https://news.google.com/rss/articles/CBMihgFBVV95cUxPem50SjhuS19YOXBVakE4SHlWZ3NxN2ZzdW4zZHNXWDlsbmJLVEI1NnRIMU5FUjVtVElkTVNBUDhteWxaYjRydncyb3RqZ2hBZ2MwQkUtZEIyTFlqRkFGS2t1VDlwOUtpWWxsZjk0TVJoSi03OVhHQ2k2VTRJQ1JvMEZjSjN4dw?oc=5,,12,E,BRUIT,False,Géopolitique majeure,войска; украина,porte régionale: aucun ancrage régional,0,0,0,0,5,7,,absent,aucun,aucun,False,navigation,1602,True,True,pertinent
2022-04-20T07:00:00+00:00,Human Rights Watch — russe,Droits humains & presse,Украина: Состав военных преступлений в действиях российских военных на подконтрольных им территориях,https://news.google.com/rss/articles/CBMilAFBVV95cUxPcFIyUE1vcUFadG8xM3Uta0pmV3JYQTJLa2dmNW05Szk5ZEU5ak5abnNvanJXRlJPWS1rcDRVUlJHWk1QbHdfLU5LTmZ2LXJLQWthY0pMcWJ1OTh4RjRIbmVDekFfa19iUnM1MFQxNnkzMkxmZFRUaVkwNkhMVHRZVmQxUDhyZVZldjV3bG01MjNnb1Bf?oc=5,,12,E,BRUIT,False,Géopolitique majeure,украина,porte régionale: aucun ancrage régional,0,0,0,0,5,7,,absent,aucun,aucun,False,navigation,1607,True,True,pertinent
2022-04-18T07:00:00+00:00,International Crisis Group,Sécurité & géopolitique (think tanks),Sri Lanka’s Economic Meltdown Triggers Popular Uprising and Political Turmoil,https://news.google.com/rss/articles/CBMiywFBVV95cUxOZGd1Q21Pd0EtQno0d2xfUGZpNko1djdhNkt2NUxLQzR6RngwTFVZdUNncGNWTVkxM3B6ZlV3eGczLWNCc2FvUVBfVjRvdG9Eb01IclloM21BRGV4SlFxTWVBZnpXRGN1MU5xSnVOalBuZXB5MUZVODVaaEpRSXZTdlllNUVmUkNCRXNsQ1dnQjdTbVk5NEtuNURLdjBTclU5MjdJWEZyZVd6VlVfMXlOdGlTdFlIc3VVZi1vd3hwbVgtZFVIdTRnM3Jkaw?oc=5,,0,E,BRUIT,False,Faible priorité,,porte régionale: aucun ancrage régional,0,0,0,0,0,0,,absent,aucun,aucun,False,navigation,1609,False,True,pertinent
2022-04-16T02:33:27+00:00,OHCHR,Droits humains & presse,Convention on the Rights of the Child,https://news.google.com/rss/articles/CBMiXkFVX3lxTFA2UFJmMjhocjluQmlGWE40THJzSlhqdHdiSS1sN3Q4UWFjVTdsOXQ5Q1NCUGVSbHZ3dWFVOUhuRFltSkZkZkZGRUcxdEpBOXVqbnRUWEFJQ1BuUTdKNkE?oc=5,,0,E,BRUIT,False,Faible priorité,,porte régionale: aucun ancrage régional,0,0,0,0,0,0,,absent,aucun,aucun,False,navigation,1611,False,True,pertinent
2022-04-14T07:00:00+00:00,Human Rights Watch — français,Droits humains & presse,Yasmine Ahmed,https://news.google.com/rss/articles/CBMiXkFVX3lxTE15NWM2bjZYOEd0S0dDVmc4MlUwVHBPZ3Rna2g0MzJRNEdQNHRLMzgxdUR3MWxwN20ybDBzUHVQa2lhb0E4QWhTbDl3cnFVVGY1dHNjX3k1cnpOSTg3Nnc?oc=5,,0,E,BRUIT,False,Faible priorité,,porte régionale: aucun ancrage régional,0,0,0,0,0,0,,absent,aucun,aucun,False,navigation,1613,True,True,pertinent
2022-04-13T23:24:14+00:00,Human Rights Watch — français,Droits humains & presse,Bulgarie | Country Page | World,https://news.google.com/rss/articles/CBMiYkFVX3lxTE5YdTNFWURhSS1ZSlRLUXA2dUZqT1REaG9nUnZkcF9YcXRXaFBkT2xfZTR3MTVqMW00VlRGU2h0RmtGUG9FaWZxZ1duajlhTEUxNGZXRTdjR1YzMWpmNHNnTkpB?oc=5,,0,E,BRUIT,False,Faible priorité,,porte régionale: aucun ancrage régional,0,0,0,0,0,0,,absent,aucun,aucun,False,navigation,1613,True,True,pertinent
2022-04-13T07:00:00+00:00,ARTICLE 19,Droits humains & presse,EU: Digital Services Act crisis response mechanism must honour human rights - ARTICLE 19,https://news.google.com/rss/articles/CBMipAFBVV95cUxOaXZQZ1R5bV9JM2ZYTXk1eVp0dWVZUEZuV0poMzVtT0NCcGIxaVdISFozUy1QQTBjczc3cDN0cThWQkFqcnVHZDhHT1VsZ2FmczQwNkVTdTdXbV9FblRYaDF3LWkxZDE1UzhzTTJXd3NMYTFnZ1p5ZkZiSldTbDlHUm9JMVA3UFNQQjgtZk1tRXFWLTc0T3hfT0hkcElyUVpHMUhWdg?oc=5,,7,E,BRUIT,False,Faible priorité,human rights,porte régionale: aucun ancrage régional,0,0,0,4,3,0,,absent,aucun,aucun,False,navigation,1614,False,True,pertinent
2022-04-07T00:33:48+00:00,UN Women — Europe & Asie centrale,Droits humains & presse,ALBANIA COUNTRY GENDER EQUALITY BRIEF 2020,https://news.google.com/rss/articles/CBMiyAFBVV95cUxPWnRHLXBkNTFBZjloSDQ1X0pyR1hIaXpPWlRfZEYtV2JWU0NwMzZ3cVJLYzdIZmFMTExiMG5vbkJCNzRBZEpGSEVZLXJmalhab19La3EwYWRfUHFTUE9HQkJtSnlBX3MzeU8ySF9ISG5ONWZONWp2akZNWlRXUEU3aFdfam4tcWRXZEFTczNnWmtKUW9DSk9rT1VWTTlaLWNFSW1MVnFWQUNjOHpuM0p0clp4NmxZejFLTFozTE9JZGt0ZVUtUEhmSQ?oc=5,,0,E,BRUIT,False,Faible priorité,,porte régionale: aucun ancrage régional,0,0,0,0,0,0,,absent,aucun,aucun,False,navigation,1620,False,True,pertinent
2022-04-04T14:30:12+00:00,Human Rights Watch,Droits humains & presse,Art + Activism,https://news.google.com/rss/articles/CBMibEFVX3lxTE95Y1hsdE11VDd6Q1FVV3NrbjJ4Mm42NU1kR0hHUlBHWERhRGRRMVFiVUtDUDhLLUpXZG1ZNEdjclVaODJocTh1RUxaSzRtcy1QWmI0UFl4U2F3d1hIQmZEVWdsT3RfZHNZb1BKNg?oc=5,,0,E,BRUIT,False,Faible priorité,,porte régionale: aucun ancrage régional,0,0,0,0,0,0,,absent,aucun,aucun,False,navigation,1623,True,True,pertinent
2022-03-31T07:00:00+00:00,AP News — Kazakhstan,Médias indépendants,"As Russia sees tech brain drain, other nations hope to gain",https://news.google.com/rss/articles/CBMitAFBVV95cUxOVkY5Mm5hVHhCdVRQVUtacF9QWGJxZW9GYTVTMGhRaDN3VlNUNjJtZnlnWThFb292eWQxZzNpQWVHMmtQX2dtX2RQRVo4UzRzLUkzeUJRSXpKQ0ZtcjZpYmpjUi1iVS04YzRLYU5TbGI3cW9mZk1TQkpNQmlxcXlqRWpwWHJUaUJyMkVRaEJ5bmFUZFc4cDF4TW5sRXB2d0FSRmxPdGtyaE43MmpzMXAwNTFUZXQ?oc=5,,12,E,BRUIT,False,Géopolitique majeure,russia,porte régionale: aucun ancrage régional,0,0,0,0,5,7,russie,sujet_principal,aucun,aucun,False,navigation,1627,False,True,pertinent
2022-03-31T07:00:00+00:00,AP News — Tajikistan,Médias indépendants,China’s Xi strongly backs Afghanistan at regional conference,https://news.google.com/rss/articles/CBMirgFBVV95cUxQY2JSN3A3NXUya0xxUlNpYl9uSEV6NzIydTJoQm1XT05NTVdncDBpN2JDcHFhUVI4WXo1X1RiWG92eDJ1QVhXaUxVNlpaWDV4MDBmbk85di1wWkhmaThxWmY5TXFjZk5TWnZhVlRCWmpDR1VfX0llU3JtRkxEU1VvdmdlWFlrVWhXbUxfc0ZWSS0wVE1HcDZBOTBsNWsxLUtnM196bU5ZNEhxNjRwZWc?oc=5,,2,E,BRUIT,False,Géopolitique majeure,china; afghanistan; conference,géopolitique / économie ordinaire; porte régionale: aucun ancrage régional,0,0,0,0,5,7,afghanistan,sujet_principal,aucun,aucun,False,navigation,1627,False,True,pertinent
2022-03-30T07:00:00+00:00,AP News — Kazakhstan,Médias indépendants,US astronaut ends record spaceflight with Russian ride home,https://news.google.com/rss/articles/CBMitwFBVV95cUxNMS0zQ2Zmd3cyYlcteXNxdFNqOExJQjJ0T3V4bWJMc3l5VTlaaFd5dGJXMkJySjJkVEcwMkhqcnlSSy05c283VWNnZ2NWQkxaSWxNTnZFVThqMVRzLTYwVlZmbjA3Y3dPM0FqMkdBODFiQ1BfWE4zUGNKcGFSakFSZGxHcHk2c2t5LUlnNzVLY1pBeUdjZXdGSUVVWDRJczNrVHN6VFBxYzg3b1BDMElaSlVlQnpEMjQ?oc=5,,0,E,BRUIT,False,Faible priorité,,porte régionale: aucun ancrage régional,0,0,0,0,0,0,,absent,aucun,aucun,False,navigation,1628,False,True,pertinent
2022-03-30T07:00:00+00:00,Human Rights Watch,Droits humains & presse,New Evidence that Biometric Data Systems Imperil Afghans,https://news.google.com/rss/articles/CBMikAFBVV95cUxPaVNzaFBJeGhVbTc0ZEJiLXdqTlJkU3ROVnowY3B4SFlvdU1iSVdvQk9MelJFcU9nVkRBQm41T0M1UFlHQ3FnVnUtUS13eFc1ci1RN0JrbS1lZkd6NXpMYTZVLXNsY0NVa0VuSnI0Y2ZGczZ2M0lvUnpVMnBvZHhFRmdwN1RwSzllOFROMEZDdS0?oc=5,,0,E,BRUIT,False,Faible priorité,,porte régionale: aucun ancrage régional,0,0,0,0,0,0,,absent,aucun,aucun,False,navigation,1628,True,True,pertinent
2022-03-29T20:15:34+00:00,Human Rights Watch — français,Droits humains & presse,Afghanistan | Country Page | World,https://news.google.com/rss/articles/CBMiUEFVX3lxTFBZVEdQOEdtX0NsUThKemNWN0luYVF0bVduZWtzTEcwMTZBYU5ZcklWSUZZWDFkOGRncDZ4VmhyTFFKYlZOelB2aVJLT3BiQ0pL?oc=5,,12,E,BRUIT,False,Géopolitique majeure,afghanistan,porte régionale: aucun ancrage régional,0,0,0,0,5,7,afghanistan,sujet_principal,aucun,aucun,False,navigation,1628,True,True,pertinent
2022-03-25T15:17:07+00:00,Al Jazeera — Turkmenistan,Médias indépendants,Ukraine war: Is Central Asia loosening ties with Russia?,https://www.aljazeera.com/news/2022/3/25/ukraine-war-is-central-asia-loosening-ties-with-russia,,27,E,FAIBLE,False,Géopolitique majeure,central asia; central asian; kazakhstan; uzbekistan; kyrgyzstan; tajikistan; turkmenistan; uzbek; kyrgyz; war; russia; ukraine,Asie centrale: central asia; géographie confirmée dans le corps; plafond V9: aucun ancrage HR principal,15,0,0,0,5,7,"autre, russie, kazakhstan, ouzbekistan, kirghizistan, tadjikistan, turkmenistan, afghanistan",sujet_principal,migrant,aucun,False,evenement_date,1633,False,True,pertinent
2022-03-24T05:46:56+00:00,OHCHR,Droits humains & presse,Women’s human rights and gender-related concerns in situations of conflict and instability,https://news.google.com/rss/articles/CBMitAFBVV95cUxOT1RVRTk0eURGVm9uY2pJd3dwNklzZTJQRktMZTZ2MEk5WmNaT2JabFlKT21pTjcxUFJUaS1sNW1nLUlIeDkyTjhaRWo2V0VKbXZ6NUVWajM0aVE2dGNiOTI1bmhPYXpSbEhQMFNSOGtNVWowZV92Sm5KRjFsbnpVOU9SckoySHFYLWYyeEROa1VBRGxwWmx1TGw0dDFsNkpPQTd3eEF2dUktTVdtRTZBUVBBUkY?oc=5,,16,E,BRUIT,False,Géopolitique majeure,human rights; conflict; instability,porte régionale: aucun ancrage régional,0,0,0,4,5,7,,absent,femme,aucun,False,navigation,1634,False,True,pertinent
2022-03-24T04:10:20+00:00,OHCHR,Droits humains & presse,COVID-19 Guidance,https://news.google.com/rss/articles/CBMiYEFVX3lxTE1SNUh4Y3NieEd4QmpuUm9FTmVHd2QxVVhGYjh6R1ZpbWxOQUM5aUlfcW9NQ19TNll1Z25QYVhxVGFxT09Udy1EVGhNVzA4RTFFVG9iRjQybkN5elI1V1pmcg?oc=5,,0,E,BRUIT,False,Faible priorité,,porte régionale: aucun ancrage régional,0,0,0,0,0,0,,absent,aucun,aucun,False,navigation,1634,False,True,pertinent
2022-03-24T02:58:09+00:00,OHCHR,Droits humains & presse,A HUMAN RIGHTS-BASED APPROACH TO DATA,https://news.google.com/rss/articles/CBMipwFBVV95cUxNeUN2LVdFVWp6dkVNUF9mU0trNVl1VDNVdGM1ZDhmdmNydTM2WGNHR0FWRXBNdWRFYVNVNnRuVE1pM01YUkI5ejhyOHNITVlkbEg2WG5RcFFBQzNHakc0cVB4WGk0OGh1ak9qWjFjWW1TUGJpS0ZtMTExMlBkNXc5NnN4TEN0ZVduSU5iNUl0RUpMZkx4REtYRDVJUVlCNzJZQkxFTmQ0MA?oc=5,,7,E,BRUIT,False,Faible priorité,human rights,porte régionale: aucun ancrage régional,0,0,0,4,3,0,,absent,aucun,aucun,False,navigation,1634,False,True,pertinent
2022-03-24T02:12:50+00:00,OHCHR,Droits humains & presse,Committee on the Rights of the Child,https://news.google.com/rss/articles/CBMiVEFVX3lxTE9uU0NEeWxLSWNXVmM0cC1YdFBoMFRxVG9wNXR6RmN1Q1ZzWTNhNkJ5YjBCWWl4bVpwSHZlRUlSNzJYOFhtRlZiMWdjbFh2RnFQYTJ4dA?oc=5,,0,E,BRUIT,False,Faible priorité,,porte régionale: aucun ancrage régional,0,0,0,0,0,0,,absent,aucun,aucun,False,navigation,1634,False,True,pertinent
2022-03-23T21:55:54+00:00,OHCHR,Droits humains & presse,"Convention on the Elimination of All Forms of Discrimination against Women New York, 18 December 1979",https://news.google.com/rss/articles/CBMivgFBVV95cUxQLXRxVzYwX3FwRi03UTlJbW5RSFAxNlh0U1RvbVY1TEZCZ2VGZUdXemYyOWRrTGJwQU1SRUFES3B2VHpCbExOV05xRVQtTE80bmVKWHAzUldHYVlWZHMyNk84d09Nd3JrZ25aQjlsbWtmNmxSMURvU3pVcVQ3RmstaUxiNm5odERFV0lZTDlyRHVrczNleXVjc29PUFMwVERudjE5djRTTHd2TkVVWFlxS1JLd0F2ZXZ1UERnMTd3?oc=5,,2,E,BRUIT,False,Droits spécifiques,discrimination,porte régionale: aucun ancrage régional,0,0,0,2,0,0,,absent,femme,aucun,False,navigation,1634,False,True,pertinent
2022-03-23T19:53:36+00:00,OHCHR,Droits humains & presse,National action plans on business and human rights,https://news.google.com/rss/articles/CBMipgFBVV95cUxPZHhIdW5XLTJOMWc0UE54U2p0Q002MkNHRE1icUJrQml4bXlfdldZNGdtTGp1eGVkdzZyT2VwS0JmM2NOekJEQW9RcDlBUGItYTJoNllEc1VkN1o3cHBlUS1pNXpyZWpuVXNhQ2hWcFBmNldKbHRrdEZYOEU1SU0ybTNEcHJ3N3cwa21ZY0ltallab2k0OXlNaS1GSUhqS3ZwN0o5Q3N3?oc=5,,7,E,BRUIT,False,Faible priorité,human rights; business,porte régionale: aucun ancrage régional,0,0,0,4,3,0,,absent,aucun,aucun,False,navigation,1634,False,True,pertinent
2022-03-23T18:41:20+00:00,OHCHR,Droits humains & presse,NGO Participation in the Human Rights Council,https://news.google.com/rss/articles/CBMiZ0FVX3lxTE1DU2dONVFfSDhKN0tCTEhfd05zS1ljTzViMXk5QVQtd016akZxbTVkRDJ1UXd5MDNKSjVpMVZHZ2duWGw1Q0VaYldmRVk5Z1oyOTYtczJCblA0UkR3TUNXSXRuZkhzaXM?oc=5,,12,E,BRUIT,False,Faible priorité,human rights,porte régionale: aucun ancrage régional,0,5,0,4,3,0,,absent,aucun,aucun,False,navigation,1634,False,True,pertinent
2022-03-23T18:41:00+00:00,OHCHR,Droits humains & presse,General Comments,https://news.google.com/rss/articles/CBMiZkFVX3lxTE1zVzFJdmZsUjdDamY4YXdKN2E0MC1JME9OdE9WVWRaMG9JNkpBbmwwUmNUQ2M1N1dpcGs4cGE2bGlxblJrVHVrYXV1Qy1laGJreFNNbzA3THozeHRVckRnSVZNb2Q0dw?oc=5,,0,E,BRUIT,False,Faible priorité,,porte régionale: aucun ancrage régional,0,0,0,0,0,0,,absent,aucun,aucun,False,navigation,1634,False,True,pertinent
2022-03-23T18:28:46+00:00,OHCHR,Droits humains & presse,International Convention on the Protection of the Rights of All Migrant Workers and Members of Their Families,https://news.google.com/rss/articles/CBMivwFBVV95cUxOZ2RSSWladUo1ZWdZUGhnS2loLXBLNHlSdTRwMkpxYTExWmU5R3lYR1dlVW9jWnBXMUxXRU5rOVIxY1hNRDA5aUtOeTM3TGgtM1hIb29uOVZDS1dWbEhTNnI5TVRibzl1TGNWQUFKNGp0V3RJR19XZDd0bTZIbUFZYmw0V3BZczQyY3RnR0dYalFsVGtjOERkVDlfcGpFUVhDcmJKOXlWVDQ5allIeUpoeXYwTzBvM2lCTmxiUVA2OA?oc=5,,0,E,BRUIT,False,Faible priorité,,porte régionale: aucun ancrage régional,0,0,0,0,0,0,,absent,migrant,aucun,False,navigation,1634,False,True,pertinent
2022-03-23T15:27:09+00:00,OHCHR,Droits humains & presse,Basic facts about the UPR,https://news.google.com/rss/articles/CBMiX0FVX3lxTFBia1lPdVVqemNLbm1vNnV0cExGMGlHZTVpT1BBR0FJRE1nc0dZazc3UG05SmJ5ajVWM0F4UnFoM0RwQjFpeVhoUGtWak9Ed0QzN1QwRXd0aTJDRU9DUWh3?oc=5,,0,E,BRUIT,False,Faible priorité,,porte régionale: aucun ancrage régional,0,0,0,0,0,0,,absent,aucun,aucun,False,navigation,1635,False,True,pertinent
2022-03-23T15:17:17+00:00,OHCHR,Droits humains & presse,"International Covenant on Economic, Social and Cultural Rights",https://news.google.com/rss/articles/CBMiugFBVV95cUxNWTJDN1NLbDJoWXFNSnpBNUtQNVgzVW5QX0hxaWxjZ0EzUWpua3ByMEd0ZEt5cEJ5VDVuNzRhQWdMaXVuSTVhcnk5aGg0emo0bWMxSWNRc2NiREt5RUI5b1F0R2IyT3NtUnN2NllmWm5LOW9NV1c4R2VqZ1ZCWmV0eVZJaVlXUEpYNVFrY3dTTzhOWXRPUmItM245SFZaSko5WGJJNkhaRWJHbmpNUUw0VzMybkJIV2hrN2c?oc=5,,0,E,BRUIT,False,Faible priorité,cultural,porte régionale: aucun ancrage régional,0,0,0,0,0,0,,absent,aucun,aucun,False,navigation,1635,False,True,pertinent
2022-03-23T15:17:16+00:00,OHCHR,Droits humains & presse,International Convention on the Elimination of All Forms of Racial Discrimination,https://news.google.com/rss/articles/CBMiswFBVV95cUxNdGtTSkJtQVNJdFJZX09Rd3Zxd19RMTJUTzZRSHdSaG43WkRaM3JSV3QwNVRpSXh5blc3azd1U2U2UXoxTHVzZnZoZ3dWbnI4WFZhakNBNElndTlJTXpjaG5PY1JIRzczZVRTRExMM0xnY3hSNTNSRVkyVERocVpEanV3dWV5aXptN2F0ZVRWV1BmUHdOTGRwNjZDQ0NIXzZDSkFhRUlrQlZQYUJtWEU2bGRJcw?oc=5,,2,E,BRUIT,False,Droits spécifiques,discrimination,porte régionale: aucun ancrage régional,0,0,0,2,0,0,,absent,aucun,aucun,False,navigation,1635,False,True,pertinent
2022-03-23T15:05:58+00:00,OHCHR,Droits humains & presse,HRC Home,https://news.google.com/rss/articles/CBMiVEFVX3lxTE5uZ2xqdTc1aXU3M2hoYVlheXpPZHBHWmpLaGFTM1c2QUtGU2s2YjJpY1pMdXV2SS1aY0dhZ0FCSFZXUWo3dGlmc3VBYVYxSmdFQmdZUg?oc=5,,0,E,BRUIT,False,Faible priorité,,porte régionale: aucun ancrage régional,0,0,0,0,0,0,,absent,aucun,aucun,False,navigation,1635,False,True,pertinent
2022-03-23T15:05:56+00:00,OHCHR,Droits humains & presse,OHCHR Databases,https://news.google.com/rss/articles/CBMiV0FVX3lxTFBYS2tCeGJqbjNwQU5OYjdXbE9oQ3ppRjRNT3Ffb3pyc0pkUFFVNjhYZnhheGpGV1RrQUJKTXg2T21nNDJQQTNQT0VYWXdzUHI2dHJYVkdOSQ?oc=5,,0,E,BRUIT,False,Faible priorité,,porte régionale: aucun ancrage régional,0,0,0,0,0,0,,absent,aucun,aucun,False,navigation,1635,False,True,pertinent
2022-03-23T15:05:54+00:00,OHCHR,Droits humains & presse,What are human rights?,https://news.google.com/rss/articles/CBMiWkFVX3lxTE9xRUxNTFQ5LWtkWkh2TnRlZ3FKOXFJOWltTTBud20zS0x2aGtRYWpaNXRxQ0JwSTBoVnhEX0lZbU9xQ285U1VXbGNuaGtMeVg4cDV3WE5VQjVMZw?oc=5,,7,E,BRUIT,False,Faible priorité,human rights,porte régionale: aucun ancrage régional,0,0,0,4,3,0,,absent,aucun,aucun,False,navigation,1635,False,True,pertinent
2022-03-23T15:05:53+00:00,OHCHR,Droits humains & presse,Work and study opportunities,https://news.google.com/rss/articles/CBMiTkFVX3lxTE9RTTVIMEZocTZsLWN4V2ZsVkxTYkVUaVZnY3Z3TjVrLXVFbXJWenNpcUdSTU1qOXFSakVqRld2RmRNc0g3MkFxd3d2NE1nUQ?oc=5,,0,E,BRUIT,False,Faible priorité,,porte régionale: aucun ancrage régional,0,0,0,0,0,0,,absent,aucun,aucun,False,navigation,1635,False,True,pertinent
2022-03-23T15:05:53+00:00,OHCHR,Droits humains & presse,Media Centre,https://news.google.com/rss/articles/CBMiTkFVX3lxTE9KOEZndEo1WWdfUUJOV1JBbTN0VkFnT2M5QXZtNld1cmJFY2haQ1F2WVlJa0VvVXdwVWI3Nlg2cTVMNHptZ1lfLXRnVWdBQQ?oc=5,,0,E,BRUIT,False,Faible priorité,,porte régionale: aucun ancrage régional,0,0,0,0,0,0,,absent,aucun,aucun,False,navigation,1635,False,True,pertinent
2022-03-18T07:00:00+00:00,AP News — Kazakhstan,Médias indépendants,3 cosmonauts arrive at space station in yellow and blue,https://news.google.com/rss/articles/CBMiuAFBVV95cUxNUlVEVkp0a0FJb3VRUWpwSkNsOVBLVkI5bWdKdVUxYXpaRDNvZDNYTFF3R1dtMTA2bl94Q2VPVl9xX01ZSmVGNHE2V2NoTzNRWkREM1EzSWZoR0FjLUtJaWFGdU1tM1FzU2xyQVhhN2t3bkRkbk03bjZ1STYtM0p5ZHl3RFhKc0loYnZpMWU4YjZ2QnZ5d01qbllTX2E0YjUzcTVkYWF0VFVzeFFXcFBiREwtc1EtX2p2?oc=5,,0,E,BRUIT,False,Faible priorité,,porte régionale: aucun ancrage régional,0,0,0,0,0,0,,absent,aucun,aucun,False,navigation,1640,False,True,pertinent
2022-03-15T07:00:00+00:00,AP News — Turkmenistan,Médias indépendants,Turkmenistan leader’s son wins presidential election,https://news.google.com/rss/articles/CBMiwAFBVV95cUxOalo3WU9QYndUdVFTbkpiWm05YjBRSkl4NlFtdks5eTU2ZmY0S3R0X3NBZnduUE5hbTVjZGZMS2lSMV91bVZnVkhiZW42NjNxRExJUXloaFZSZEhrMVZKOVVfM2FxMjBTNWFOSEVHR0NKanFzNEJLOG42cU54UFB1S2NVdjBOY3BIQ0huNnpCTVZLMGtLY0pRLTFRQ0hLR2pRNEVMQVUzampYaFFMZ09kaWRpbXFfbWlvUVE3OG5PN0s?oc=5,,14,E,BRUIT,False,Politique intérieure,turkmenistan; presidential; election,Asie centrale: turkmenistan; plafond V9: aucun ancrage HR principal,12,0,0,0,2,0,turkmenistan,sujet_principal,aucun,aucun,False,navigation,1643,False,True,pertinent
2022-03-05T08:00:00+00:00,Human Rights Watch — russe,Droits humains & presse,"Украина: Дискриминация иностранцев, которые пытаются выбраться из страны",https://news.google.com/rss/articles/CBMiWEFVX3lxTFBJekxyQThsRWsyOUtmU19aSXRnT2RlMnFfZGYxQnZESFJybnRWa01OLXFjVjQzTHliMjR3U1l3MkJmNUowNVBnNHRsX0tLNEN0UXkzTlg1WXM?oc=5,,12,E,BRUIT,False,Géopolitique majeure,украина,porte régionale: aucun ancrage régional,0,0,0,0,5,7,,absent,aucun,aucun,False,navigation,1653,True,True,pertinent
2022-03-03T08:00:00+00:00,AP News — Uzbekistan,Médias indépendants,"US women to play Uzbekistan in Ohio, Pennsylvania in April",https://news.google.com/rss/articles/CBMiyAFBVV95cUxQOEx0T0VWWkhOdWNfXzVYLUxaMHlLMWt1S19SZjlZWGpGaFdtYnRmcHhtUGlXR3I1c2J5bUMwTDFYRmVlWHN2Sm8zT3NJQVVfUU10NllXTHVGSEI1OEI0RTBDY0RfVGd2UlBxZEJ4WjktSTN4U21COEJXR0RBMnc0ZG00MTVvOGRHUmRncXF2RWE3dGNXTl9YZ3VRMGdyQlJkaUJFeHFjclVFa05xY2M2VHVWOTVLQXNWVlZQWEs1RzN1OHFOU1NKSw?oc=5,,12,E,BRUIT,False,Faible priorité,uzbekistan,Asie centrale: uzbekistan; plafond V9: aucun ancrage HR principal,12,0,0,0,0,0,ouzbekistan,sujet_principal,femme,aucun,False,navigation,1655,False,True,pertinent
2022-03-01T08:00:00+00:00,Human Rights Watch — russe,Droits humains & presse,Украина: Российский кассетный боеприпас попал по больнице,https://news.google.com/rss/articles/CBMiWEFVX3lxTE9JYmktWjZJb2tPMGxvM2FxRy14SkxrSXJnU3ZpN0ExTE4xMlpOUG9hazJvbnVnSWZ1X0hNSFpXeERJMkJNOFY5TTJ2ei1lOF80X2FkNEhyQ2Q?oc=5,,12,E,BRUIT,False,Géopolitique majeure,украина,porte régionale: aucun ancrage régional,0,0,0,0,5,7,,absent,aucun,aucun,False,navigation,1657,True,True,pertinent
2022-02-28T08:00:00+00:00,Human Rights Watch — russe,Droits humains & presse,"Россия, Украина и международное право: оккупация, вооруженный конфликт и права человека в вопросах и ответах",https://news.google.com/rss/articles/CBMiWEFVX3lxTE9vcWxvQ1h5clNjR2lnc194X3VDTU9ZZ3lONDhOb0lZWHJ1Z0hPbEREbkJYNUh1RGE1RWs5REZRLUZkRDJsREtrLVhJdUw3Tzg2ODRsVWxzX2k?oc=5,,16,E,BRUIT,False,Géopolitique majeure,права человека; вооруженный конфликт; россия; украина,porte régionale: aucun ancrage régional,0,0,0,4,5,7,russie,sujet_principal,aucun,aucun,False,navigation,1658,True,True,pertinent
2022-02-24T08:00:00+00:00,Centre1,Médias régionaux,Операция на Украине — Россия снова одна против нацизма,https://news.google.com/rss/articles/CBMikgFBVV95cUxPMXk1bm1ibGctMVFuaXNkRWpFREpXQVdQQm0xZjZUS0VDN1ZyaGtSQVhFczBKdEpJQUlhbE1ULVBJZjNJRGhQeTc1Ymg4TUhyR245VGpUTGZieVVHLWhYTzBoODgwbDhNRFZha3o3dFNwbGw0RlM3VGtzLUVXajAzSHZZMjlrNVdCNHhqOTVqdUVuQQ?oc=5,,12,E,BRUIT,False,Géopolitique majeure,россия,porte régionale: aucun ancrage régional,0,0,0,0,5,7,russie,sujet_principal,aucun,aucun,False,navigation,1662,False,True,pertinent
2022-02-18T08:00:00+00:00,International Crisis Group,Sécurité & géopolitique (think tanks),Turkey’s PKK Conflict: A Regional Battleground in Flux,https://news.google.com/rss/articles/CBMiqwFBVV95cUxNOEFlcm5wUWtFTGxmc2hOODRDRkxqU0FkaG9DeVdETlc0Z0tBemc3Tm5sbUw5Y1FzTUVhS2lZcFpSb0h3cjFCdUg1TXQwRlhOWk16MmRpbkZlZXdsRlFrY0J1RDBSR0F5RHBLS1dfMGZKMURRUXJid2JpVkpjUm5rU1F0WUZ4Nk5tU3FTWmNoUFdUWllsVTlLUmlUV0E1RUxJUjFleUY3TFlLSUk?oc=5,,12,E,BRUIT,False,Géopolitique majeure,conflict,porte régionale: aucun ancrage régional,0,0,0,0,5,7,,absent,aucun,aucun,False,navigation,1668,False,True,pertinent
2022-02-12T09:09:30+00:00,Al Jazeera — Turkmenistan,Médias indépendants,Turkmenistan to hold early presidential election on March 12,https://www.aljazeera.com/news/2022/2/12/turkmenistan-to-hold-early-presidential-election-on-march-12,,24,E,FAIBLE,False,Politique intérieure,turkmenistan; central asian; journalists; reporters; presidential; election,Asie centrale: turkmenistan; géographie confirmée dans le corps; plafond V9: aucun ancrage HR principal,15,7,0,0,2,0,"turkmenistan, autre, afghanistan, russie",sujet_principal,"journaliste, citoyen_ordinaire",aucun,False,evenement_date,1674,False,True,pertinent
2022-02-09T08:00:00+00:00,Human Rights Watch — russe,Droits humains & presse,Казахстан: Произвольные аресты и избиения протестующих,https://news.google.com/rss/articles/CBMiWEFVX3lxTE9TbzdwMWFfbGE4c3FaRG1kRVVFQlpBdW4wQVlaMkF2dGpYNS1PNGMzUUcwNlhyTHZNRzBGcXZaeUFYRHdfOTJnOVhpelhPRFlzc09fa3RqM0M?oc=5,,23,E,FAIBLE,False,Répression / droits humains,казахстан; казах,"Asie centrale: казахстан, казах",12,0,5,0,6,0,kazakhstan,sujet_principal,aucun,detention,False,navigation,1677,True,True,pertinent
2022-01-31T08:00:00+00:00,Human Rights Watch — russe,Droits humains & presse,"Казахстан: Убийства, применение избыточной силы в Алматы",https://news.google.com/rss/articles/CBMiWEFVX3lxTE1UMEcyTGhDZmpPM1ZXV3pXcEg5bmVURXppblR0b0RDQ3ktMEZBbnpUYUJRTWphTy1qTWNOMHd6eXQ2bWlWbHJSNUdUcFE2bXUzdk11YmFSckU?oc=5,,12,E,BRUIT,False,Faible priorité,казахстан; алматы; казах,"Asie centrale: казахстан, алматы, казах; plafond V9: aucun ancrage HR principal",12,0,0,0,0,0,kazakhstan,sujet_principal,aucun,aucun,False,navigation,1686,True,True,pertinent
2022-01-27T17:13:47+00:00,Al Jazeera — Turkmenistan,Médias indépendants,"India’s Modi, Central Asian leaders pledge closer economic ties",https://www.aljazeera.com/economy/2022/1/27/indias-modi-central-asian-leaders-pledge-closer-economic-ties,,22,E,FAIBLE,False,Faible priorité,central asian; kazakhstan; uzbekistan; kyrgyzstan; tajikistan; turkmenistan; reporters,Asie centrale: central asian; géographie confirmée dans le corps; plafond V9: sujet non-HR,15,7,0,0,0,0,"autre, kazakhstan, ouzbekistan, kirghizistan, tadjikistan, turkmenistan, iran, afghanistan",sujet_principal,"journaliste, femme",aucun,False,evenement_date,1690,False,True,pertinent
2022-01-19T08:00:00+00:00,Human Rights Watch,Droits humains & presse,New Language Requirement Raises Concerns in Ukraine,https://news.google.com/rss/articles/CBMijAFBVV95cUxNR0JkN3F6Tm5qQmNOMVBiQjZmNW82a042aWNmcEFwb2FDNUVEZHZTcHFTYjVuYkJ5elhYQWNsUzBNRU5jTk5mYURNamFkMGxOaVExWHgxZWFITWRwR29rTTlhckJlMFdXWGFVTWpzLW12T2dNV2tLTDRqMFkwZkpXX19RN21wOXd1Y2ZUYQ?oc=5,,12,E,BRUIT,False,Géopolitique majeure,ukraine,porte régionale: aucun ancrage régional,0,0,0,0,5,7,,absent,aucun,aucun,False,navigation,1698,True,True,pertinent
2022-01-13T06:07:24+00:00,Human Rights Watch — russe,Droits humains & presse,"Готова ли демократия проявить себя, когда авторитаризм стоит в оборонительной позиции?",https://news.google.com/rss/articles/CBMimgFBVV95cUxORm5Ra2Y2UUNtWjJsYWpDMHFFNTZzRkZKQTl2dE9neHJKNFF4UURILXZXbXNGZHgwYWYydUFhTy1MUDlkX0FkWlk4aWNodGdPVDdsSjg3WXp0NVRfNWM4WmpESE9LWlNidEhRX3JKQk1KMmRTRlo0UVZwMExMMWZoZ0FMc3ZmMGJpQUxwTHhzbEFGMnJwZjhRMWZB?oc=5,,0,E,BRUIT,False,État de droit / espace civique,,porte régionale: aucun ancrage régional,0,0,0,0,0,0,,absent,aucun,aucun,False,navigation,1704,True,True,pertinent
2022-01-12T08:00:00+00:00,Human Rights Watch — russe,Droits humains & presse,Всемирный доклад 2022,https://news.google.com/rss/articles/CBMiUkFVX3lxTE9ULTFkdVlONWhSdlFZcXVzUmJOOUg3TmtSeF9saElBVEFISlE4eTVpMjVOQ2loZUQtRlZBNEdwWGRBd1FpZnk4R1llNExvZ3NBTEE?oc=5,,0,E,BRUIT,False,Faible priorité,,porte régionale: aucun ancrage régional,0,0,0,0,0,0,,absent,aucun,aucun,False,navigation,1705,True,True,pertinent
2022-01-08T08:00:00+00:00,AP News — Kazakhstan,Médias indépendants,Kazakhstan adds uncertainty to talks with Russia on Ukraine,https://news.google.com/rss/articles/CBMiowFBVV95cUxOenN4TVlMMzZJZ29idG54SFV6TlAxNUhfUHFDWTJXc25JQlQwSW9yYTBvY3VjQ1dPWG5fcUt4UzgwckdJMGZlTkdsTW5ZU0p3ZC05UngzZjdMNEg0b1VXcDNtRHNYaVZoaG1tT2d6ZkdQODNRWklmTWJZMmhKVVVjMDNMT2FodGt3d1RjeXhWX1pWYXJUTThiVFdWU1JyTlBOVkVF?oc=5,,14,E,BRUIT,False,Géopolitique majeure,kazakhstan; russia; ukraine; talks,Asie centrale: kazakhstan; géopolitique / économie ordinaire; plafond V9: aucun ancrage HR principal,12,0,0,0,5,7,"kazakhstan, russie",sujet_principal,aucun,aucun,False,navigation,1709,False,True,pertinent
2022-01-08T08:00:00+00:00,Human Rights Watch — russe,Droits humains & presse,Казахстан: Отменить приказ открывать огонь на поражение,https://news.google.com/rss/articles/CBMiWEFVX3lxTE9QeWJ1QlV3X3RLY1RmNFNqV01jeXltT1JnSWR6cnZ3WmVYckM1eUNVWDVlSmtDZXVaWl9reGtHaU94cjl3SFZwMENNcWF0TzZIRFJ0bW9XaHU?oc=5,,12,E,BRUIT,False,Faible priorité,казахстан; казах,"Asie centrale: казахстан, казах; plafond V9: aucun ancrage HR principal",12,0,0,0,0,0,kazakhstan,sujet_principal,aucun,aucun,False,navigation,1709,True,True,pertinent
2022-01-06T08:00:00+00:00,AP News — Kazakhstan,Médias indépendants,EXPLAINER: What’s behind unrest rocking oil-rich Kazakhstan,https://news.google.com/rss/articles/CBMiogFBVV95cUxPdjNnaDBDbUlmNjNkaERVZUdadC1KdWdtNnAxeFVxdkpJdjlyX08weVNmT2VKTGtHZlhvZHloQzJaY1VjSGJmQm9sOVZOOWVCd2c4b1lJTjV5aFFWVnYzbXJSMTd1RVJWOUhZSWhXMTYtMXJQbW55MnJRRmhKZGQ5N0xKazZRY25GcTFRYXRNZ3J3YTVxeU8wZ2U4cU43MFA0YlE?oc=5,,12,E,BRUIT,False,Faible priorité,kazakhstan,Asie centrale: kazakhstan; plafond V9: aucun ancrage HR principal,12,0,0,0,0,0,kazakhstan,sujet_principal,aucun,aucun,False,navigation,1711,False,True,pertinent
2022-01-06T08:00:00+00:00,Human Rights Watch — russe,Droits humains & presse,Казахстан захлестнула волна протестов и насилия,https://news.google.com/rss/articles/CBMiWEFVX3lxTE1meE8tWl85UHBWU2pLWTBzZUFqc1ExcjdlUzA3VUNZVHA5X3gtM0dEYXJvZnJENWdLOGZKaUtjNnNyOG52azU5MDlfbGVTWl9tYl94NHpnMHg?oc=5,,12,E,BRUIT,False,Faible priorité,казахстан; казах,"Asie centrale: казахстан, казах; plafond V9: aucun ancrage HR principal",12,0,0,0,0,0,kazakhstan,sujet_principal,aucun,aucun,False,navigation,1711,True,True,pertinent
2022-01-03T08:00:00+00:00,OHCHR,Droits humains & presse,"Berkeley Protocol on Digital Open Source Investigations: A Practical Guide on the Effective Use of Digital Open Source Information in Investigating Violations of International Criminal, Human Rights and Humanitarian Law",https://news.google.com/rss/articles/CBMitAFBVV95cUxPSjRzNEdiT2FmM3Z3MWg1UEFzWWhveHNhbGlHVC1hM1JPU0xZdUx5ck12VjFvdmFyVV9RQTVKbTctOGFXTF8xaGd1eF84SGpOZll0R1JUQThIY3FERlJTS1ZUSEhneHVFejhtT0o1eGNlRXZndmYyczdXelNKaDFJemRNOGVHOGdaMGh0WWJfQkw3dDNGM25VRF90TFpRQ1JFVk5zWVhJYjlQeWIyVmxacHVWVmw?oc=5,,7,E,BRUIT,False,Faible priorité,human rights,porte régionale: aucun ancrage régional,0,0,0,4,3,0,,absent,aucun,aucun,False,navigation,1714,False,True,pertinent
2021-12-29T12:04:35+00:00,International Crisis Group,Sécurité & géopolitique (think tanks),Ten Conflicts to Watch in 2022 | International Crisis Group,https://news.google.com/rss/articles/CBMiT0FVX3lxTFBEZ3N3ZkZVVHkycGtwYXJwVzhkTGcyTVRtZHJ4ZnJETDV2SFR0eWhzeEZ4Qmp2bTh2UzhIRW9NTnVWbWZONGQyTlNSRk5iekE?oc=5,,0,E,BRUIT,False,Faible priorité,,porte régionale: aucun ancrage régional,0,0,0,0,0,0,,absent,aucun,aucun,False,navigation,1719,False,True,pertinent
2021-12-10T08:46:30+00:00,International Crisis Group,Sécurité & géopolitique (think tanks),How Climate Change Fuels Deadly Conflict,https://news.google.com/rss/articles/CBMiT0FVX3lxTE5yR2RqOUZqZUZGQm44Y0lwbld1SG45ZnlVcEZyS2Q3NkhkZ2NDUmlWSWR2eXdRMzdXb0NPRTJSZE1xNzVzZUpiaXBYRUpJT1U?oc=5,,12,E,BRUIT,False,Géopolitique majeure,conflict; climate,porte régionale: aucun ancrage régional,0,0,0,0,5,7,,absent,aucun,aucun,False,navigation,1738,False,True,pertinent
2021-12-07T08:00:00+00:00,International Crisis Group,Sécurité & géopolitique (think tanks),Vietnam Tacks Between Cooperation and Struggle in the South China Sea,https://news.google.com/rss/articles/CBMiuAFBVV95cUxObVJ1QUd2MU9XMVZDRW9LY0IzaUlBNFlwbUxIY2k3empFLWNDeXc1R2N3RHVmT1liTlBGdHdQSnowOXZGQWVFWDlSSTN4Y2kzSG82eVNSMnhza0ExOGZCeFJLYktTVnVZSFJnbTQyTi1FMWdVYUdINEhXWmJDeml6Zk5SaEFxNkx6QVF4eHZSRnNwZ3ZkYmxjYU54RmM5UWFUeTBaME1CcXRIQ0JoeHVjVFdDVVNSSXdq?oc=5,,12,E,BRUIT,False,Géopolitique majeure,china,porte régionale: aucun ancrage régional,0,0,0,0,5,7,,absent,aucun,aucun,False,navigation,1741,False,True,pertinent
2021-11-27T08:00:00+00:00,CIDCA (Chine),Médias officiels (contrepoint),Luban Workshops boost vocational training for African youth,https://news.google.com/rss/articles/CBMiWkFVX3lxTE5mdEpHSmZpdEU4N212QmpHcGxpWDBWTVN5TFJzamk0NzFJbktGOWptTmc3YmxpS2FsMmxyS2c2aFF2YW5nZ3gtZXUydmtlcmJxNnluUXNZUF9UQQ?oc=5,,0,E,BRUIT,False,Faible priorité,,porte régionale: aucun ancrage régional,0,0,0,0,0,0,,absent,aucun,aucun,False,navigation,1751,False,True,pertinent
2021-11-13T08:00:00+00:00,AP News — Kazakhstan,Médias indépendants,Mbappe hits 4 as France routs Kazakhstan 8-0 to reach WCup,https://news.google.com/rss/articles/CBMiswFBVV95cUxNU1hjQXdCQnRvbm9CcDFFUkYtbWFySms4bVFhZG9zSjlHSnhiMGlXSjNhMFlDY2ZiZVVqRC1EUW1PQUowdFVfN2d6YmZFVDBBeUNhdmd2cTN4ODVwZmEwVlJSN0ZXRXhpREZ3b1RhWEFuYTAzVFhtNzJOWUU5b29MeXpTUC1FWjZvRnNjUVRiVEszeThZVkRVZnVlNF9xcTl1Wmpzc2k0Z2tmbEFhaUc4d1dnUQ?oc=5,,12,E,BRUIT,False,Faible priorité,kazakhstan,Asie centrale: kazakhstan; plafond V9: aucun ancrage HR principal,12,0,0,0,0,0,kazakhstan,sujet_principal,aucun,aucun,False,navigation,1765,False,True,pertinent
2021-11-04T07:00:00+00:00,International Crisis Group,Sécurité & géopolitique (think tanks),A Broken Canopy: Deforestation and Conflict in Colombia,https://news.google.com/rss/articles/CBMiugFBVV95cUxOT3F2QW5RY21WTk43TzRtdHRmWko4cVU2dGNkYXZ3WVB0UWhfdVVHQ1RKUENYQzRaQnBibUpJS1QtR04zZWtvRHYzbjNMR0NwVVRwR0VzQ3FxVF8zeW5DYnh1VE44YTJfN2lPUjRhTFUyUVBsejA0d25wbG9TTDdETkxCOFVIWncyTzN3NF9EMGRHYjBqM1FTdXRnSkxfaXNncG1rRzdqOGNPRGpLMmYyTm1DaFJzRkFZcVE?oc=5,,12,E,BRUIT,False,Géopolitique majeure,conflict,porte régionale: aucun ancrage régional,0,0,0,0,5,7,,absent,aucun,aucun,False,navigation,1774,False,True,pertinent
2021-10-26T07:00:00+00:00,Human Rights Watch — russe,Droits humains & presse,Можно ли изжить авторитаризм?,https://news.google.com/rss/articles/CBMiWEFVX3lxTE9GRVRtSVFDeC1mTkZGa1AwU1V0bGtxWjdfVVV4dVAtejRVRWZKUTBheUhZSGNKNThfN1ZtX0tHVU1pX2h3MklIejYySjVWenRQendTV2N2dXM?oc=5,,0,E,BRUIT,False,Faible priorité,,porte régionale: aucun ancrage régional,0,0,0,0,0,0,,absent,aucun,aucun,False,navigation,1783,True,True,pertinent
2021-10-25T07:00:00+00:00,Swiss Political Science Review,Économie & recherche,Clarifying and Defining the Concept of Liquid Democracy - Valsangiacomo - 2022 - Swiss Political Science Review,https://news.google.com/rss/articles/CBMiZEFVX3lxTE55RUJQMWNMemRDNlJGYzJXdVN5VnJYTnZpcWw2NjJqMTJKbDhrQ25VR0VKNktMV2NRZmRFQzRUM0J5bnVwQ0Y5UkFJRDNJU3FaME9GZkVORHVpZDJseVY2SVhUcGI?oc=5,,0,E,BRUIT,False,Faible priorité,,porte régionale: aucun ancrage régional,0,0,0,0,0,0,,absent,aucun,aucun,False,navigation,1784,False,True,pertinent
2021-10-05T07:00:00+00:00,AP News — Kazakhstan,Médias indépendants,Russian film crew in orbit to make first movie in space,https://news.google.com/rss/articles/CBMiugFBVV95cUxNbjV2RE1wcjRaanVtMi1FaS1GbGhGbW5MUXF3TWVEUFpIU19lSmgwNng3U09VaTM4WjRzWXJ3ZXI3MTdjTHBEX3h1b3NQa1hmNHU2Qmg4dXNCbjZ6ZmZaMTVuZnNSVGpQNVJOMWZVYzlRSWVkaXJMZTZwLTRaOVVPNmdaT2Z3SV9WYnR5ZmtWMFcxWXZIeG53VHVfVG9WeHhVS2ZjOS1HeGZLWk1fSTRhbDJEamd0SHY4Vmc?oc=5,,0,E,BRUIT,False,Faible priorité,,porte régionale: aucun ancrage régional,0,0,0,0,0,0,,absent,aucun,aucun,False,navigation,1804,False,True,pertinent
2021-10-02T07:00:00+00:00,CIDCA (Chine),Médias officiels (contrepoint),CIDCA chairman talks about China’s emergency humanitarian assistance to Afghanistan,https://news.google.com/rss/articles/CBMiWkFVX3lxTE93dTBtTmxCcVVpRHhsSHBCZjJNcnIzWTZjOXEyQXNwdWc4RnBXa0N2akxWb0hXaTBXNTVoNEdVOXhCallta0dKcmxjQS1INFdaR09uaElPU1JyQQ?oc=5,,2,E,BRUIT,False,Géopolitique majeure,china; afghanistan; talks,géopolitique / économie ordinaire; porte régionale: aucun ancrage régional,0,0,0,0,5,7,afghanistan,sujet_principal,aucun,aucun,False,navigation,1807,False,True,pertinent
2021-09-27T07:00:00+00:00,AP News — Turkmenistan,Médias indépendants,Turkmenistan marks independence anniversary with big parade,https://news.google.com/rss/articles/CBMitwFBVV95cUxPX191U1I5RG5iNDh3b1dCVGk2b01Lakl0R3R2ZnltVFNVSTJrNGJPRXVVTFA1ZXJxY0VBTzl6dDFlaEZsZC11MldMZHFWRlh4ampxNWE4MDdjbUtucEQ4NzlXeVg2V2R4NDRiaDh5azhtN0FYbXNrTVBIWGtmcDRIcXpJNGFHZDVrQUVxbjFSclNtVTh6QmFSaklTeGI2TVNVMTB3TVdLYVhpVko5TzJSMGNkSjVCRXM?oc=5,,0,E,BRUIT,False,Histoire / culture / contexte,turkmenistan; anniversary,Asie centrale: turkmenistan; histoire / culture; plafond V9: aucun ancrage HR principal,12,0,0,0,0,0,turkmenistan,sujet_principal,aucun,aucun,False,navigation,1812,False,True,pertinent
2021-09-11T07:00:00+00:00,AP News — Turkmenistan,Médias indépendants,Viva Ronaldo: Cristiano’s 2 goals on glorious United return,https://news.google.com/rss/articles/CBMiqwFBVV95cUxNeXIzZHlsdkpMcjVCUHo1WUdubUg1UTQ5emtqSFJNRl8yd2N2QXVVcVRWVUVqOTdMMHQ3S1hvTVk2WDVJOTRrNUpkZURyN3dnNlVQWjE2WUdIc0pfWUJTSjV1VDNUVzY4WXhtU1RIWUlSWndCYWkxbGI5YmpfaXBEOFFxTlhsNF9aRzI1SngwNGFSakhnN2ZCdmcwYTBmLVZka00xUU9rSHJMdEk?oc=5,,0,E,BRUIT,False,Faible priorité,,porte régionale: aucun ancrage régional,0,0,0,0,0,0,,absent,aucun,aucun,False,navigation,1828,False,True,pertinent
2021-09-03T07:00:00+00:00,CIDCA (Chine),Médias officiels (contrepoint),Juncao technology promotes international development cooperation,https://news.google.com/rss/articles/CBMiWkFVX3lxTE80cXZ4bml3dWdCRVNIbEVvVFhpdWtEQS1NdXZTT0JZZ0xBTUoxbWtvS19yc0pZa2hrZWJjYlE0cVZMZFFrMzVoVmNjUXRqV0ZoZDlCaGFzWTN4dw?oc=5,,0,E,BRUIT,False,Faible priorité,development; technology,porte régionale: aucun ancrage régional,0,0,0,0,0,0,,absent,aucun,aucun,False,navigation,1836,False,True,pertinent
2021-08-26T05:18:44+00:00,OHCHR,Droits humains & presse,Who We Are,https://news.google.com/rss/articles/CBMiTEFVX3lxTE5DYWc1d0tMZktUV3Nvak9mc2FpQ3J5WDRIaEQ1clpaTnVmNkItS3NGUlNHMThBaVNONTM5VG96SjdiTjNWQ0J1enRXcEs?oc=5,,0,E,BRUIT,False,Faible priorité,,porte régionale: aucun ancrage régional,0,0,0,0,0,0,,absent,aucun,aucun,False,navigation,1844,False,True,pertinent
2021-08-23T15:33:27+00:00,Al Jazeera — Turkmenistan,Médias indépendants,US military presence in Central Asia unlikely amid Taliban rise,https://www.aljazeera.com/news/2021/8/23/us-military-presence-in-central-asia-unlikely-amid-taliban-rise,,30,E,FAIBLE,False,Géopolitique majeure,central asia; central asian; kazakhstan; uzbekistan; kyrgyzstan; tajikistan; turkmenistan; uzbek; tajik; bishkek; taliban,Asie centrale: central asia; géographie confirmée dans le corps; plafond V9: aucun ancrage HR principal,15,0,0,0,5,10,"autre, kazakhstan, ouzbekistan, kirghizistan, tadjikistan, turkmenistan, afghanistan, russie",sujet_principal,migrant,aucun,False,evenement_date,1847,False,True,pertinent
2021-08-15T07:00:00+00:00,George C. Marshall European Center for Security Studies,Sécurité & géopolitique (think tanks),The Causes and the Consequences of Strategic Failure in Afghanistan?,https://news.google.com/rss/articles/CBMivAFBVV95cUxPMjFPNC1aYWxtWl96cXVzWXBRNTdzRHh4ZE5nd21GNWI5NzZ2ZjNGTVo4VlB0aldCUU5aMndvNTIzZDVfSHM0RGd4NzBmbnZfMVU2STFXUmc1YVkyb2pGZFdzQXk5aXgyLUZRa2dMQWlJbHlkUU5jUWs4ZUM3NVVGbHh1RGF3Vng5eXVONlRzMmxZQXgtN1UzQWQ3ZHhoOF9MVVlyaDE0bkdzUW5Xb1dac213bnhIVkY5Qk9vNA?oc=5,,12,E,BRUIT,False,Géopolitique majeure,afghanistan,porte régionale: aucun ancrage régional,0,0,0,0,5,7,afghanistan,sujet_principal,aucun,aucun,False,navigation,1855,False,True,pertinent
2021-08-05T07:00:00+00:00,ARTICLE 19,Droits humains & presse,"Iran: Parliament's ""Protection Bill"" will hand over complete control of the Internet to authorities - ARTICLE 19",https://news.google.com/rss/articles/CBMizAFBVV95cUxPNVpkU04zZXFDMV8yUlFVLTVVM01EUlRldV9nbnlFTTUwcVE0TEVNdkF5azdmck5rakdhUWpFUTRmaVFXWXY5QXVVYzFUM0NDV1VXd1N2QzZlc0lSMWJ0QnRvNTZZMERCZDRWVzRpMlF5eVBFaWNBb1p3OXN0WXZ3LUZtcXRMVmJPN21jMkNkT1NsOHRlRkZZZV93b0NlVXg1c0FNVXdPYVVINGJNaXVNMEdRMjBYZjB2R0ZWOEdCaTZaUk94VTNLc2U2TUk?oc=5,,7,E,BRUIT,False,Politique intérieure,parliament; authorities; iran,porte régionale: aucun ancrage régional,0,0,0,0,5,7,iran,sujet_principal,aucun,aucun,False,navigation,1865,False,True,pertinent
2021-08-04T07:00:00+00:00,Human Rights Watch,Droits humains & presse,Indian Girl’s Alleged Rape and Murder Sparks Protests,https://news.google.com/rss/articles/CBMikgFBVV95cUxQRXJucW0yRV95RzVRUTd0QjA5QzhLYU9xYzNFYnkyQlJJb3UyOG1HbVVSek1tSlN0eENiWXMyNm9xZXhnN25SY2tzdy1sZlZtcjRjTE1ueTlGcHBmMUVMMFFORTdYZkZCNEZYa0RnQVJ4NTh0dDVqc1B0bG9JNXVYa0JYQnc3elg0NHRPY241eWpuUQ?oc=5,,2,E,BRUIT,False,Politique intérieure,protests,porte régionale: aucun ancrage régional,0,0,0,0,2,0,,absent,aucun,aucun,False,navigation,1866,True,True,pertinent
2021-08-01T07:00:00+00:00,AP News — Kyrgyzstan,Médias indépendants,USA’s Gray reaches 76 kg final after disappointment in Rio,https://news.google.com/rss/articles/CBMizgFBVV95cUxPSTVMUjFkd003LVBxR2pYSnlyYksxdWJ6ZVlWVVNIWjhBaG4ySHFSbHBMcXU5dUZ2ZjVvRTl6YlFYdDh6Y1JVN28yczZHM25LQ1h2eDVXbVNoQXFhdldsRDV5U1BxMzVOb0JKWGhYNW5rMDZVT3YzSFJYQUtuWVVQdVlkMmlXRV9XMGtZMExVZEtuMnJnQmp3MFJaZ3l1QktiMUZTdWxtWkNfV1NuVU42WXdzckhwc2tCV2oxVllISzhWbWtFb1hGaEV1LVJ1UQ?oc=5,,0,E,BRUIT,False,Faible priorité,,porte régionale: aucun ancrage régional,0,0,0,0,0,0,,absent,aucun,aucun,False,navigation,1869,False,True,pertinent
2021-07-27T07:00:00+00:00,AP News — Turkmenistan,Médias indépendants,Weightlifter Guryeva wins Turkmenistan’s 1st Olympic medal,https://news.google.com/rss/articles/CBMixgFBVV95cUxOalpUMFhfcF9oM3ozM0pscXhCMlc4ckZjMjJmUXExdmY0OHFrWFVsYW9JbnlmeFRzdW5renAtLVd1Sl81ejl6Wk5xVVNzSmx4eEZCV0NyZ3B2UmtIeU5mT0NtVEtrbGZXSWRGWXAxMTd4Yk0xN2tZcXlpd0NnV1VTcE5lVUZnWTZiNkdkMk12WVdJTjZDVF9hWUlPSTVrRjBLTFJNRVI1ZHE4MHB4RGZtcVZYaENZM3ZtWThaM1Jzems1NWZQX0E?oc=5,,12,E,BRUIT,False,Faible priorité,turkmenistan,Asie centrale: turkmenistan; plafond V9: aucun ancrage HR principal,12,0,0,0,0,0,turkmenistan,sujet_principal,aucun,aucun,False,navigation,1874,False,True,pertinent
2021-07-19T07:00:00+00:00,Human Rights Watch,Droits humains & presse,"Israeli Apartheid: ""A Threshold Crossed""",https://news.google.com/rss/articles/CBMie0FVX3lxTE9odjdldjJMMWRqU05mZzd1M3JQbC1hUndodTBuTHdhenhoaW5WemNiVTBmZFhUU2o4R0o0Zm54X0E3Yks2ekFJREJINVAzM3lSSXMtZTF3VFF0WjA5a1M3RXVmeUM2SFdrb0JpcUJ5SVF1OHBJYXRYMjBzaw?oc=5,,0,E,BRUIT,False,Faible priorité,,porte régionale: aucun ancrage régional,0,0,0,0,0,0,,absent,aucun,aucun,False,navigation,1882,True,True,pertinent
2021-07-08T14:01:29+00:00,CIDCA (Chine),Médias officiels (contrepoint),Luo Zhaohui,https://news.google.com/rss/articles/CBMiWkFVX3lxTE1kWHNEZEVPVGdTTElBaWxPUzltMG1wNWppZUVnTnFKZjdFTm9Cblppejc2TDZjU0RhUVF6dGpYMXZGcUV6cW5vMFNyLUVUMS1Dd0MtNTN6bW4tZw?oc=5,,0,E,BRUIT,False,Faible priorité,,porte régionale: aucun ancrage régional,0,0,0,0,0,0,,absent,aucun,aucun,False,navigation,1893,False,True,pertinent
2021-07-06T07:00:00+00:00,Human Rights Watch — russe,Droits humains & presse,Казахстан: Репрессии против критиков власти,https://news.google.com/rss/articles/CBMiWEFVX3lxTE9KSE53OWlrWHNmM0ZvOVpncEp3ckRJNzM2Y2taUzZRZlJjTkVpRXRRb3gtRnlua3gxUzRqZ1pKa3BRTFZGZVJrT2tfSEczcDRoU1N4TzdUc2g?oc=5,,23,E,FAIBLE,False,Répression / droits humains,казахстан; казах; власти,"Asie centrale: казахстан, казах",12,0,5,0,6,0,kazakhstan,sujet_principal,aucun,pression_administrative,False,navigation,1895,True,True,pertinent
2021-06-16T07:00:00+00:00,Human Rights Watch,Droits humains & presse,“My Life is Not Your Porn”: Digital Sex Crimes in South Korea | HRW,https://news.google.com/rss/articles/CBMilAFBVV95cUxPSFF4aElqSVZCOGRRblBWMlVsanFVZkJfc2VyR01zdmk0OUFjQ3R1akxxd2cyWTdwZkR6MVFqcFl5SkprSktLQUJsZHJ5dnI5ZXFPVXpQaUJpdWk1T0ozUnZYcGpWQUVDcThFbmxYSUdySU1BT25RYXJUNlRuRExXMHV3T3Vzc0JacVJEeTRiRWN5QnRo?oc=5,,0,E,BRUIT,False,Faible priorité,,porte régionale: aucun ancrage régional,0,0,0,0,0,0,,absent,aucun,aucun,False,navigation,1915,True,True,pertinent
2021-06-07T15:44:00+00:00,Human Rights Watch — français,Droits humains & presse,Bélarus | Country Page | World,https://news.google.com/rss/articles/CBMiYEFVX3lxTFA3N1g3MTRQWXRBSkUzSXpwQU02dTZTNXRCblFqLVFkT21OeVFzb2pDNXU5dmh5S2NCUUhQX09LMDJHZllZWlNJY3F6NVcyZHdoZnJhcGRTbzZLT21iMXZTaA?oc=5,,0,E,BRUIT,False,Faible priorité,,porte régionale: aucun ancrage régional,0,0,0,0,0,0,,absent,aucun,aucun,False,navigation,1924,True,True,pertinent
2021-06-07T07:00:00+00:00,Human Rights Watch,Droits humains & presse,“An Island Jail in the Middle of the Sea”: Bangladesh’s Relocation of Rohingya Refugees to Bhasan Char | HRW,https://news.google.com/rss/articles/CBMiswFBVV95cUxNVlRuc01WakYxaHNUMnYzMkxkTmxGcDA4YUJHQmNnZU9raHNvc2tSTkF0cDNJVWt2NlZNSDhmSnJtRHdxQ1FvSG1KSGkxemVRajkyYklmLUFJV1ZmbDVjY1FMTU9pMGoySkMxMDJCb0VVSjhmamQ2Z0dydGg2TFZXZHd3SkhkZEZtUEpSS0NVcUh5RGNQTDN0VEUwUkhxMDR5Vy1yZDZBUEcyTmtWY3Z5X2F6aw?oc=5,,0,E,BRUIT,False,Faible priorité,,porte régionale: aucun ancrage régional,0,0,0,0,0,0,,absent,migrant,aucun,False,navigation,1924,True,True,pertinent
2021-06-05T07:00:00+00:00,AP News — Tajikistan,Médias indépendants,South Korea beats Turkmenistan 5-0 in World Cup qualifier,https://news.google.com/rss/articles/CBMisgFBVV95cUxNdThkdVNrQmFHQk56dGtZeTkzamZWZlAzb1dQeEszT0FramRyelBGZ05mTnJHcWJXVTgxY2lrVmdIM3dKTWpELS1WTnJPcWJtUDQ0cFMzVjJ1dzIxS0NraHZvUGJ3QkNYNzByejNHTXcwa1U1Z1lua3dCWXo0aFlTTi01bEtzYjhYYm9TVVZRZnRkNVpmTFBFcXFzME5qNjd5S2RQbjdXcVgtX2djUjNFX3lB?oc=5,,12,E,BRUIT,False,Faible priorité,turkmenistan,Asie centrale: turkmenistan; plafond V9: aucun ancrage HR principal,12,0,0,0,0,0,turkmenistan,sujet_principal,aucun,aucun,False,navigation,1926,False,True,pertinent
2021-05-25T07:00:00+00:00,ARTICLE 19,Droits humains & presse,UK: European Court decision in Big Brother Watch case does not go far enough to protect free expression and privacy - ARTICLE 19,https://news.google.com/rss/articles/CBMiwwFBVV95cUxOSG52eTBNLWxnOUhyR2JMdUUzaGk0SXNLc3UyWEtfblZPaDZSMWRIUnR5WVUydGNVYjRmMmVxNV9TX0FnWkotdkFCaEVmcURXOVFBZTRSRGItODVnbmIxOXdEdkpjZ0lpX0V0YjNWdXM3X1NQWjNYQUdMbVY3WFNZWkx3amFEcTNWZ3d6Qk9OUThBeWNYckl5UVlMRnJPZ0F6YnF1eVB6UklUVGF4LV9SQW1teHdKcHNTdk9qeHN6U1d5VW8?oc=5,,0,E,BRUIT,False,Faible priorité,court decision; court,porte régionale: aucun ancrage régional,0,0,0,0,0,0,,absent,aucun,aucun,False,navigation,1937,False,True,pertinent
2021-05-10T07:00:00+00:00,Human Rights Watch — français,Droits humains & presse,Qu’est-ce que la Convention d’Istanbul ?,https://news.google.com/rss/articles/CBMikwFBVV95cUxOR1FLSFpjczdzZWRPMVJCNXJNZm82YkxIWkNDZGR6UjcxSU5iSGZFU2RhVThBVWFadk5kRDJfWEtUSHJzbW14Skp5dFYzcGQ3TWpVdVpOMDAzZzRhazZhTGVQYUxJS1d1RzRwaU93MzY0NnBJTGIxbHFkNEwySXFrSU1aMWFKVHRGazNBVGNycnNDdFk?oc=5,,0,E,BRUIT,False,Faible priorité,,porte régionale: aucun ancrage régional,0,0,0,0,0,0,,absent,aucun,aucun,False,navigation,1952,True,True,pertinent
2021-05-04T07:00:00+00:00,AP News — Turkmenistan,Médias indépendants,South Korea: North Koreans pull out of World Cup qualifying,https://news.google.com/rss/articles/CBMivgFBVV95cUxPMk5yQVZBZFQwS3pKbm9KeE52LXMxdUJqX21HTkVIM1UwR2hEOWpCZFhmOHl6MVhlRWYwZ09aN1Y3UmNqNUdibHFtZWQ1Mjdpb1BYTkk0cG9SSXpfVjFVOURQdFgwcnc5WGZwZG1wOTRlZ1cxaXRuWEptLXI1dFp6UzBuQ190VFB2RU0yMWl6dm1DcDRVY2lIOHNUYmpPcnd2dkE2MUU3SnVUX2xnLTN3UFhhZkVXZkZwOUdGMk1n?oc=5,,0,E,BRUIT,False,Faible priorité,,porte régionale: aucun ancrage régional,0,0,0,0,0,0,,absent,aucun,aucun,False,navigation,1958,False,True,pertinent
2021-04-30T17:05:33+00:00,George C. Marshall European Center for Security Studies,Sécurité & géopolitique (think tanks),Russia’s Global Reach: A Security and Statecraft Assessment,https://news.google.com/rss/articles/CBMiwgFBVV95cUxPc1NQVlItSkhqR2hyM2lKNEVELWhTNWY3R2dnSU9vdXhXbHR3WnZLQkhrMlMwVEFSTFRWbFE4QnVndWRwX1d1anJQdERnZDEzVUZzRW1jdzRWNllGeGtDQ1dVaXROamlGdVBuaGJGN3dVSmRTNnVIN1Rfd2JJTXhtMG1CQ3ljMUhKX3MtTHBrcjZ6WWhnMUxyTEYxUjdjeGNReWNEZDJleEtXSEp2T2JoS1UtMXAwWUJheWx0OVFncjZ3Zw?oc=5,,12,E,BRUIT,False,Géopolitique majeure,russia,porte régionale: aucun ancrage régional,0,0,0,0,5,7,russie,sujet_principal,aucun,aucun,False,navigation,1962,False,True,pertinent
2021-04-27T07:00:00+00:00,Human Rights Watch — français,Droits humains & presse,Des politiques israéliennes abusives constituent des crimes d’apartheid et de persécution,https://news.google.com/rss/articles/CBMitgFBVV95cUxPdG1TWVlQQmJwdWQ1eTduMUszVUs0TVVwNk5RMGtBQnZYQThhM3JMUnJZZkhDYmRoQzJuV2NwOEFhbXlQQlp2QmVtbXh0U0E4M2c2UmpJc1V2YWc2bjBFbzh0TWplUjlER20ycU9iRXNmNXFoSzFNb2NoYTRhUWRHS3hWZHRYN1FRZlFULWxxOG1lVldNX2lSVVlONXpxZHNacWRnMXFwS0FLNmwyTUZtM0tSUHI5QQ?oc=5,,2,E,BRUIT,False,Faible priorité,persécution,porte régionale: aucun ancrage régional,0,0,2,0,0,0,,absent,aucun,pression_administrative,False,navigation,1965,True,True,pertinent
2021-04-27T07:00:00+00:00,Human Rights Watch — russe,Droits humains & presse,Политика Израиля составляет преступление апартеида и преступление преследования,https://news.google.com/rss/articles/CBMiWEFVX3lxTE9aT25STnNaWnJOZFJnS0FCZWpLX1pKNGV2OHFaaDJoS2F5UE1iUjNrZXFZRDU1ZF9ERlptMnJGRHBnOU1YR1lCRG1EZlNNMlUxejVOSUJ2bDg?oc=5,,0,E,BRUIT,False,Faible priorité,,porte régionale: aucun ancrage régional,0,0,0,0,0,0,,absent,aucun,pression_administrative,False,navigation,1965,True,True,pertinent
2021-04-20T15:38:58+00:00,Amnesty International — français,Droits humains & presse,Remboursement des dons,https://www.amnesty.org/fr/refunds-of-donations/,,0,E,BRUIT,False,Faible priorité,,porte régionale: aucun ancrage régional,0,0,0,0,0,0,,absent,aucun,aucun,False,evenement_date,1972,True,True,pertinent
2021-04-20T13:40:17+00:00,Amnesty International — français,Droits humains & presse,Utilisation des cookies,https://www.amnesty.org/fr/cookie-statement/,,0,E,BRUIT,False,Faible priorité,,porte régionale: aucun ancrage régional,0,0,0,0,0,0,,absent,aucun,aucun,False,evenement_date,1972,True,True,pertinent
2021-04-15T13:31:00+00:00,Amnesty International — français,Droits humains & presse,Pages pays,https://www.amnesty.org/fr/countries/,,7,E,BRUIT,False,Faible priorité,kazakhstan; asie centrale; ouzbékistan; kirghizistan; tadjikistan; turkménistan; azerbaïdjan; arménie; géorgie; droits humains,plafond V9: aucun ancrage HR principal,0,0,0,4,3,0,"kazakhstan, autre, ouzbekistan, kirghizistan, tadjikistan, turkmenistan, azerbaidjan, armenie, georgie, iran, afghanistan, russie",mention_secondaire,aucun,aucun,False,evenement_date,1977,True,True,pertinent
2021-04-12T07:00:00+00:00,Human Rights Watch — russe,Droits humains & presse,Еще одна женщина убита в случае «кражи невест» в Кыргызстане,https://news.google.com/rss/articles/CBMiWEFVX3lxTE8xWGJSUWNUQXplaGpEeWR2dG1lSDRwN1NXbHdDYjRHVDFSQ3M3UUpBNko2VXBic2tRdUxFMGdWbzNWZnFMVGFFbXYyaHJFQTZ4SVRNOTlmcFk?oc=5,,12,E,BRUIT,False,Faible priorité,кыргызстан; кыргыз,"Asie centrale: кыргызстан, кыргыз; plafond V9: aucun ancrage HR principal",12,0,0,0,0,0,kirghizistan,sujet_principal,aucun,aucun,False,navigation,1980,True,True,pertinent
2021-03-23T07:00:00+00:00,Human Rights Watch — français,Droits humains & presse,Ouzbékistan : Les hommes gays face au risque d'abus et d’emprisonnement,https://news.google.com/rss/articles/CBMiqgFBVV95cUxOTDEyNlVabERhdzZmUkJxVHd0SVFqc3czVGZ2YjVlNmpvR2tuOFptblJBWjhsOHlGTVlCSG1wc3NqWEc4dGh4czEtQ3RNVmtINzZTTW9VWXFGdHZEY2g3TDVHNEc3Q0Rpbk5zellqci1RU1FsSFBzRnFaOEJyT3ZJcXFmNURNbUNVY3l5TzJEc2JIU1J0YU1uY0M1VGFNMUlTYWFKS0txMnowZw?oc=5,,23,E,FAIBLE,False,Répression / droits humains,ouzbékistan,Asie centrale: ouzbékistan,12,0,5,0,6,0,ouzbekistan,sujet_principal,aucun,aucun,False,navigation,2000,True,True,pertinent
2021-03-23T07:00:00+00:00,Human Rights Watch — russe,Droits humains & presse,Узбекистан: Гомосексуальные мужчины подвергаются преследованиям и лишению свободы,https://news.google.com/rss/articles/CBMiWEFVX3lxTE5qdTFWTm5yT01kUlprN2NHaFV3Mlljb3NnR0hzRy1qdGhqcGdJVHFZT1ExbGVFVmFZWWRrekF6eHp6Z0FSSFE4d3FkTE1QQlY2WHRJZU1tX0U?oc=5,,23,E,FAIBLE,False,Répression / droits humains,узбекистан; узбек,"Asie centrale: узбекистан, узбек",12,0,5,0,6,0,ouzbekistan,sujet_principal,aucun,pression_administrative,False,navigation,2000,True,True,pertinent
2021-03-04T18:53:51+00:00,Human Rights Watch,Droits humains & presse,Refugees and Migrants,https://news.google.com/rss/articles/CBMiW0FVX3lxTFBCcXNyWHRoemRmU1BHU1VCSWZ0Zjl5WVY4RE9abGlfQm0zVnB0WVVZcWNmRDhjVHI0UU1MaFFrWkdSaVNwM3hma3B3XzVDZi03S0gwemJINWRHSFk?oc=5,,0,E,BRUIT,False,Faible priorité,,porte régionale: aucun ancrage régional,0,0,0,0,0,0,,absent,migrant,aucun,False,navigation,2018,True,True,pertinent
2021-03-04T12:58:29+00:00,Amnesty International,Droits humains & presse,Cookie Statement,https://www.amnesty.org/en/cookie-statement/,,0,E,BRUIT,False,Faible priorité,trial,porte régionale: aucun ancrage régional,0,0,0,0,0,0,,absent,aucun,aucun,False,evenement_date,2019,True,True,pertinent
2021-02-26T08:00:00+00:00,Human Rights Watch — russe,Droits humains & presse,Незаконные нападения на медицинские объекты в Нагорном Карабахе,https://news.google.com/rss/articles/CBMiqAFBVV95cUxNZF9XekVQSmhITXFyZHVOZUYwdzFjN0RVdjBoVU1OUXFSNWttTnp4OFgwSXNHR3RJbk1BRkRDWmZGRmllQXFfMkJFOTV3ZEwwY1lhZ29OYmlyZmg1ZjNSRWloVi15dWJ4Yk5ZTUZ5dGhUcHpBbmtlNmh4ZU50VGt1VmQxZEp1aFFtV1dIdDZnWUtTbmpJRWo4NU83Y24ySXZ6TVphdlJDR1g?oc=5,,0,E,BRUIT,False,Faible priorité,,porte régionale: aucun ancrage régional,0,0,0,0,0,0,,absent,aucun,aucun,False,navigation,2025,True,True,pertinent
2021-02-19T08:00:00+00:00,ARTICLE 19,Droits humains & presse,Iran: Parliament passes law to further choke freedoms and target minorities - ARTICLE 19,https://news.google.com/rss/articles/CBMisAFBVV95cUxPVnp0OUtUN0Q5X0FhSzIwQzk5UVRfeHlBdXN1TE1nSGNob3dJYkpNcmhpYV9BT24xdVk4dVJQMmlQQTlQUk81X2VXRm9ObGp2S3dRUVZ2VDdZekVDRzNQNWotZ3lDRTVXUkdvc3ZIdGVWcWNDdFp3RVo0U3duX3ZUZDk1bVF6elJYaWZyazVqeHh6ZUpCMl9MVE1lME5oSTUxUkQtMUVhTTZmel9rR2VMTg?oc=5,,7,E,BRUIT,False,Politique intérieure,parliament; iran,porte régionale: aucun ancrage régional,0,0,0,0,5,7,iran,sujet_principal,aucun,aucun,False,navigation,2032,False,True,pertinent
2021-02-19T08:00:00+00:00,Sputnik,Médias officiels (contrepoint),"Eight Months After Clash With Indian Army in Galwan Valley, China Admits Its Losses",https://news.google.com/rss/articles/CBMi0AFBVV95cUxPQXR0ZTNUMFFtYkNsZHhJMXZlUWJ4UmEtcVZpMWVObDc5eDMyMUp6X0V3aDhWY1UwYkUzXzI2Zk01UzRnbklhWHp0a01yWmtoZ2gtMWt5ZE5mNEhwcDdFNEdFTFd2WjBiUWRZcTBnaDVHRi1yZk5RVmNPcUxhTEFpX0k3Qy1EWmYwWVp3MVZEWDRjajgwNWxtS0dlNml5cUlIVFZWSUM1Z2IwV3dCWkc5a1pzeGRmUFR2clU2T3hHZTdqMHF4TFhaeWlZRGpEU1dM?oc=5,,12,E,BRUIT,False,Géopolitique majeure,china,porte régionale: aucun ancrage régional,0,0,0,0,5,7,,absent,aucun,aucun,False,navigation,2032,False,True,pertinent
2021-02-11T08:00:00+00:00,Human Rights Watch,Droits humains & presse,Covid-19 Triggers Wave of Free Speech Abuse,https://news.google.com/rss/articles/CBMiggFBVV95cUxPOGQ1YUpuQm8yZHNBOGJXMEU3TUpCdnlYQ09Zc3h2d0t6ZmFfOWFoZFNrOTBZMnQzelVJbTlxaG5zdU95VnFXcFVET3NkOThLSGRmUkdjbzQ3ZVV0dm5YY2VSMGRudURFOV84ZFV6MFpUOFF6V1M1d3dDTlhKR2hDT0VB?oc=5,,0,E,BRUIT,False,Faible priorité,,porte régionale: aucun ancrage régional,0,0,0,0,0,0,,absent,aucun,aucun,False,navigation,2040,True,True,pertinent
2021-02-03T08:00:00+00:00,Human Rights Watch — russe,Droits humains & presse,Российский суд отправил Навального в колонию,https://news.google.com/rss/articles/CBMiWEFVX3lxTE03NzlkU1NhQ0JIQ3kyMmdKeC1IRWpVUHV0MUFUTVJxNkdWbGVxd3VSSTcyZFdlQlpDVUFRMVBvUkRlZHRPaF9oamRVejNCeDZzV25rYlhEelQ?oc=5,,0,E,BRUIT,False,Faible priorité,суд,porte régionale: aucun ancrage régional,0,0,0,0,0,0,,absent,aucun,aucun,False,navigation,2048,True,True,pertinent
2021-02-02T11:33:12+00:00,George C. Marshall European Center for Security Studies,Sécurité & géopolitique (think tanks),"Russian Crisis Behavior, Nagorno-Karabakh and Turkey?",https://news.google.com/rss/articles/CBMiswFBVV95cUxNSGJwTnM2dmpHSHpVVlN6MUN6Z3h6Q2JnZ3k5U0xfRFNjNmtKTlJJRHpwVVEzN0ZFYzRuX0NwQ2hERjN0U0hOUDVrbDdEN2RTMFBORTg1V2xxeHVWbll3UElPZ1BtSWx1T25PWndrX0VILU1SRHJjcHhKa0JrdDhzcEZ1QS1aNFBjSzFmZ0F3d3g5TTBUWmg1ZG1WLU9ab0lHbE1tYTcxSzBfTGpwbU9WQnJwbw?oc=5,,0,E,BRUIT,False,Faible priorité,,porte régionale: aucun ancrage régional,0,0,0,0,0,0,,absent,aucun,aucun,False,navigation,2049,False,True,pertinent
2021-01-31T19:45:53+00:00,George C. Marshall European Center for Security Studies,Sécurité & géopolitique (think tanks),The Baltic States as Targets and Levers: The Role of the Region in Russian Strategy,https://news.google.com/rss/articles/CBMixAFBVV95cUxNYzlpS05meHpjOE9jdndRMW9JYVlNRk50RndJRTVXcjFXc0k1c1pidTAtT0l5clpCcV9pbmh6azd6WWdOTnlnU1hhVjNhNGpPR0JoclhhOVBKMy1VX1FxbEZSUjRGMnVJM3VLUEhoeFE5MFJienVHVEdYZFRQekNZMXdUVHh1RFh2T0NRY0ZBR3JvdzZqNjNwQWQ2VWQ3NHU1X3ZyV0tKelpWX3JIcTlGZ05pY2pEUXJrTEpUbjM3UXZ1dHMz?oc=5,,0,E,BRUIT,False,Faible priorité,,porte régionale: aucun ancrage régional,0,0,0,0,0,0,,absent,aucun,aucun,False,navigation,2050,False,True,pertinent
2021-01-12T08:00:00+00:00,CIDCA (Chine),Médias officiels (contrepoint),White paper highlights China's progress in int'l development cooperation,https://news.google.com/rss/articles/CBMiWkFVX3lxTE9ZSzlOcl9UZW80NHVvN1R4MmhkcFFfZ3BpNlRqd1lhdzlBSkN3R09oYmFReUxvQ2MxVTM1OTc3U3JFc0ljczg0TV90SnI0YTlxTkxUNUtEVkFtQQ?oc=5,,12,E,BRUIT,False,Géopolitique majeure,china; development,porte régionale: aucun ancrage régional,0,0,0,0,5,7,,absent,aucun,aucun,False,navigation,2070,False,True,pertinent
2021-01-10T08:00:00+00:00,CIDCA (Chine),Médias officiels (contrepoint),Full text: China's International Development Cooperation in the New Era,https://news.google.com/rss/articles/CBMiWkFVX3lxTE53XzdDYTZNVGVrZkt6ZGtqNnpPcDM5NmY1M0RFN2xqeVMxN2xDUVktbmtMMlpMMGtkMG5KNkUzcVNGalZFOElaUm5QckNRNU1jY29ndWg2ZXFXUQ?oc=5,,12,E,BRUIT,False,Géopolitique majeure,china; development,porte régionale: aucun ancrage régional,0,0,0,0,5,7,,absent,aucun,aucun,False,navigation,2072,False,True,pertinent
2021-01-09T08:00:00+00:00,AP News — Kyrgyzstan,Médias indépendants,‘Brian did his job': Family remembers fallen Capitol officer,https://news.google.com/rss/articles/CBMitAFBVV95cUxNVHptenJmenRtN19xZUNKdkQ2bHczQ3A0eFdNTVdubWo4UU5lNHlCWHZUSFktMU1pcm5ndjBtckhTWEtWbXhpeElSeFJmN1NqUk9BTXpuN0dQUGw4eUs0SlY1TU1UNWdyU0NXY1ktTDg3SVlxMURGZXU4Vy01MGtKNk1MSEFCQnpFeG1MY3lvbTZyZVBxeGd3OG5MbXVkZFJWMWI1YnVRdFpnRWpPMGRfLTJIQkM?oc=5,,0,E,BRUIT,False,Faible priorité,,porte régionale: aucun ancrage régional,0,0,0,0,0,0,,absent,aucun,aucun,False,navigation,2073,False,True,pertinent
2021-01-06T08:00:00+00:00,Human Rights Watch — russe,Droits humains & presse,Узбекистан: Проблемы с регистрацией независимых групп,https://news.google.com/rss/articles/CBMiWEFVX3lxTE1KR0JwZTdFWEpZeVpXUUpySUJ6S2VZdExXZ2x2Qm80ZjB1Y1dUd3FPOWpzRDdTcTZ4ZG1jUTdTQWpUb09KdjlzUU55OWlFZnVTdUJUazdoV1I?oc=5,,12,E,BRUIT,False,Faible priorité,узбекистан; узбек,"Asie centrale: узбекистан, узбек; plafond V9: aucun ancrage HR principal",12,0,0,0,0,0,ouzbekistan,sujet_principal,aucun,aucun,False,navigation,2076,True,True,pertinent
2020-12-16T00:39:22+00:00,Human Rights Watch,Droits humains & presse,Donate to Defend Human Rights,https://news.google.com/rss/articles/CBMiZkFVX3lxTE9EbzF6RGZSS2M0bTlGc0lINjNaSkRCd0xqcWp6b3VqM3JnRHBEREdyODFKemR3VlV2RG9yN2VmZ0VRVmVWaUZkVlgzaWo5UmRpemZiVWlpSDMwSkE1NUpIVGEycGczQQ?oc=5,,7,E,BRUIT,False,Faible priorité,human rights,porte régionale: aucun ancrage régional,0,0,0,4,3,0,,absent,aucun,aucun,False,navigation,2097,True,True,pertinent
2020-12-15T08:00:00+00:00,Human Rights Watch,Droits humains & presse,Armenia: Cluster Munitions Used in Multiple Attacks on Azerbaijan,https://news.google.com/rss/articles/CBMimgFBVV95cUxOWEZLWmUwOXBURjE0bTZWbTBqMWp2ak9CT0NlUzR0alFucXVvNjNVMHQwTllndFJoMUZ0SUxWYlhoMVRaSXV0Slh0ZGtEdDg5aW0xS2J5VkFfd2Y4U085VnhmR0tIckN3V0x5VkJWUUlhSVNMVXVKcXFCLWwwbGJWdVpYX09feFVmUURZN3NqaWJOaHFWX2JoRmpB?oc=5,,12,E,BRUIT,False,Faible priorité,armenia; azerbaijan,"Caucase: armenia, azerbaijan; plafond V9: aucun ancrage HR principal",12,0,0,0,0,0,"armenie, azerbaidjan",sujet_principal,aucun,aucun,False,navigation,2098,True,True,pertinent
2020-12-14T08:00:00+00:00,Human Rights Watch — russe,Droits humains & presse,Азербайджан: Незаконные удары в Нагорном Карабахе,https://news.google.com/rss/articles/CBMiWEFVX3lxTE9LaHgydld5NGpxdUJkT0RyUk5yZFVPeWVHYi1DdGY1N0JXVXFpU3UzVDRHZ29LaWZMNW9NLTdGc1dManZ2TkdRdHd6b3h4NHdXaVhoZXJxMU4?oc=5,,12,E,BRUIT,False,Faible priorité,азербайджан,Caucase: азербайджан; plafond V9: aucun ancrage HR principal,12,0,0,0,0,0,azerbaidjan,sujet_principal,aucun,aucun,False,navigation,2099,True,True,pertinent
2020-12-03T11:13:32+00:00,ARTICLE 19,Droits humains & presse,#KeepItReal on Social Media - ARTICLE 19,https://news.google.com/rss/articles/CBMiXkFVX3lxTFBQYy1ZSDhUMEJUNEJhRjFoX1hMVGkzWjJWWlFadWNMeHdlcTctTFIxeVF2OXVodndqV0NmWjBkVnZmcFMwSXowVzRpejNLS1l5LTRmeWRVaGoxajY2Znc?oc=5,,0,E,BRUIT,False,Faible priorité,,porte régionale: aucun ancrage régional,0,0,0,0,0,0,,absent,aucun,aucun,False,navigation,2110,False,True,pertinent
2020-12-02T08:00:00+00:00,Human Rights Watch — français,Droits humains & presse,Azerbaïdjan: Des prisonniers de guerre arméniens ont été sévèrement maltraités,https://news.google.com/rss/articles/CBMitwFBVV95cUxNWlNMWWlXSTBwX1Z4TGRoWWVvb08wYzFYcVRrbUNHN3R6RmNRekZwOGJsb2FuVVA1OG1MWHJtTlE0RXU3Y0JCckV2eUZOejEycmc4NzZyQ1laei1rVGU3bzZWOEVrY0ZYY3RjSEcxdHAwQXdaNG1yZGxQdmxmLUhfbjFfanJHaEsxMWdLd2x4WTVpdjVmbDBOcEJlYnBGYUN5M200R3l1eDRCa0NSNy1vcG12ajlHVW8?oc=5,,12,E,BRUIT,False,Faible priorité,azerbaïdjan,Caucase: azerbaïdjan; plafond V9: aucun ancrage HR principal,12,0,0,0,0,0,azerbaidjan,sujet_principal,aucun,aucun,False,navigation,2111,True,True,pertinent
2020-12-02T08:00:00+00:00,Human Rights Watch — russe,Droits humains & presse,Азербайджан: Грубые нарушения в обращении с армянскими военнопленными,https://news.google.com/rss/articles/CBMiWEFVX3lxTFBWd1BmdmhEMUJmVUl5MmhxbXlCUGZCTTZJRGxWWnZRZEY0aUY5UFZUQnQxQ3NDbGtEdXJYb3RDN3BDVlVKM1gwQW9iU2haVUtuLUxVYVktc2M?oc=5,,12,E,BRUIT,False,Faible priorité,азербайджан,Caucase: азербайджан; plafond V9: aucun ancrage HR principal,12,0,0,0,0,0,azerbaidjan,sujet_principal,aucun,aucun,False,navigation,2111,True,True,pertinent
2020-11-26T08:00:00+00:00,World Uyghur Congress,Droits humains & presse,STATEMENT: WUC CONGRATULATES UERKESH DAVLET FOR HIS NEW POSITION AT THE TAIWAN PARLIAMENTARY HUMAN RIGHTS COMMISSION,https://news.google.com/rss/articles/CBMiV0FVX3lxTFA0dnJob1VqSUhKNU5MRlhoaDdNazhBR0diYjV0YmMtek9KXzQyQ255MU8xNzVjajZDQVpTM0pzanozbVpSZ05LSnBtMDdvRnFXbzYxRDNSaw?oc=5,,8,E,BRUIT,False,Politique intérieure,human rights; parliamentary,porte régionale: aucun ancrage régional,0,0,0,4,4,0,,absent,aucun,aucun,False,navigation,2117,False,True,pertinent
2020-11-17T08:00:00+00:00,Human Rights Watch — russe,Droits humains & presse,Евросоюз: Права человека должны быть приоритетом центральноазиатской повестки,https://news.google.com/rss/articles/CBMiWEFVX3lxTE1aUFB2QnFnZng2aUZSNlVlOFpiSW82TTBwWWppYm9SNmJMd2hOTHkyaHlFWWZFYUsyclZIS0MweVJ0RU1wSE9Pem94eE11WHRHX0E5LU01X24?oc=5,,16,E,BRUIT,False,Géopolitique majeure,права человека; евросоюз,porte régionale: aucun ancrage régional,0,0,0,4,5,7,,absent,aucun,aucun,False,navigation,2126,True,True,pertinent
2020-10-16T07:00:00+00:00,AP News — Kyrgyzstan,Médias indépendants,Kyrgyzstan’s prime minister becomes acting president,https://news.google.com/rss/articles/CBMiwgFBVV95cUxPbzIzRl9KNnF3Nnp6NGpqQ283d3lDbktuSDNDck9UODYzM3VoQ1U1R3VCMUZaNlllaF9ibUVPYklwdzRPY3hQdm1JZkxVYXVKRGwwN0NQc1FIRUwwbW9vS1RRM2xkbWVKMGVJV0VGbW5LTmhScXM1WV9jS1R6M201ci1ENndibEVMaVFTOURQejBxSnlueE5xdjZlMkYzY1pCR1duVXlGR1B0aWdITnFIcE1Kb1AySlFJSlRJTGJGSnhwUQ?oc=5,,14,E,BRUIT,False,Politique intérieure,kyrgyzstan; president; prime minister; minister,Asie centrale: kyrgyzstan; plafond V9: aucun ancrage HR principal,12,0,0,0,2,0,kirghizistan,sujet_principal,aucun,aucun,False,navigation,2158,False,True,pertinent
2020-10-15T07:00:00+00:00,Human Rights Watch — russe,Droits humains & presse,«Вся жизнь в Идлибе – мишень»: Сирийско-российские удары по гражданской инфраструктуре | HRW,https://news.google.com/rss/articles/CBMiW0FVX3lxTE5yMjgxcmF4cklHNXJoVVotZFFpbzRITDJCY2VVWWJ1WEY3bWpIbjBVUU5teUtBVU5vbGpDeHcybmlTQTUxZ01hMW9tVTYyTDk0OFlra0pPMFNjR0E?oc=5,,0,E,BRUIT,False,Faible priorité,,porte régionale: aucun ancrage régional,0,0,0,0,0,0,,absent,aucun,aucun,False,navigation,2159,True,True,pertinent
2020-10-10T07:00:00+00:00,AP News — Kyrgyzstan,Médias indépendants,"Kyrgyzstan bans rallies, imposes curfew to end turmoil",https://news.google.com/rss/articles/CBMitwFBVV95cUxPaHNXRVhzY20zRm45ZnduWUdrX1FMZEJBTGtUT1pMeHFJWE83b3lUZFVVUzlEalU5SkpuWldSM1E0bTh0NVZaQlpuUWUwUU5rX3BnSFFBanVGMkl6SWt1ZVhtbXVSNGhsSEtubnJNZktORmpSVFl6NXlDVDA2QmFtdV9MUmt6Y2YzQVpnNkFMN1hPSEFrQzBtZThzZk5UdDgwN0ViOEtoS19LNjlPTkdneV9tR1NGSkk?oc=5,,14,E,BRUIT,False,Politique intérieure,kyrgyzstan; rallies,Asie centrale: kyrgyzstan; plafond V9: aucun ancrage HR principal,12,0,0,0,2,0,kirghizistan,sujet_principal,aucun,aucun,False,navigation,2164,False,True,pertinent
2020-10-07T08:20:23+00:00,ARTICLE 19,Droits humains & presse,Iran: Tightening the Net 2020 - ARTICLE 19,https://news.google.com/rss/articles/CBMiY0FVX3lxTE42eGJVZ1hMdll0OTVWejlZZ0tSb2R6dUhIbzFTb0NzYU9DYkZ3aDBfa1V3VlZRU3Bub2ItN3AwWXRnM05GZjZxdVgtTk56bFd4emQ3VHdPQWVkOE5WdlhlbzdUNA?oc=5,,12,E,BRUIT,False,Géopolitique majeure,iran,porte régionale: aucun ancrage régional,0,0,0,0,5,7,iran,sujet_principal,aucun,aucun,False,navigation,2167,False,True,pertinent
2020-10-04T07:00:00+00:00,George C. Marshall European Center for Security Studies,Sécurité & géopolitique (think tanks),"Compounded Crisis in Belarus: Drivers, Dynamics, and Possible Outcomes?",https://news.google.com/rss/articles/CBMixAFBVV95cUxNVzJTTTlfeEZsMjZ4UnBFcW4zUHE4VXRVZ1ZwX3duVmJGM1ZXMmhIT1ZpYU8zOHpwRU5wQVNRUE1Qa1I5RVN0WVdIN0R0YjhOdHcyeW9SUXlIRkFzMm1WVmc5R1N3SnJkajhWWXR5VTAwZElKRUliSDRWSzlxYjZINEJVbnVNSFAxWHZ6ZDdZbW1OdHlfX2ZDLVVCdmpHd0paUVFUZlJTZGEwZUN3TWNQbEUya29KTUJJd2YzX3dmbTExTWU1?oc=5,,0,E,BRUIT,False,Faible priorité,,porte régionale: aucun ancrage régional,0,0,0,0,0,0,,absent,aucun,aucun,False,navigation,2170,False,True,pertinent
2020-09-25T07:00:00+00:00,Human Rights Watch — français,Droits humains & presse,Documenter des violences en Guinée lors de la pandémie,https://news.google.com/rss/articles/CBMimAFBVV95cUxPZlZHdjBJWHNzZU9KcFdPNWlUbnVUX2xUU3pLdERMQXlQeUZ1MjRlVDhwYUkzOGZMQUV0VUdqczhGVXZYOGFxbmtlNHhiZEkta1NKMjNvTm8xNktJQlkyazZoR040T2pGa0YtN3VnNEdqSUx0THhnb0lKcDE1NGJMVFQzdmhCejRpRWdjajJoU3JKZ1V3R25vNA?oc=5,,0,E,BRUIT,False,Faible priorité,,porte régionale: aucun ancrage régional,0,0,0,0,0,0,,absent,aucun,aucun,False,navigation,2179,True,True,pertinent
2020-09-14T07:00:00+00:00,Human Rights Watch — russe,Droits humains & presse,Пыточный конвейер,https://news.google.com/rss/articles/CBMiWEFVX3lxTE5JbGJ2Y2V2cjcycElJLV9veGdmWFZYNWFNYklVbEdrYUlDMWVmdVd2RjN5b2dDaGhlSjV3bzhJUWhjU3ZIdzMwanlrcFkwWTh6Nnp0TnpUYTI?oc=5,,0,E,BRUIT,False,Faible priorité,,porte régionale: aucun ancrage régional,0,0,0,0,0,0,,absent,aucun,aucun,False,navigation,2190,True,True,pertinent
2020-09-14T00:44:13+00:00,AP News — Kyrgyzstan,Médias indépendants,Nuclear power,https://news.google.com/rss/articles/CBMiTEFVX3lxTE1vZXhSSnN6dE5JRVVzaGktd21iMzFRUjN4TDJjRjNEVGxrMExHczNncUxQc1pMNjJfVHZ4QlhnRVpyR0NCTjQteW1mN2M?oc=5,,0,E,BRUIT,False,Faible priorité,,porte régionale: aucun ancrage régional,0,0,0,0,0,0,,absent,aucun,aucun,False,navigation,2190,False,True,pertinent
2020-09-12T10:21:32+00:00,AP News — Turkmenistan,Médias indépendants,Caspian Sea,https://news.google.com/rss/articles/CBMiSkFVX3lxTE9wNnFzOTJEMWJGSXRGZ2dNNVFfYUNaRGlOQzh1ZUdrU2Nzajh0VjZSeGpQaTA1dU4wbFJZaHlPUGtOT0hqbW9UclFR?oc=5,,0,E,BRUIT,False,Faible priorité,,porte régionale: aucun ancrage régional,0,0,0,0,0,0,,absent,aucun,aucun,False,navigation,2192,False,True,pertinent
2020-09-11T22:42:33+00:00,George C. Marshall European Center for Security Studies,Sécurité & géopolitique (think tanks),Moscow’s Calibrated Coercion in Ukraine and Russian Strategic Culture,https://news.google.com/rss/articles/CBMizAFBVV95cUxNYVVndF9OYUVsRllvOXRYclY1Q01rZlB2N29hdnMwVGlDbFNBM1NZR09JWVJXd2wtcGE4emo5QVJYVkVKdUpnZnI4ZElnT284dTc3em8wOUgzbzJ1bTF5c1ZEZ1NIeDV3aHczMGs2OUY4c3dBbUo1VF82OHhYYVhUV1A2b1lPTnlTc1hySVZGTExrUXZnaGhiMUVZZkJQMmFVMGl6d1Z2MnNXZ3V4dDduX2hDUU5LSXFQMHhTWENQOGVjRWVUUnBFTzNLY3c?oc=5,,12,E,BRUIT,False,Géopolitique majeure,ukraine; culture,porte régionale: aucun ancrage régional,0,0,0,0,5,7,,absent,aucun,aucun,False,navigation,2192,False,True,pertinent
2020-09-09T14:43:33+00:00,AP News — Kyrgyzstan,Médias indépendants,United Nations General Assembly,https://news.google.com/rss/articles/CBMiZEFVX3lxTE02bGExMFVtRVh2dkc0cXJpY0JPYktVaWEzeXF6UkZQckNGRW5vOV85OVd2U3FUS1FpbFVlaHpPT00yTWdVRHgyZm9HcGpmOUx3RHNSTzFKRFNCbTdhSzVuMEJWRGw?oc=5,,0,E,BRUIT,False,Faible priorité,,porte régionale: aucun ancrage régional,0,0,0,0,0,0,,absent,aucun,aucun,False,navigation,2195,False,True,pertinent
2020-08-22T09:05:03+00:00,OHCHR,Droits humains & presse,View Country visits of Special Procedures of the Human Rights Council since 1998,https://news.google.com/rss/articles/CBMiYEFVX3lxTE9vRnhMY2RhZ2VVRWdOTjJYblp5ckZfQV95VXQ5Y3EzN01VbkZrb21VVTZVeGNDQ3hfOHpwZm50Mlh5bFVaOXFaZWFxalZ1VWJCcWJyS0FsaVJyWmVOUTJnTQ?oc=5,,7,E,BRUIT,False,Faible priorité,human rights,porte régionale: aucun ancrage régional,0,0,0,4,3,0,,absent,aucun,aucun,False,navigation,2213,False,True,pertinent
2020-08-20T20:39:03+00:00,AP News — Tajikistan,Médias indépendants,Afghanistan News: Latest Afghanistan News Today,https://news.google.com/rss/articles/CBMiSkFVX3lxTE9nTTQ0S0wxbzlFb01wRWR3T3ZyanFaMWYtNXlLT0ROYlhPZWF5cF9SQTRTNzVTX1MweGVqcm5SWkF1VjBKWWN0ZzZB?oc=5,,12,E,BRUIT,False,Géopolitique majeure,afghanistan,porte régionale: aucun ancrage régional,0,0,0,0,5,7,afghanistan,sujet_principal,aucun,aucun,False,navigation,2214,False,True,pertinent
2020-08-17T00:24:31+00:00,Human Rights Watch — français,Droits humains & presse,Ouzbékistan | Country Page | World,https://news.google.com/rss/articles/CBMiZkFVX3lxTFBYN1F3dXM2OW0zclhKTHplMzgyaFI5MHpqSVhwSHYwZUlnWHB6WFgtYjRkSURGWFZlMjRSTTQ3anFLMXAtQzJUMlNBNkJJTlBBWE5BTjZjQkhDVHRmc3FQS1k0Tm1qdw?oc=5,,12,E,BRUIT,False,Faible priorité,ouzbékistan,Asie centrale: ouzbékistan; plafond V9: aucun ancrage HR principal,12,0,0,0,0,0,ouzbekistan,sujet_principal,aucun,aucun,False,navigation,2218,True,True,pertinent
2020-08-15T08:24:15+00:00,George C. Marshall European Center for Security Studies,Sécurité & géopolitique (think tanks),Active Measures: Russia’s Covert Geopolitical Operations,https://news.google.com/rss/articles/CBMivgFBVV95cUxOVHdLYVFHR3gyem5fbGRGSVNsVzZkbDFRYjZPdVExVXhwRk1rdXhvdTBwVl9MME1sOVcwSGQ0SFVjVl94QkxzUzhNVDlNTWVoaU9rU01ubUNaOWZfY0lZN3daMTI1aUl4eGwweXlfY3A4d2RtVnNjU1k3cEFIMWhsYmh1UVVRTzhYODJkbi1QcUx5NTlISkV5aXhzUEQ5dnhGTnZDX2FZOEllR0pKXzNqTzFyS2Y5X0RlU3lfU2xB?oc=5,,12,E,BRUIT,False,Géopolitique majeure,geopolitical; russia,porte régionale: aucun ancrage régional,0,0,0,0,5,7,russie,sujet_principal,aucun,aucun,False,navigation,2220,False,True,pertinent
2020-08-13T07:00:00+00:00,World Uyghur Congress,Droits humains & presse,PRESS RELEASE: WUC Submits Written Complaint to IOC Ethics Commission Over Refusal to Reconsider Hosting 2022 Olympics in Beijing Despite Clear Evidence of Genocide and Crimes Against Humanity,https://news.google.com/rss/articles/CBMiygJBVV95cUxQRnhiNjRMVXhLYnE0T21KVGdfaDM3NW8wa2VIaktVX0tncjM3MFNmSnBkZGFDWlZfak9VS1JiemY2cTBvVklzV1lURXpqV2t6bGdzOHdIak51TERZZ0tRcnE1NWVETDRGYXV3NmxPYnd0NUlpUFc3d3B4OHo2Q28zWXM5Qy1KZExVejNNV2I0VFhsMWRFY2lub2FJcHR2Y0JLeG9XT3RFVlI2WU54UWdBN1IxamV2ZDlpZzZUT05YMHd0akxEQnJjVXdha0kyb2N4ZjdxS3c2bnVkaDFoV2d2YWdDVGpvajNMbFZkMm5keVlCSkRnWThlTVpkdEE2a0ZCaVM1MUEwMkdpN28yWktXLWI0aS10T19CYTZFLWRRbkdnRUtUVTdJYUQ0cVZmTFB5RXpnSnNmTG1feXRGZTBlMHBfSndYaC1DeXc?oc=5,,0,E,BRUIT,False,Faible priorité,,porte régionale: aucun ancrage régional,0,0,0,0,0,0,,absent,aucun,aucun,False,navigation,2222,False,True,pertinent
2020-08-12T07:00:00+00:00,Human Rights Watch — russe,Droits humains & presse,Беларусь: Насилие и милицейский произвол в ответ на послевыборные протесты,https://news.google.com/rss/articles/CBMiWEFVX3lxTE1DMlJJYkFpLTRlSW5qRXVfZjBsVVJHTEtLU25KUTVqUE9GQmhITFFabm1BMGZXYURiQTAtbUhaU2ZVZHZ5Mjg3WGtVSWtDdjNkemVuc000eEc?oc=5,,2,E,BRUIT,False,Politique intérieure,протесты,porte régionale: aucun ancrage régional,0,0,0,0,2,0,,absent,aucun,aucun,False,navigation,2223,True,True,pertinent
2020-08-11T03:19:01+00:00,George C. Marshall European Center for Security Studies,Sécurité & géopolitique (think tanks),“Germany’s EU Presidency 2020: The Security Dimension and EU-NATO Cooperation”,https://news.google.com/rss/articles/CBMizAFBVV95cUxOalJ4S0w1N2VSUWlCR3BHeXB0aVJ3c0xWYVlYVFBXdDVaY2xZX1djcHhHVWUtYUJ1cVh3ZElQOHdTeW85RGgzYW5maTREWXpzaE9LcWpfS1BqWmowcEc5SV9FWGRuLVNycXI0bXpTZm9oUHUyWjdGQzR3eV9TY0poYTl4YW1mSmdBcmIxRmRRckNhTVQ3WlFHMG5jSzN5emMxaVBRc0VDNkJLejkyUV9PaEhlQVpmdklOY0MtYmhTeXVpVTVSS0dhRW1rNXQ?oc=5,,0,E,BRUIT,False,Faible priorité,,porte régionale: aucun ancrage régional,0,0,0,0,0,0,,absent,aucun,aucun,False,navigation,2224,False,True,pertinent
2020-07-31T21:58:54+00:00,Human Rights Watch — français,Droits humains & presse,Kirghizistan | Country Page | World,https://news.google.com/rss/articles/CBMiZ0FVX3lxTE5iSUNPZkdPaW1oT25MdUdFQU1fenEwRmlncC12T0F3SzFlRDNTemsxOXQ5U1ZfZXVLYXYtTWtuYklUNmdoeFRHRnYzUDJlNFlnOEc3Q1B5N0hBdUpFZGlhX3hCc18zSUE?oc=5,,12,E,BRUIT,False,Faible priorité,kirghizistan,Asie centrale: kirghizistan; plafond V9: aucun ancrage HR principal,12,0,0,0,0,0,kirghizistan,sujet_principal,aucun,aucun,False,navigation,2234,True,True,pertinent
2020-07-30T06:53:31+00:00,Human Rights Watch — français,Droits humains & presse,Italie | Country Page | World,https://news.google.com/rss/articles/CBMiX0FVX3lxTE9fQ3dTWFEtelpqcU5oalMyNzdiMHJvZXpLc1hZelpZY2JobkZzTkQySVNQUExYNW55bEVad0xVaEJfcFhicTZfdnZLQmtLUWJrdHdja1I1R1JON2x5dFlv?oc=5,,0,E,BRUIT,False,Faible priorité,,porte régionale: aucun ancrage régional,0,0,0,0,0,0,,absent,aucun,aucun,False,navigation,2236,True,True,pertinent
2020-07-28T07:00:00+00:00,Human Rights Watch — français,Droits humains & presse,RD Congo : Kidnappings et viols dans le parc des Virunga,https://news.google.com/rss/articles/CBMiqwFBVV95cUxQSGdNUDdwXzRwbzFxeVEwREdiajFXcWF6WjRCR1dSb09HNnhFTndPZ2J1cjJWWVVPRXYtemJTM2ZpZnhoalRSd0s5cmxCeDdoMmFudF9sQzBraFByRjZ5RWFrSkZYX2VWYVF5Rlc0Q0R0MWFRUmdUbEltOEM0V3NjaW9YcTZkR1ozT2ZGYlhzZi1LRjVhQU9WTHNVOXM1UDUxWHA3c3NzekhsdmM?oc=5,,5,E,BRUIT,False,Faible priorité,,porte régionale: aucun ancrage régional,0,5,0,0,0,0,,absent,aucun,aucun,False,navigation,2238,True,True,pertinent
2020-07-27T07:00:00+00:00,International Partnership for Human Rights,Droits humains & presse,HUMAN RIGHTS IMPACT ASSESSMENT OF THE STATE RESPONSE TO COVID-19 IN AZERBAIJAN,https://news.google.com/rss/articles/CBMiiwFBVV95cUxQODd5cnpCRzZYc2UxWXhLNzdybGE2TG9Hd096NzBZcTFzSnNzNmJHeklYdzB0b2JyRDc0RWF2S1FyMTkxNnFLMmhXaDFPQ295a29naFZWX2VXaGRUc1dFZkhNam53YlZLZDRDYUVGTW5qVVF2dDdvSXBtQS1oRFdiblJGWVZrWGFnYktR?oc=5,,19,E,BRUIT,False,Faible priorité,azerbaijan; human rights,Caucase: azerbaijan; plafond V9: aucun ancrage HR principal,12,0,0,4,3,0,azerbaidjan,sujet_principal,aucun,aucun,False,navigation,2239,False,True,pertinent
2020-07-22T23:22:18+00:00,UN Women — Europe & Asie centrale,Droits humains & presse,The impact of COVID-19 on women's and men's lives and livelihoods in Europe and Central Asia: Preliminary results from a Rapid Gender Assessment,https://news.google.com/rss/articles/CBMixAFBVV95cUxQSHRNVWllcVFlSXVFUzNtang3RnFIN2Juak5VSk0wWWJ1VGp0bmNnRTBWc19NT1JheUxTbWYtN19kZ21LMVFfOWhtV0wtSWk0MWw4a2hqeWltMWE2cHpEbEhwX0QwbWpzTFVnTVhHeXcycFBMeDAyR3dPNmFOTDl2SGE1c2VGUlM0T1ZqTGZqQkVVTXgzZ3BTTEU5bkE2V3F6VEJBS3JoamlLMVM2b2pOUUFuM214eWo1U2ZxTnRqZ2xDdXJN?oc=5,,12,E,BRUIT,False,Faible priorité,central asia,Asie centrale: central asia; plafond V9: aucun ancrage HR principal,12,0,0,0,0,0,autre,sujet_principal,femme,aucun,False,navigation,2243,False,True,pertinent
2020-07-09T10:11:58+00:00,World Uyghur Congress,Droits humains & presse,How You Can Help the Uyghur People,https://news.google.com/rss/articles/CBMiX0FVX3lxTFBVaEN0WXpnMHE2UWRqdlpnT0IyRDlGRmFtckRtU1NBUVNCYmZBcXdZSDdPM1czQ1N0V3JHMU1QaTVoUEtEbEdzQ2k2dTI4b3BObHplcGNQS3RaZGxjY2pZ?oc=5,,12,E,BRUIT,False,Faible priorité,uyghur,Ouïghours: uyghur; plafond V9: aucun ancrage HR principal,12,0,0,0,0,0,xinjiang,sujet_principal,minorite_ethnique,aucun,False,navigation,2257,False,True,pertinent
2020-07-07T05:07:17+00:00,Human Rights Watch — français,Droits humains & presse,Turquie | Country Page | World,https://news.google.com/rss/articles/CBMiYEFVX3lxTE0tOHZacHY5ZU41ZW5QbkJlNnREU3VjbVN5eHJKaXpEUThRSjF4UzVldmN6YV9BZVNDekZZdVR6U0ZUcVBWRW10d1hoUVFRUmRhNlBicHNrdHN6ZmVDTDZCMQ?oc=5,,0,E,BRUIT,False,Faible priorité,,porte régionale: aucun ancrage régional,0,0,0,0,0,0,,absent,aucun,aucun,False,navigation,2259,True,True,pertinent
2020-06-22T19:44:14+00:00,George C. Marshall European Center for Security Studies,Sécurité & géopolitique (think tanks),Russia as Peacebuilder? Russia’s Coercive Mediation Strategy,https://news.google.com/rss/articles/CBMivwFBVV95cUxQTkFOVnhObkFMR1BCSnVpUFNzUUYzeDB3MWgxNGQzbzZ2dFN5M0tzaTEwck1WR1lIcDlDakFNTDlpZFdkUF9TOGZUdDdianpNM3lJVXhKUmJYT3lPOGhfTTVxQS1RVUZ1T1VmcUxLcV9zWFdNeUdMUktqMndZTm1qUC0zY3lTTE55TGdGbDFJamtHODVUTEg0azRQZ2JKMzdMYjdMTnhKa1lscjhKdE1ja0hWWmJaa095VU9zWFNBOA?oc=5,,12,E,BRUIT,False,Géopolitique majeure,russia,porte régionale: aucun ancrage régional,0,0,0,0,5,7,russie,sujet_principal,aucun,aucun,False,navigation,2273,False,True,pertinent
2020-06-08T17:34:27+00:00,George C. Marshall European Center for Security Studies,Sécurité & géopolitique (think tanks),NATO Enlargement – Approaching a Standstill,https://news.google.com/rss/articles/CBMiqgFBVV95cUxQZWRqMXpyblBDZkRnbGwzRFlUeG5LTW1zLUNWZDlRMld0SThYNUZIb2NvVzF4Sm5QX2JaYWZwRVk0bjZHM2M3NjRVNFFad0JoVmZDOTVHTVpGMEZuRmh0VnR4VkVIaFp5RGdIRnc2LUVrVVRpT1pseDZCSk1BZU1EUV9PUnE4cjg2ZHVhN2VWUkVpZ3BDdWlvUEJyeUNSdVdUSWVoM1BaX3dGdw?oc=5,,0,E,BRUIT,False,Faible priorité,,porte régionale: aucun ancrage régional,0,0,0,0,0,0,,absent,aucun,aucun,False,navigation,2288,False,True,pertinent
2020-05-28T05:48:20+00:00,Human Rights Watch — russe,Droits humains & presse,Всемирный доклад 2020: Rights Trends in Китай как источник глобальной угрозы правам человека,https://news.google.com/rss/articles/CBMickFVX3lxTFBCdzNDUlpkdmVGdTdJc2hkM0RLQ3drcjltMXllWVNNV1l3bTFMWE40X3dxLVVIZ3VUaFpQZkJtTThVTHFaZ0ItUm5yelFKWVN2YkFQUFBxdkItZ3pTOXJlSDRkZFhla2VPZnM3T2M1MnJ4QQ?oc=5,,12,E,BRUIT,False,Géopolitique majeure,китай,porte régionale: aucun ancrage régional,0,0,0,0,5,7,,absent,aucun,pression_administrative,False,navigation,2299,True,True,pertinent
2020-05-27T21:52:47+00:00,Human Rights Watch — français,Droits humains & presse,Niger | Country Page | World,https://news.google.com/rss/articles/CBMiTEFVX3lxTFAzNS1FRW5FN2hTZEZiQVhsOW1uajdqUUVwOHEtb1d5dEZJeV9Ed1FhcWFpLXZVaWZHbVBfX3hmcG90SndWNm5hOEhwSHo?oc=5,,0,E,BRUIT,False,Faible priorité,,porte régionale: aucun ancrage régional,0,0,0,0,0,0,,absent,aucun,aucun,False,navigation,2299,True,True,pertinent
2020-05-26T19:33:58+00:00,George C. Marshall European Center for Security Studies,Sécurité & géopolitique (think tanks),Hybrid Threats and Strengthening Resilience on Europe’s Eastern Flank,https://news.google.com/rss/articles/CBMizAFBVV95cUxQNEV2RE10VkZJbHJabzZPQUh0NG1xNktGVFREQkZka00xanoxaFRGaktCMllBczJlNEllOHlhRFJWVFFsYV9lNHdOdElGZnUtUV96TXVNNG5peHJ1eXNQZFZmNzNqd2dyWlZ5ZXFOWF9Bb1F3QmRHQkE2a0hROVVLMkxYNllRRzdudDJybDZqeGdjQ1RYWFUwd0doZHBIb01aWV8yN250OV9rbTZpWjBmNUh0eG51bHNManBuOGFIaUlwVGtuMTNGRHZvN3E?oc=5,,2,E,BRUIT,False,Faible priorité,threats,porte régionale: aucun ancrage régional,0,0,2,0,0,0,,absent,aucun,pression_administrative,False,navigation,2300,False,True,pertinent
2020-05-24T06:14:50+00:00,George C. Marshall European Center for Security Studies,Sécurité & géopolitique (think tanks),Strategic Culture and Geography: Russia’s Southern Seas after Crimea,https://news.google.com/rss/articles/CBMizgFBVV95cUxQdkVORjIxckZlSHNjd2MwcDhTUDZqR2doTDl5M0RvUTZENDhFSERoM0h6d0FpbUJMQWNSMzdpcHI3SGZGeGVuQXN4NmhDUGRCQ3BDOVQtODZ0cnRNT3NWTkh5WnhEb3hlbnQtMmM1SXBfQS1YTjFPVXB3SlZNc0hEd3FDMHhJZ0YzdVplUkhFZEkzTExieXlKT0dfU054bWxLdG5lN1hBVTg4eU9GNlR6RjN1VmhEVmZRUE5sbi16Zjg0aGg3S0RteDNCSjQ5Zw?oc=5,,12,E,BRUIT,False,Géopolitique majeure,russia; culture,porte régionale: aucun ancrage régional,0,0,0,0,5,7,russie,sujet_principal,aucun,aucun,False,navigation,2303,False,True,pertinent
2020-05-23T04:09:58+00:00,George C. Marshall European Center for Security Studies,Sécurité & géopolitique (think tanks),The Intelligence and Security Services and Strategic Decision-Making,https://news.google.com/rss/articles/CBMiywFBVV95cUxPNUlpZlo1ejZqbDBqdlNmS0JLNm1GX2hBY2sybjVjdnptWUVzZlRnM1FLTWYtVC1EWWUzWHMwU21ZZnNmazlVM0JPNFJkc0pIWUlJY0g3OWZWUmk1bGNqQ0UzX091U3NQU3JLelZiWnNIdTI0U0V6aE9vQmk0UTRoc1lSTlZXY3N0TzIwa2xvSkVfTTJUWTlGX2k4bnpyQzRzR3hoZVNZd3M3LU1hZ1hOLWN0anRld3p5cnppR2ZrbThQVHRvZUIxTEl4cw?oc=5,,0,E,BRUIT,False,Faible priorité,,porte régionale: aucun ancrage régional,0,0,0,0,0,0,,absent,aucun,aucun,False,navigation,2304,False,True,pertinent
2020-05-12T07:00:00+00:00,Human Rights Watch — russe,Droits humains & presse,Covid-19 как фактор роста расизма и ксенофобии в отношении выходцев из Азии,https://news.google.com/rss/articles/CBMiWEFVX3lxTFBUWDVwMUNXV3FCbW16aDUydmN5RUxEenNjNUxmcExBaElia0xMQUNQaXhvZUhJQl9ocHB4ZjdONl91ZUJNdGxMeWVZRlpLal8wZTdJQlBpNXo?oc=5,,0,E,BRUIT,False,Faible priorité,,porte régionale: aucun ancrage régional,0,0,0,0,0,0,,absent,aucun,aucun,False,navigation,2315,True,True,pertinent
2020-05-09T05:49:51+00:00,George C. Marshall European Center for Security Studies,Sécurité & géopolitique (think tanks),The Baltic States as Targets and Levers: The Role of the Region in Russian Strategy,https://news.google.com/rss/articles/CBMixwFBVV95cUxQYXE3RVVjZ0hEc3VMcFc0X3VKalFVcjE0QjJTZkY1aU5LLVQ1eUlOSUx4QVhFdEFFbnpWZ3lFaUlXQWk5UkU4TVNUY0w2bUxZMll5c0JObDA3RlR6TDlVbHQ0LV9wNjVYVXNfdWR3Z2R0QmhpR1htQUpSY0J0R3FtcDZ5cS11QmFkdm1mREFwZUxXc0VWeG15aHFCS215TUhpcF9tenVWVG8xT0V6WkxMZEY2TkJmUlB6WG1talZQNHp3YnU2ZUN3?oc=5,,0,E,BRUIT,False,Faible priorité,,porte régionale: aucun ancrage régional,0,0,0,0,0,0,,absent,aucun,aucun,False,navigation,2318,False,True,pertinent
2020-05-05T07:00:00+00:00,Human Rights Watch,Droits humains & presse,China: Covid-19 Discrimination Against Africans,https://news.google.com/rss/articles/CBMiigFBVV95cUxQU05yMWh3TzR4eTZYVXpORWxjSjd6QWlWSV93LTJBLThfZGRLRkNjUlVUSWQyVFhHRGxaamZQcEhNTDBOZ1dwblNtVGhSeW9ZVE5lb1R4LXV1VWlRRURVV2JrTU5yaEtyaU9wMDRObjZvaG0wQkNBTkNYd1NndUJZZnMwTVVnOTJ1bFE?oc=5,,14,E,BRUIT,False,Droits spécifiques,discrimination; china,porte régionale: aucun ancrage régional,0,0,0,2,5,7,,absent,aucun,aucun,False,navigation,2322,True,True,pertinent
2020-05-04T12:15:02+00:00,George C. Marshall European Center for Security Studies,Sécurité & géopolitique (think tanks),Russian Lessons from the Syrian Operation and the Culture of Military Innovation,https://news.google.com/rss/articles/CBMiyAFBVV95cUxNZVlmT2lWWUE0dno3ZTl3X1BJWEJKUW1RVFNJUVgyTDhHdF9kNnVhUzNMTHlZTTc1c1ROYXhDTEgtUHBUTWdaMFJ2SElxMTdWeXVSZnhvdm5LMVBlUllIX3NZRFhqdVo1dl9aLWxwa0Y5R19uUWJvX0p0UmF4QTFObVJxLVNERHNHYjBZUkVJRjdhRmd1LVdhRXRqQVNLVmkzOFhFOURNaFk0NDlCeEZGRE5DM0xwUm5DV1hMMlR2MWRPTUtiZnYwRA?oc=5,,0,E,BRUIT,False,Faible priorité,culture,porte régionale: aucun ancrage régional,0,0,0,0,0,0,,absent,aucun,aucun,False,navigation,2323,False,True,pertinent
2020-05-02T08:29:23+00:00,George C. Marshall European Center for Security Studies,Sécurité & géopolitique (think tanks),Russian Strategic Decision-Making in a Nordic Crisis,https://news.google.com/rss/articles/CBMitAFBVV95cUxQWF8xY1p5MXNDOW5HeVZsTzRYVmhKeWpKdnB2alI1em5jeTgtcWktaVduUU5OVDFjOVMybWhGOGpOazdyOHB4cTRZbjczQS1DVkJVTy1OSDlnclFQaEFRRm5iQVBjbm5WSW95OW8xZ1ZNWmdBSWJUd1A5VUZjNG9wZTY0cGEySHVsOW5oc0k1NXl5Nkh2ZEtobklKRUZ4RGZobVBPcFhldG5qZmF1eDZGcEhYTXM?oc=5,,0,E,BRUIT,False,Faible priorité,,porte régionale: aucun ancrage régional,0,0,0,0,0,0,,absent,aucun,aucun,False,navigation,2325,False,True,pertinent
2020-05-02T08:03:21+00:00,George C. Marshall European Center for Security Studies,Sécurité & géopolitique (think tanks),"Russia’s Security Council: Where Policy, Personality, and Process Meet",https://news.google.com/rss/articles/CBMizgFBVV95cUxOM0VKa3M0OTF3cWNXYzZSTml3cjI4VC1yREs1LWJfS1hEMGxtTE1vQWkxTzBza2FqYUQwMTNlbVp0VXZKMkw0WktJdzcwb1dTTHp1QVhyTWxJOUltSHZ0ZW1zMXBSalZVa25vQ2s4eFIwYmJ2NmEyTTJuOG1HOXBTM2NJZGJNb2tpbXRuZXYxUUthbW8tZDNJRS1rVGtKUTZoZ0V0dWtiQnhEeUtiZnJyd0ZPZHVNNlBMSWhBSVZXR1VrVmJSYTJDQVJFV3VYQQ?oc=5,,12,E,BRUIT,False,Géopolitique majeure,russia,porte régionale: aucun ancrage régional,0,0,0,0,5,7,russie,sujet_principal,aucun,aucun,False,navigation,2325,False,True,pertinent
2020-05-01T07:00:00+00:00,UN Women — Europe & Asie centrale,Droits humains & presse,Take five: “Femicide should be recognized as a specific criminal offense”,https://news.google.com/rss/articles/CBMiuAFBVV95cUxNc1ZrRlJuU2YtT1RRdUJiazAwMnA0TnRRRVlhV256WHQwdF9FTWJGazQ0RWtFbnZFVnlsTDlabXlZWXdkd05Fbk9TN1E3d0lLMGk4V3VqV0R0bHJENDFQSzJlMTg2MFZGaExEcVM2N3o0TjNVRjF4VVFFT2VCc2ZtYnBOOEhLUEwtRmNqd2l1Z3czQ1psUjAtN25BZFdyVXROSjN1enhpQWNsaThrRkdrcnl5dTh1ZGNI?oc=5,,0,E,BRUIT,False,Faible priorité,,porte régionale: aucun ancrage régional,0,0,0,0,0,0,,absent,aucun,aucun,False,navigation,2326,False,True,pertinent
2020-04-26T11:03:51+00:00,George C. Marshall European Center for Security Studies,Sécurité & géopolitique (think tanks),The Presidential Administration: The Command and Control Nexus of Putin’s Russia,https://news.google.com/rss/articles/CBMizwFBVV95cUxQZ0tLbEtLeU1fc20zRnluYUVXQlVmX2NKYmNKeWlYY19JX2k1dS1INGN4YzdzN1ZFcGEyRUNQM0tfSXVqb3NFajJJNnVXUnltQ2JSTHlYdkwwN05oeTJubno2dVdWMWdZSEFETEx1T0I1S1FMLVduamFNV2pxZlF1UVlVVm1tX015X2p3cTZKRjZBNVZPcTNVdzRfRG9NNHlfUzFJdEtxUExuNHZ0QWVLbTdSVE5RSlowV20ySlJHMU02d2Z0OGVJdnZuX2VabWs?oc=5,,12,E,BRUIT,False,Politique intérieure,presidential; russia,porte régionale: aucun ancrage régional,0,0,0,0,5,7,russie,sujet_principal,aucun,aucun,False,navigation,2331,False,True,pertinent
2020-04-25T04:02:36+00:00,George C. Marshall European Center for Security Studies,Sécurité & géopolitique (think tanks),Smart Defense: Overcoming Hurdles and Passing Batons,https://news.google.com/rss/articles/CBMitwFBVV95cUxNNHVZNW1jam92bXVEQ1lzR2dzdTQxZGVJMDNZbWRQVGV1UXJIUm5LT3k1OG5lTVk3MVpmWTFFTE1ZRjNpRTBFczNFMENKR2pVdTk0UnAtY1VTaDdMY3RxeWk3eHhibE5nVVpGUmhGUEt6Zzk3X3dmTWVpNlhYLTN3dWVINnBmWnJEbm9nTXlTRjdVUThvVkNobkh3WkdUdUluOXo2NGxfSks2SFdMYlFvQXQzY3JZc0k?oc=5,,0,E,BRUIT,False,Faible priorité,,porte régionale: aucun ancrage régional,0,0,0,0,0,0,,absent,aucun,aucun,False,navigation,2332,False,True,pertinent
2020-04-22T12:42:45+00:00,George C. Marshall European Center for Security Studies,Sécurité & géopolitique (think tanks),Startseite|George C. Marshall European Center For Security Studies,https://news.google.com/rss/articles/CBMiSEFVX3lxTE90SE9kRXlyeFFWbnpzXy11MVk0SjhvYUMtaVNPZHFIUzdUZDJqTGQ2SnlpdGotWlN0eFBrZ3pRelVWZFZacXo1ag?oc=5,,0,E,BRUIT,False,Faible priorité,,porte régionale: aucun ancrage régional,0,0,0,0,0,0,,absent,aucun,aucun,False,navigation,2335,False,True,pertinent
2020-04-22T12:14:58+00:00,George C. Marshall European Center for Security Studies,Sécurité & géopolitique (think tanks),Home|George C. Marshall European Center For Security Studies,https://news.google.com/rss/articles/CBMiSEFVX3lxTFBOSGl5SWZzZm9JZ0gyT2Z5Q1J0S3hqY2ljYW1Icm0xOWpjZmVNbmFHbWlQZ3pWU3RWTXhwRktmRWlzWGIzQlc0bA?oc=5,,0,E,BRUIT,False,Faible priorité,,porte régionale: aucun ancrage régional,0,0,0,0,0,0,,absent,aucun,aucun,False,navigation,2335,False,True,pertinent
2020-04-16T07:00:00+00:00,AP News — Kazakhstan,Médias indépendants,US-Russian space crew lands safely in Kazakhstan,https://news.google.com/rss/articles/CBMiwAFBVV95cUxPMDhoVTRKMjMtTEN1czdrMW1BMC02RUNybUhJaUJzVkl1OFh2aF82NkJfUU02MVlDd1ZQN2lOeW1UQzhvMnZ4LUY4cWxsTkRoVXpSSUlOV2pwOEFoTFJKOG9vOXgxTUtLNGhaaTJqWjZCbDE2c3VUQjFWWDJHeUZhWGIzNmIzbWl4c0otTGFhazE1c2x4UXFUZTZrckdpQ09PSjV0dWc0YUhFMnc1UVBob0s5TTZRLXFwSTJXbmROdXM?oc=5,,12,E,BRUIT,False,Faible priorité,kazakhstan,Asie centrale: kazakhstan; plafond V9: aucun ancrage HR principal,12,0,0,0,0,0,kazakhstan,sujet_principal,aucun,aucun,False,navigation,2341,False,True,pertinent
2020-04-14T07:00:00+00:00,International Crisis Group,Sécurité & géopolitique (think tanks),Southern Philippines: Tackling Clan Politics in the Bangsamoro,https://news.google.com/rss/articles/CBMitgFBVV95cUxQalBodlNCdmVBMi1MNy1ZWkZyZGFrWGZZdHYtUldaOHEyS0xNWVhlR2ZvX0JHZHFfenJSZUJ1c0YyLVpBYmtyZklYQVQwRGZqbG05WDVKZ2huZXNvdmN4YmJEdUxOVjZjOW9hd1JWOU1lUUZFTmxRMXpzNmdONUl5dXlJQWh1d0o4QUc5UUNDZS14bDZNN2RJSGNOLWloTkJWeGVZR29hTXNSdE5sSHJKaUIzemhBdw?oc=5,,0,E,BRUIT,False,Faible priorité,,porte régionale: aucun ancrage régional,0,0,0,0,0,0,,absent,aucun,aucun,False,navigation,2343,False,True,pertinent
2020-04-12T07:00:00+00:00,George C. Marshall European Center for Security Studies,Sécurité & géopolitique (think tanks),"COVID-19, Russian Responses, and President Putin’s Operational Code",https://news.google.com/rss/articles/CBMiyAFBVV95cUxQMFVxbk12el9tSlg1M1FsY1pfdjk4ejRSZmVUblJNWHA5bjNUU19LRGU5ZkxBVjV1eWw4dzAwM3J2VWZZX1k1T29FTVNhN0JlQnFKMzJpUkNWUnVpOGdXRjlUemdzNVNnc3g2VWNyWEwtWHJtUWlFMlUyMmdOSE9hbXY2VDc5SVF4OFpQbGY2M3daMWZXYUMxQ0w0VG9oMS1RcDl0UFE1dUdkcHE5OWRsTG12WUF0UDlIX2syTWNvNkFTNWlQdWNMNw?oc=5,,0,E,BRUIT,False,Politique intérieure,president,porte régionale: aucun ancrage régional,0,0,0,0,2,0,,absent,aucun,aucun,False,navigation,2345,False,True,pertinent
2020-04-03T12:16:10+00:00,George C. Marshall European Center for Security Studies,Sécurité & géopolitique (think tanks),Russian Lessons from the Syrian Operation,https://news.google.com/rss/articles/CBMixwFBVV95cUxNS3JmbThCbWZ0TWJPaU40SWZQUFZJTWFEYXE0U0NUSjdWWEJMNkpoWVVjVUZhZVlaVVplT1M0UUtHay1oemxRYVdILVM5VmJfYktKcmpmUTlObUdZc0YxbnFFZWlXNTdCR2lQY01zekZobXdkVjdjQTBDdWM4M21IWlhRU3RkWnFkWHNOSGJLMHI0S1VKd1FNUVNqSGFKc3R3SEpDMzVXS0NOVWdpVzlMdDlZSURtNmVUa3NfUEV0WWNpVEt3cU9J?oc=5,,0,E,BRUIT,False,Faible priorité,,porte régionale: aucun ancrage régional,0,0,0,0,0,0,,absent,aucun,aucun,False,navigation,2354,False,True,pertinent
2020-02-18T21:58:04+00:00,Human Rights Watch — français,Droits humains & presse,Espagne | Country Page | World,https://news.google.com/rss/articles/CBMiYEFVX3lxTE4yNGd3aG5zVWhMR2pEYlJqV3F5M3MwZ0VjeW0yS2NtS21TVWVyWVNUbzZJdTFhRXVLMnBpblhnNjdtUjhxNV9PamZWTjJiT2hXd082bnJreFE1UXJZdTZOVA?oc=5,,0,E,BRUIT,False,Faible priorité,,porte régionale: aucun ancrage régional,0,0,0,0,0,0,,absent,aucun,aucun,False,navigation,2398,True,True,pertinent
2019-12-26T14:37:10+00:00,Human Rights Watch,Droits humains & presse,Other Ways to Give,https://news.google.com/rss/articles/CBMiZkFVX3lxTE9yY2hvcnUyd3BsSHhxZmdLbFB2ZzZEVUZNeTJqOXpSSjl0Sy1KNUt0WWliSFAtbGlGc3FQVkg5VEdfQ2Y4WV9XUUFxV2JiZThyS3JiYmVRcFJsUzJtRXhKOTNYdXQ5dw?oc=5,,0,E,BRUIT,False,Faible priorité,,porte régionale: aucun ancrage régional,0,0,0,0,0,0,,absent,aucun,aucun,False,navigation,2453,True,True,pertinent
2019-12-16T08:00:00+00:00,Human Rights Watch — russe,Droits humains & presse,Парламентские выборы в Узбекистане: информационная сводка по вопросам прав человека,https://news.google.com/rss/articles/CBMiWEFVX3lxTE5aNnh0RkhWaTZWRmhrdzdFUEU3OGUwU2NUdjEyXzNQMmNhYVdkdTNCM3VadHhfSXdYSUxBMXNpZ1hWQ2I1eXN0YWs1bW9aeTEyN1F0X2VBRGI?oc=5,,14,E,BRUIT,False,Politique intérieure,узбекистан; узбек; выборы,"Asie centrale: узбекистан, узбек; plafond V9: aucun ancrage HR principal",12,0,0,0,2,0,ouzbekistan,sujet_principal,aucun,aucun,False,navigation,2463,True,True,pertinent
2019-12-03T08:00:00+00:00,Human Rights Watch — russe,Droits humains & presse,"Домашнее насилие в Казахстане: много слов, мало дела",https://news.google.com/rss/articles/CBMiWEFVX3lxTE56djhMT1J5N1RJbkZYalhYekYwbm5scjRwTHNXN1AzdWEzMDI3c2Rwdjg0cFRRdG9FbkRyLVVOS0VwODlZOUhRUmlna1BwMUowaGVqMlJMeng?oc=5,,28,E,FAIBLE,False,Droits des femmes / violences,казахстан; казах; домашнее насилие,"Asie centrale: казахстан, казах; violence / droits des femmes",12,0,0,4,0,0,kazakhstan,sujet_principal,aucun,violence_physique,False,navigation,2476,True,True,pertinent
2019-11-29T08:00:00+00:00,CIDCA (Chine),Médias officiels (contrepoint),Announcement on launch of Chinese government's new foreign aid logo,https://news.google.com/rss/articles/CBMiWkFVX3lxTE5kUnZDT3NEcnk0bkxCNWVBRWthOGZHSUVxNnppMEtnRUg5cjhVTnRIc1lSMERUUGZ3UXIwNzJuMDZRdWFEbWNnTnFILUFTVTRaQ0IwOFJrNDdrUQ?oc=5,,0,E,BRUIT,False,Politique intérieure,government,porte régionale: aucun ancrage régional,0,0,0,0,2,0,,absent,aucun,aucun,False,navigation,2480,False,True,pertinent
2019-11-18T08:00:00+00:00,International Crisis Group,Sécurité & géopolitique (think tanks),Women and Children First: Repatriating the Westerners Affiliated with ISIS,https://news.google.com/rss/articles/CBMiywFBVV95cUxOdk5GMXRLMUdmSXlVdmVOYTNtcDIxd2lZTEhwb21vdU9qSVk2WGd4UkhrV0RGS1pGbEIwTlpoNjNxZW05MFR0bV9seXVJZS1EZ1duSnVnaUVVYVZWVTh1Q21KdjM4SFJWYWgzR2JXVGhENDhubHNMTk94b2I5enlhT1hKVVB3QWdRcmpBelctY1gzMloyMFpmYjhBdTNmYXVCV251WHVuYlY3amo1aUI4QzU4dTdUR1RiamMweU9JVXl2dndEeElTV0Mxbw?oc=5,,0,E,BRUIT,False,Faible priorité,,porte régionale: aucun ancrage régional,0,0,0,0,0,0,,absent,femme,aucun,False,navigation,2491,False,True,pertinent
2019-11-15T08:00:00+00:00,Human Rights Watch,Droits humains & presse,Facial Recognition Deal in Kyrgyzstan Poses Risks to Rights,https://news.google.com/rss/articles/CBMikwFBVV95cUxOdGtaYms0QWlUbFJCd0NMV3ZHcXp0amVGSE9hTnQ2QTJCT0M2QWhPdTZodjMxWm5MTlFLMEN3bktkRHo2dXNnRnNrVmJ6TEl4Y0FaNjBQcWNpRUdjRmZBeENVSk5iaDlEaTFTMzlTUU03MmpTS3ZnNGN2eEI3MFoxR3pZSlM1Q3dHOFEtUXFsTmlFMWM?oc=5,,16,E,BRUIT,False,Droits spécifiques,kyrgyzstan; facial recognition,Asie centrale: kyrgyzstan; plafond V9: aucun ancrage HR principal,12,0,0,4,0,0,kirghizistan,sujet_principal,aucun,aucun,False,navigation,2494,True,True,pertinent
2019-11-09T19:23:50+00:00,World Uyghur Congress,Droits humains & presse,Aburehim Heyit,https://news.google.com/rss/articles/CBMiXkFVX3lxTE5oeDFpR1ZqZW1jbW95V0U5bnBIX19ueEZsYVlDV3IwWVZMWmdDU3UwVUtxMFpRSnk3UzU2UFhKNngwNEVaUUZYSmgzRElIWnJjZVpGTlN1VjYwRlF2NUE?oc=5,,0,E,BRUIT,False,Faible priorité,,porte régionale: aucun ancrage régional,0,0,0,0,0,0,,absent,aucun,aucun,False,navigation,2499,False,True,pertinent
2019-11-01T07:00:00+00:00,Human Rights Watch — français,Droits humains & presse,Turkménistan : Un homme gay porté disparu suite à son « coming-out » en ligne,https://news.google.com/rss/articles/CBMirAFBVV95cUxQREU3dkcxMWROejdSelR1V1BzOWtDQUtXZFZQNHlSNGFZclBRZTBGRGRQemxEVlM1VTBnUkxBbXdZTDBXNWo4ZF9WVnVERGJNblk0UHZPNmlpVjNucHlWcXp1aW91REpUbFUtQ0JCNlRpUHozemZ3bDh2cnI0QnBiNEVqWkFOMW9CQWxPSzZJTnJ0M1czd3hDdzh1ZDFGdHR0Y3NyNWQ1cDljT2FL?oc=5,,12,E,BRUIT,False,Faible priorité,turkménistan,Asie centrale: turkménistan; plafond V9: aucun ancrage HR principal,12,0,0,0,0,0,turkmenistan,sujet_principal,aucun,aucun,False,navigation,2508,True,True,pertinent
2019-10-29T07:00:00+00:00,Human Rights Watch,Droits humains & presse,“Maximum Pressure”: US Economic Sanctions Harm Iranians’ Right to Health | HRW,https://news.google.com/rss/articles/CBMipgFBVV95cUxOSzh0dmd4Nm1acDcxOXVLMGw3REd0M3psMGUwRl9IRUJ0clFkei11TXQxYWV6M3JiSWFSQ3M4YURRZWl6Vkl2N1IyQU5pVDd2dEpSamQtSnEwZmxGZmdyV0NfZUxxQkJBbDMzTEZHVEY4YTNLX1Q2ZHFKMndvbkVEZnctdFRPSU9zbTUyd3IzNVNRS2dxb3M4MmNJWE5ST0F1MHlnWXFn?oc=5,,12,E,BRUIT,False,Géopolitique majeure,sanctions,porte régionale: aucun ancrage régional,0,0,0,0,5,7,,absent,aucun,aucun,False,navigation,2511,True,True,pertinent
2019-10-17T15:48:53+00:00,Human Rights Watch — français,Droits humains & presse,Viktoriya Kim,https://news.google.com/rss/articles/CBMiXkFVX3lxTE43Q3RqbFJZb1o0Rk9FWTJZMTQzR29PMllKZnhXd1A5X1V5dnB4VmNYaXBqbWhyUkE0MEZJN2FaT1FBTllNNllqNUxIZ0JCNEdFQ1VKeGkxSXd3M2VGZVE?oc=5,,0,E,BRUIT,False,Faible priorité,,porte régionale: aucun ancrage régional,0,0,0,0,0,0,,absent,aucun,aucun,False,navigation,2523,True,True,pertinent
2019-10-17T07:00:00+00:00,Human Rights Watch — français,Droits humains & presse,Kazakhstan : Renforcer l’aide aux survivantes de violences conjugales,https://news.google.com/rss/articles/CBMiqAFBVV95cUxPSXdRd2NpSXNtRHpDTzAwZ2pwMWlQNmRFQm5sQXJJcDlJWDhMR0R3UFAyZm5zSGp5YjdDUGN0VnlpNFNKWGpuRHY0dnBvZW9idU5jXzNqX2liNWlIZ0ZrZFh2ZG92M2VBMDVFejAtSmRhQUZMUTFxVzdDWmh3bHkzbEVkS09zZDB0NWNJalhadnh2U2lSRVlKYjN6YkJIaHFkVFRIWHpUOEI?oc=5,,12,E,BRUIT,False,Faible priorité,kazakhstan,Asie centrale: kazakhstan; plafond V9: aucun ancrage HR principal,12,0,0,0,0,0,kazakhstan,sujet_principal,aucun,aucun,False,navigation,2523,True,True,pertinent
2019-10-17T07:00:00+00:00,Human Rights Watch — russe,Droits humains & presse,Казахстан: недостаточная помощь для переживших домашнее насилие,https://news.google.com/rss/articles/CBMiWEFVX3lxTE12UUJNR0dTeHR3ME5rOF9VRngwd1RDMWFjaEtndVYxTlg2b3pucUtRbzVFRnczY0FxNnN4cUVkbUlUcGlRY2N3eXVzbUEya2JZVFlfOHlMTHY?oc=5,,28,E,FAIBLE,False,Droits des femmes / violences,казахстан; казах; домашнее насилие,"Asie centrale: казахстан, казах; violence / droits des femmes",12,0,0,4,0,0,kazakhstan,sujet_principal,aucun,violence_physique,False,navigation,2523,True,True,pertinent
2019-10-09T07:00:00+00:00,ARTICLE 19,Droits humains & presse,Social Media Councils - ARTICLE 19,https://news.google.com/rss/articles/CBMiXEFVX3lxTE5rWGk1LTlWRldZUEpKY1pMM2lMOGhRSC1FTmdrV1Z2Nno0MWJIWVZWdGlCR2VLVk8wSUdnaTVyR3RNeHFVYlcwREZmdkZIVUJUS2E0ekpmQUE3a0Z4?oc=5,,0,E,BRUIT,False,Faible priorité,,porte régionale: aucun ancrage régional,0,0,0,0,0,0,,absent,aucun,aucun,False,navigation,2531,False,True,pertinent
2019-10-01T07:00:00+00:00,Swiss Political Science Review,Économie & recherche,Consociationalism and Centripetalism: Friends or Foes? - Bogaards - 2019 - Swiss Political Science Review,https://news.google.com/rss/articles/CBMiZEFVX3lxTFBTSnNob3p4Z3phSHJsdEQzUUNxQWVyaVlIcF8yd3laT21weW5PRDRocEFIQW91cW5qOV9nRXM0dnZmeTZfVkJ3Nl83b1dMTE1KQUpwOFRFSHUwU3NqZG9YUVhxWFQ?oc=5,,0,E,BRUIT,False,Faible priorité,,porte régionale: aucun ancrage régional,0,0,0,0,0,0,,absent,aucun,aucun,False,navigation,2539,False,True,pertinent
2019-09-19T07:00:00+00:00,Human Rights Watch — russe,Droits humains & presse,«Насилие на каждом шагу»,https://news.google.com/rss/articles/CBMiW0FVX3lxTE5NS3VLVWk1cUpQWHdjMXZReHRyVkNUTmJEWndLbWhDZU5mVlNGNG9hOTVJakVkTkh0UW5fYUJKTFlLSGJBSUtCWklJOVIwQVRUWXJjUnZQeU5TQTQ?oc=5,,0,E,BRUIT,False,Faible priorité,,porte régionale: aucun ancrage régional,0,0,0,0,0,0,,absent,aucun,aucun,False,navigation,2551,True,True,pertinent
2019-09-19T07:00:00+00:00,Human Rights Watch — russe,Droits humains & presse,"Таджикистан: Факторы, препятствующие оказанию помощи жертвам семейного насилия",https://news.google.com/rss/articles/CBMipAFBVV95cUxNcmJqN1NxdGhQcWJIUVdzMncyTDlTdlRId2ZHcmNwRWR5Z0lzdFh3NU1La1VpZlBSQUxWaVBXS19JZXhIelpwSDJmMWVoczFTZExEaTFxLUVDY3U5TVVFVy1pNEZQYTBWOUFjYmx1N05YWjBTQjVqM1RKS0RqOExvM0NUSkE3TWFJOGM0RnNaQzhiWHVDNEFTdzl2b05ZSFlMWDNGVQ?oc=5,,12,E,BRUIT,False,Faible priorité,таджикистан; таджик,"Asie centrale: таджикистан, таджик; plafond V9: aucun ancrage HR principal",12,0,0,0,0,0,tadjikistan,sujet_principal,aucun,aucun,False,navigation,2551,True,True,pertinent
2019-09-17T07:00:00+00:00,Human Rights Watch,Droits humains & presse,Rainforest Mafias: How Violence and Impunity Fuel Deforestation in Brazil’s Amazon | HRW,https://news.google.com/rss/articles/CBMitgFBVV95cUxOaUd6U1Q4bmxIalo4TWVTaG54Z1hjMjY0QUIzUU9BQUc3RExVNkFiZTNRMFdsbTYzRUpCMkp4TjJfUEVyeFAxT3k5YmZKRDB3aEE2S2wtY04wYTh5dlBKWk03UlZoSlBJRVBCZTZvbVBSTVVOLW1yWHAxOTU3Z1hDU3p4OFIyUWtUYUk5VGdGUFk1eXlJY2xlMU9rLWxBNjFXSDlTYmQ0bF9HaDVTUXQ2QlhjUzBvUQ?oc=5,,0,E,BRUIT,False,Faible priorité,,porte régionale: aucun ancrage régional,0,0,0,0,0,0,,absent,aucun,aucun,False,navigation,2553,True,True,pertinent
2019-09-03T07:00:00+00:00,Human Rights Watch — français,Droits humains & presse,Liban : Les femmes transgenres face à la discrimination,https://news.google.com/rss/articles/CBMipwFBVV95cUxObXBHeDlBbGl4NFZGeWMwQkxURXlwOEhlTXF3M1RNa0NMVHJXdG5KMFZTa1NGam1FSG00LVJlWkotSDN4SDc3RjlGUkF4c1Y4MXZFbmhkSTdITVl3YUdIU3JfRlF3N25QYjlLSWRZdlRHRzNGbUZsOXV1OHNsZFpubGhzREJ2OFRWZm5DWHV3WVJnemhiTEJIamNfN1VuVEppd1VmSEZMZw?oc=5,,2,E,BRUIT,False,Droits spécifiques,discrimination,porte régionale: aucun ancrage régional,0,0,0,2,0,0,,absent,aucun,aucun,False,navigation,2567,True,True,pertinent
2019-08-13T02:35:59+00:00,UN Women — Europe & Asie centrale,Droits humains & presse,The European Charter for Equality of Women and Men in Local Life,https://news.google.com/rss/articles/CBMixwFBVV95cUxNNk50cW5fYjFCa09lWGNSbEZ3SHZWMVB6ZXYtR1lVdTFENjRIOGRpS0dIZmw2Q202bk9XM1hlMHBnOFA5a1NCbi1KcmlpZVBXMWR1bVZWSG1XVGNndGM5OUVVLUdINmgtWm50VHo4S1ROWmtVaXVIVDdacWNzeU01a09EMXpUcUxFMGZzLUtIbU9WRHNhaURqN3dNMTlpamdYRmJvYVlPNURGY1lqMTdLc3lJcjV4NlJUY1pVTzJwUmFmVTNaNDk0?oc=5,,0,E,BRUIT,False,Faible priorité,,porte régionale: aucun ancrage régional,0,0,0,0,0,0,,absent,femme,aucun,False,navigation,2588,False,True,pertinent
2019-08-09T08:18:14+00:00,UN Women — Europe & Asie centrale,Droits humains & presse,Where we are: North Macedonia,https://news.google.com/rss/articles/CBMiZkFVX3lxTE4yX3BjdW9Ua0dNOXE2ZFdvdnlzQnNrb1FhM1JSa1pXdk9wNlB5eXhHLXE0TWlGakhFLVY1RXJaTmZHOUhRbkIwRlB5U253SWVhVDNHSGdqa29fMU45cWxQeF9Vd01tdw?oc=5,,0,E,BRUIT,False,Faible priorité,,porte régionale: aucun ancrage régional,0,0,0,0,0,0,,absent,aucun,aucun,False,navigation,2592,False,True,pertinent
2019-08-09T07:42:48+00:00,UN Women — Europe & Asie centrale,Droits humains & presse,UN Women in Kyrgyzstan,https://news.google.com/rss/articles/CBMiX0FVX3lxTE9vWmRrZ1dvQUVwSDFtTE5xejBDOWZHeFpmQ3FtWnZFX1VFSTZ3Ulh5WkpTdC1IVkdkRm9nSWpqX041cGJGSmRjZEtaeHIwRWJReVZmT2JIWFRuYXdRVWVv?oc=5,,12,E,BRUIT,False,Faible priorité,kyrgyzstan,Asie centrale: kyrgyzstan; plafond V9: aucun ancrage HR principal,12,0,0,0,0,0,kirghizistan,sujet_principal,femme,aucun,False,navigation,2592,False,True,pertinent
2019-08-07T07:00:00+00:00,Human Rights Watch,Droits humains & presse,South Africa: Decriminalise Sex Work,https://news.google.com/rss/articles/CBMie0FVX3lxTE02cm5xdmpWc0VJc01vcjZMMnJOWDdPQmNiS0VIeXk4OVpIckhkRTFwVE05MEpvX0VYVXZwOHVKQ1Z0THdCMXZaQXJSS09jckg5LUVuenEwWThjMzdDN21rR0RKNnhJYTRxSDRMYnB0V24tWVA2dkxOblZYbw?oc=5,,0,E,BRUIT,False,Faible priorité,,porte régionale: aucun ancrage régional,0,0,0,0,0,0,,absent,aucun,aucun,False,navigation,2594,True,True,pertinent
2019-08-07T07:00:00+00:00,Human Rights Watch,Droits humains & presse,Why Sex Work Should be Decriminalised in South Africa,https://news.google.com/rss/articles/CBMikgFBVV95cUxNOFdVYVoyZnYxRFZUX29YbnJ4LXJWTGM0NkI4NzUxdWtFNkxWUnphZkY3ZnZvR1ljeFdNQURvaE9fOWVoMVE1R1FoLWhSTDNlYXhWNERXRXdGVzhGZ3RwaVhMaG50SGRmQUpzNlZNbmpqVk1TSHVTakVQUHBMdTJkLWNWeFNBYVNfQllyWm51Z1dEQQ?oc=5,,0,E,BRUIT,False,Faible priorité,,porte régionale: aucun ancrage régional,0,0,0,0,0,0,,absent,aucun,aucun,False,navigation,2594,True,True,pertinent
2019-08-07T07:00:00+00:00,CIDCA (Chine),Médias officiels (contrepoint),CIDCA vice-chairman visits Vanuatu,https://news.google.com/rss/articles/CBMiWkFVX3lxTE1jeGJPVERXTlRWSnhuYXdjd2VVVkhScERQUTZUOGVBVVJhel9HV2RpUzROQ2RyeVRIN2duY1dPU3FlNi1GbGcxTmtDUElDdmJTSkJwNVVwNlpYZw?oc=5,,0,E,BRUIT,False,Faible priorité,,porte régionale: aucun ancrage régional,0,0,0,0,0,0,,absent,aucun,aucun,False,navigation,2594,False,True,pertinent
2019-07-23T07:00:00+00:00,Human Rights Watch — russe,Droits humains & presse,Заявление о политике конфиденциальности от 23 июля 2019 г.,https://news.google.com/rss/articles/CBMiTkFVX3lxTE9qSmZQMTRPeXNlZWdhcHVmMUZ6M2pqS3BnLVdGRndyS3cxVFBxaEg2QXhKUjktMThFakxwM2toRjJiMUl4MklVNGx6czR5Zw?oc=5,,0,E,BRUIT,False,Faible priorité,,porte régionale: aucun ancrage régional,0,0,0,0,0,0,,absent,aucun,aucun,False,navigation,2609,True,True,pertinent
2019-07-17T07:00:00+00:00,Human Rights Watch — russe,Droits humains & presse,Казахстан: Изоляция и нарушения прав детей в государственных интернатах,https://news.google.com/rss/articles/CBMikAFBVV95cUxNa0luaVhoZW12cTFKNVRpS2lqdk54b0cxWi04VnhEenJoeGxKNFQ3bWowS3RCWXhHTHd0S3lZN2NlZ0h1aF9ZYVg3cWZpWWx6QjBPdUJteU1NQWJ1UTdvVEE3djNOYW9lWG5UVHpkeXRGbndlN0otampuclh5aExuelBGNGNxX1VJY1I5RGFFcDY?oc=5,,19,E,BRUIT,False,Faible priorité,казахстан; казах; нарушения прав,"Asie centrale: казахстан, казах; plafond V9: aucun ancrage HR principal",12,0,0,4,3,0,kazakhstan,sujet_principal,aucun,aucun,False,navigation,2615,True,True,pertinent
2019-07-12T07:00:00+00:00,George C. Marshall European Center for Security Studies,Sécurité & géopolitique (think tanks),Perspectives from the Arctic as a Strategic Space: Geopolitics of the Northern Flank,https://news.google.com/rss/articles/CBMiyAFBVV95cUxOV1dnM3VOWXYtQ1Q3am5pV2Q2czl2QjQ4dnNWVGN3WVg5Rk9PWHNORnBiVFZzeXBJWVV0LVRZeTdqQkQ5UmgxWUxWdUtydDdGdlAxYnFqV3hjM0xrSXFHWnJfZmdNeDBPTHFFWHFkT3Vpd19fbTc1OTVaMWNNakktVTR4MkFEWFVkaEJaZmU1enNSeWo3cVMtVkJHT0wzMXY0ZDEybmhlemlzbk53UENWRnA5YWw4Y2t5RXJLOHRwV3o0YzI2bGtsQw?oc=5,,0,E,BRUIT,False,Faible priorité,,porte régionale: aucun ancrage régional,0,0,0,0,0,0,,absent,aucun,aucun,False,navigation,2620,False,True,pertinent
2019-06-07T07:00:00+00:00,George C. Marshall European Center for Security Studies,Sécurité & géopolitique (think tanks),The Impacts of the Syrian Intervention on Russian Strategic Culture,https://news.google.com/rss/articles/CBMivAFBVV95cUxNaHZDMkNUOFJ5YlVNT0R5YlRDX21zd2tlWXBUcGg1cFcyN2xxRHFuaE90UEFEeXNCb21nYXdkZGk5aWhoNnd6ckZ4SGM0dkNnT3NIWGg5TEdSYlYtMlRDQy1XT0NrNVNhZHVjNC0xY0V4NXFlaTRsN1dvZWxLeHFBVmtOZHVlc3I5R0lXMHd2bFluWFJ2a2lpdzJNR3daeHVOYWI2Rmxyeko5SFJRdWdoc2ZPVzUteEVjYTJBbQ?oc=5,,0,E,BRUIT,False,Faible priorité,culture,porte régionale: aucun ancrage régional,0,0,0,0,0,0,,absent,aucun,aucun,False,navigation,2655,False,True,pertinent
2019-05-26T19:33:43+00:00,Swiss Political Science Review,Économie & recherche,"Swiss Political Science Review: Volume 17, Issue 4",https://news.google.com/rss/articles/CBMiZEFVX3lxTE12RmxzNXhHV0VRRnVaQkhXTlJod2xBNE9CS3M4VUo5RDc3TmRIcjZfNEVaZnpRQzV2OGMyYkljczVTOFFIMUpVUE45OWtTLVpyVndNRHZZS0ZEbUhqRlZFRy1DdnI?oc=5,,0,E,BRUIT,False,Faible priorité,,porte régionale: aucun ancrage régional,0,0,0,0,0,0,,absent,aucun,aucun,False,navigation,2666,False,True,pertinent
2019-05-23T12:37:06+00:00,World Uyghur Congress,Droits humains & presse,Mobile Site,https://news.google.com/rss/articles/CBMiX0FVX3lxTE9JYXcxVV9rcmNmb3ltWW40M1NUcXMwSUR4U0ZYZHJ4M0ZXNWZlNVdKc0hVVU9GRDYyNlh2dmFmV05qZlZzeDkzdmVleVJQMGJOeE5jM0xNV0QwMThvcm80?oc=5,,0,E,BRUIT,False,Faible priorité,,porte régionale: aucun ancrage régional,0,0,0,0,0,0,,absent,aucun,aucun,False,navigation,2670,False,True,pertinent
2019-05-20T17:01:13+00:00,World Uyghur Congress,Droits humains & presse,Activities Overview,https://news.google.com/rss/articles/CBMiZEFVX3lxTE0xOG5id01mSk9hRklETkhYVE5kMmFBQVJ5OF95VTFicEthdVNyR1Y3YzlDdFVlZ0JTYU5xYWpsZDhranBJQW1GLW55b1lfaVYyV2ZFS2xfeEc4UGt5SnBkTzA0VDc?oc=5,,0,E,BRUIT,False,Faible priorité,,porte régionale: aucun ancrage régional,0,0,0,0,0,0,,absent,aucun,aucun,False,navigation,2673,False,True,pertinent
2019-05-19T17:03:19+00:00,World Uyghur Congress,Droits humains & presse,East Turkistan,https://news.google.com/rss/articles/CBMiYEFVX3lxTFBfZEJxUU1aM195dnlZTUpHazBiUFFSMVB6TTRkdVJBZVFfdXRzMFhzWmh3MTkxcXMyZzZDdjVteGwwaFdxa29yYlZmQ1NldE1laWFBYV9uR3VOYTZxblB1Tw?oc=5,,0,E,BRUIT,False,Faible priorité,,porte régionale: aucun ancrage régional,0,0,0,0,0,0,,absent,aucun,aucun,False,navigation,2674,False,True,pertinent
2019-05-02T07:00:00+00:00,Human Rights Watch — français,Droits humains & presse,Ouzbékistan : L’ex-Procureur général aurait été torturé en détention,https://news.google.com/rss/articles/CBMipwFBVV95cUxNb3o0LUMwZ19XUmFvaTE0VHZ3UTYtZ0Z3bXhjRFVVSlJrdF9yWlJRc05JUmJ0dFFNR2FESHNOT3FWbUZpYlN1TVd5SVFDdloxaFItd1hSa2lScWV5NFdxT2pMeUYzZUF3WEowdWtJbUlhbzMxODFHMnJTTlRoekVWUndEZC1oSnNmc2wzTXdvWmJ4VTN3aE9OU2tnNFZoV1lSc3pmdVBEMA?oc=5,,23,E,FAIBLE,False,Répression / droits humains,ouzbékistan,Asie centrale: ouzbékistan,12,0,5,0,6,0,ouzbekistan,sujet_principal,aucun,aucun,False,navigation,2691,True,True,pertinent
2019-04-04T07:00:00+00:00,Human Rights Watch,Droits humains & presse,Venezuela’s Humanitarian Emergency: Large-Scale UN Response Needed to Address Health and Food Crises | HRW,https://news.google.com/rss/articles/CBMiswFBVV95cUxON0dsOE9JR1hSbmNyQ0NDdDVMOGdhQXpydjNEczIzOC11SlpKNWdmb3dCeXc5bFBBMjY2R1R0dWhpcUlSTlVKWnVWOUsyZ2pVT29DQlJxNHJrV09BNTU1RE96V2lINGhvNVJUaTNBY1VRQ3FidS1lOE1MWDFSY1lmZnpkWFZkdUJQMGxwRExkVC1yTlZKSjR5WlNqWjlIdUhxVjFlcERRMUZ0WTgtVjVvOVdDRQ?oc=5,,0,E,BRUIT,False,Faible priorité,,porte régionale: aucun ancrage régional,0,0,0,0,0,0,,absent,aucun,aucun,False,navigation,2719,True,True,pertinent
2019-04-01T07:00:00+00:00,George C. Marshall European Center for Security Studies,Sécurité & géopolitique (think tanks),Russian Strategic Guidelines and Threat Assessments for the Arctic,https://news.google.com/rss/articles/CBMiwwFBVV95cUxOOE94QktyUWtuQnV4MzQ2NXdKV1B1cS14RnROa2dzMW9odzVPWmZOMDhBV0thbDEwZ1htS2U2VVdHcUFJN2dXWEJPUmFQUEJaanBwMlpjSDV5amVoV280UXRFN09NZ3BKUUhkSzFmOGhLTWtNQS1qSWctLWVqaF83VjFLbFdtRGZJWXk5Q2U4RTBjd0pRMjVta0JxRWpoblNGYnBzdkR3T2RGazVFd1NPT2FLZGZNX3dHdjNldDJnRlFfUzQ?oc=5,,0,E,BRUIT,False,Faible priorité,,porte régionale: aucun ancrage régional,0,0,0,0,0,0,,absent,aucun,aucun,False,navigation,2722,False,True,pertinent
2019-03-14T07:00:00+00:00,Human Rights Watch — russe,Droits humains & presse,«На обочине жизни»: Образование для детей с инвалидностью в Казахстане | HRW,https://news.google.com/rss/articles/CBMiW0FVX3lxTE1BeDdlN05lSk9EVDFHOHpWNWpreFVZNk9KTURzcmg0YjZ2UWx0UDMwQ0Z3SVI1cjZDcHUtdV9ONVo1YUFLcDdUR0YyWVBwQmdNVmQ5ZDEtV0hOWVk?oc=5,,12,E,BRUIT,False,Faible priorité,казахстан; казах,"Asie centrale: казахстан, казах; plafond V9: aucun ancrage HR principal",12,0,0,0,0,0,kazakhstan,sujet_principal,aucun,aucun,False,navigation,2740,True,True,pertinent
2019-03-08T12:20:26+00:00,Human Rights Watch,Droits humains & presse,“The love that dare not speak its name”,https://news.google.com/rss/articles/CBMickFVX3lxTE9kUnJnT2dMT0ZRbmpNRmhHcm9ySWFEdXdWZEUzMmFZc2JLNld2Njd3NncxRXVmSWlqcmRSaTlHbDJXcGJ3dzRxT0x5Um9pV2VSRjREUFFrX1BrSHZLREJoeFBKU29pY1Y4aVdDd1FuMl9Rdw?oc=5,,0,E,BRUIT,False,Faible priorité,,porte régionale: aucun ancrage régional,0,0,0,0,0,0,,absent,aucun,aucun,False,navigation,2746,True,True,pertinent
2019-02-27T08:00:00+00:00,Centre1,Médias régionaux,Узбекистан. Свободы слова не предвидится?,https://news.google.com/rss/articles/CBMifEFVX3lxTE5rV1FnX1FiemJsY1Z1ZENKMHFjTmRVMHhuYm43aDY3X2NPZWk3d09EazlBZU8yOEZOclZKbjg3STFycUt1VGoxVnZfcnlIR3N1ZXFnaGxnYUQ4c3YwOUt3YjNGd1RPVVQ0ek1Lb1pQQ2U3RktaVElPT0pBZXU?oc=5,,12,E,BRUIT,False,Faible priorité,узбекистан; узбек,"Asie centrale: узбекистан, узбек; plafond V9: aucun ancrage HR principal",12,0,0,0,0,0,ouzbekistan,sujet_principal,aucun,aucun,False,navigation,2755,False,True,pertinent
2019-02-07T08:00:00+00:00,Human Rights Watch — français,Droits humains & presse,Russie : Un Témoin de Jehovah condamné à six ans de prison,https://news.google.com/rss/articles/CBMiqwFBVV95cUxNT2tEY0xlS1RVTFRWVHBud3ZmVjN6SHFvMlp5RGRqc2FBZ05UaWEtUjJrWGdwdXlHVURQWmF6dzBFbF9aYlMzelhCTGVZcHFhbmxrRWNEa1hxSE43OEUtT05UVmdENEtkai1hZVVDUjVVZnNpSE1MMEQ5UFNxY0xVdXJyRURfc2ZWemo0aW90YWg5dUIzSGloWU1RQzJhbzFOLXQ3QlUwTVluYlk?oc=5,,0,E,BRUIT,False,Faible priorité,,porte régionale: aucun ancrage régional,0,0,0,0,0,0,russie,sujet_principal,aucun,aucun,False,navigation,2775,True,True,pertinent
2019-01-24T08:00:00+00:00,International Crisis Group,Sécurité & géopolitique (think tanks),A New Dimension of Violence in Myanmar’s Rakhine State,https://news.google.com/rss/articles/CBMipgFBVV95cUxNM1JlckRsZEdDVFoxTS10aG8ycTNib1IxemNVVE0tUmxpMnV1SVdENG9FSlBRU2dCMkpRNlNPNW1xOWZpRDh4cEQ5RW5yS1Z6bmg4Zm5uelJWQTNnT19FcldCVXNZZW52ZnUzTUhMYl9sa3ZtVjJLNGFaYmFTeThHbWh2bFNGejZMVDRqOHljSXI5Q044b29KeVNXMm1EcnUzTWZlVUlB?oc=5,,0,E,BRUIT,False,Faible priorité,,porte régionale: aucun ancrage régional,0,0,0,0,0,0,,absent,aucun,aucun,False,navigation,2789,False,True,pertinent
2019-01-23T00:07:27+00:00,World Uyghur Congress,Droits humains & presse,Current Leadership,https://news.google.com/rss/articles/CBMiY0FVX3lxTE92b2d2LVlkWEpkUUtMUnhPN3RqZmFZX0ZzdVhhN0Foc0lZanBoMnQ2OURlMnczS2EwZExmblNvdUIydHpnak1Zd05zN3lGdzgzMnk0SHo1MHNvbUwwNGU5bmlQWQ?oc=5,,0,E,BRUIT,False,Faible priorité,,porte régionale: aucun ancrage régional,0,0,0,0,0,0,,absent,aucun,aucun,False,navigation,2790,False,True,pertinent
2019-01-23T00:07:25+00:00,World Uyghur Congress,Droits humains & presse,Current Issues,https://news.google.com/rss/articles/CBMiXkFVX3lxTE5ZQ2dabmo4TGRxYUNCMVZ2bzcwdGxpTm14YWd6cUt1bFVPN3AtTEJRN2pRRGdLS19EVWVpcm1FaS0yWFMzMTdFZ1hrRDh4RXZ1STVhcmJvd1VSeGtocVE?oc=5,,0,E,BRUIT,False,Faible priorité,,porte régionale: aucun ancrage régional,0,0,0,0,0,0,,absent,aucun,aucun,False,navigation,2790,False,True,pertinent
2019-01-17T09:17:55+00:00,Human Rights Watch — russe,Droits humains & presse,Всемирный доклад 2019,https://news.google.com/rss/articles/CBMiUkFVX3lxTE95cmJhdHY2dzhMMF9WV1RoQ0FMOUJhN1pMaV9abUpFeUZSSDd6MTZqWk4xQUlocjktWTc5SzlISndtNE5ORDcxc3pmUWxaTDJYNXc?oc=5,,0,E,BRUIT,False,Faible priorité,,porte régionale: aucun ancrage régional,0,0,0,0,0,0,,absent,aucun,aucun,False,navigation,2796,True,True,pertinent
2019-01-01T15:00:35+00:00,World Uyghur Congress,Droits humains & presse,Welcome to the World Uyghur Congress,https://news.google.com/rss/articles/CBMiSkFVX3lxTE4xOUJRaGxDZE5CZnBoTE1ndGg2cm94N1VTVDJkY3N4eTJGVk0yMk93ZWxlTEVrYnVadzN6LWZvTUdEaTZwUmRaeDhR?oc=5,,12,E,BRUIT,False,Faible priorité,uyghur,Ouïghours: uyghur; plafond V9: aucun ancrage HR principal,12,0,0,0,0,0,xinjiang,sujet_principal,minorite_ethnique,aucun,False,navigation,2812,False,True,pertinent
2018-11-12T08:00:00+00:00,Human Rights Watch,Droits humains & presse,Pakistan: Girls Deprived of Education,https://news.google.com/rss/articles/CBMieEFVX3lxTE1XVEtnYjJ2QmxQMk9ibXRjRVFoQm85RnB6Tnp5SGE5N3htSzVERFM2Y3c4QXNXdmdfYktNVlBzVkVvS3dIRFR6YUhIU3lLcHQ2bjJ4a3RRazQ4djlsbFM3X1dUekNQTXpINV9iZ19QTG5CMDFDNGUyaw?oc=5,,0,E,BRUIT,False,Faible priorité,education,porte régionale: aucun ancrage régional,0,0,0,0,0,0,,absent,femme,aucun,False,navigation,2862,True,True,pertinent
2018-10-25T07:00:00+00:00,Human Rights Watch — russe,Droits humains & presse,"«Я могу тебя убить, и никто меня не остановит»",https://news.google.com/rss/articles/CBMiW0FVX3lxTFBuZGtQcGNfZ1ZUVnlsVDRPc1lraWlsZTFqS3FXR1FqREY2WHdLYVNHVlBPYmtiTVFDOVVxZDFuMXZSMEJQamZnUGJZcy0tRXdxbHNYMFBBclZQNXM?oc=5,,0,E,BRUIT,False,Faible priorité,,porte régionale: aucun ancrage régional,0,0,0,0,0,0,,absent,aucun,aucun,False,navigation,2880,True,True,pertinent
2018-10-24T07:00:00+00:00,Centre1,Médias régionaux,Ошская семья Саиповых,https://news.google.com/rss/articles/CBMiZkFVX3lxTE9xVWd4OE9uVzVpTTJrekVDdDdNMmFON2tMQnVmTlBUcElmalNzRTVLRms2NzJqTktqX2dQQ001U1Y2clhvM1FuaTFBeHZKQ2lUZlFoLWlUTnBBM1F0UktVanVmaHZMQQ?oc=5,,0,E,BRUIT,False,Faible priorité,,porte régionale: aucun ancrage régional,0,0,0,0,0,0,,absent,aucun,aucun,False,navigation,2881,False,True,pertinent
2018-10-22T07:00:00+00:00,CIDCA (Chine),Médias officiels (contrepoint),A summary of the situation of Chinese medical team in foreign aid: National Health Commission,https://news.google.com/rss/articles/CBMiWkFVX3lxTFBpQWw3empRUFhvWEhxcEhXcjVpMTZEMllJcmYxc3FHdmRJTXo1dHlxaUN6LUR2YXlPRXRUeHE4cTNDTWJIMnlNcVBBU19neG9SeFdYaFJqZndydw?oc=5,,0,E,BRUIT,False,Faible priorité,,porte régionale: aucun ancrage régional,0,0,0,0,0,0,,absent,aucun,aucun,False,navigation,2883,False,True,pertinent
2018-10-19T15:15:33+00:00,International Crisis Group,Sécurité & géopolitique (think tanks),Burkina Faso,https://news.google.com/rss/articles/CBMiY0FVX3lxTFBqVXFDc2lFSnl6azQ2R0pFclE2TVpLOTFubl9SRTVKT3QzYzg4aXdiUXpMN1FpaHRTS2tCRGlXc0I5azBsaVBWc1JLY1JlZERPdEhlT1dqTkR3SEo3TzhnR01jYw?oc=5,,0,E,BRUIT,False,Faible priorité,,porte régionale: aucun ancrage régional,0,0,0,0,0,0,,absent,aucun,aucun,False,navigation,2886,False,True,pertinent
2018-10-15T15:15:46+00:00,CIDCA (Chine),Médias officiels (contrepoint),The 2030 Agenda for Sustainable Development,https://news.google.com/rss/articles/CBMiX0FVX3lxTFB1X05TM0g2S2Vscy10UzgwNUlibk05S2s1S3pWZWZsZEMxVkI3dmZSRjhRaGY4UmxBeURvaGNNYy0waGNYb2NCNnRHVE00YVJza25qeHlfZjlTYVpNVG5v?oc=5,,0,E,BRUIT,False,Faible priorité,development,porte régionale: aucun ancrage régional,0,0,0,0,0,0,,absent,aucun,aucun,False,navigation,2890,False,True,pertinent
2018-10-14T17:43:57+00:00,CIDCA (Chine),Médias officiels (contrepoint),South south cooperation fund,https://news.google.com/rss/articles/CBMiY0FVX3lxTE90TG9jQW1MRjlkUHkyXzZXZ1hBREhnX3BVQ05zU2dCWHhZeVFVQ05WaVJpeEFQMkZKRWlFY2RUZkozdzMtQVFpaUxJQm1EeGNFY3BGU0ZnajdxcEsteEN4eHp3TQ?oc=5,,0,E,BRUIT,False,Faible priorité,,porte régionale: aucun ancrage régional,0,0,0,0,0,0,,absent,aucun,aucun,False,navigation,2891,False,True,pertinent
2018-10-11T07:00:00+00:00,Centre1,Médias régionaux,22-летний сурхандарьинец стал инвалидом после пыток в милиции,https://news.google.com/rss/articles/CBMimgFBVV95cUxOSllIMVhlUFVRMUJZR0ZGcGRzSGlwYWRqY3hrdDcwMC1NVkl3S2pDdGpDYkZfT0FRQXIxQ3p2ZTg1OW5IcHNOd1dTWXgyTXd2VVBwYWZIY2FzMzlHU05RUDE5dVpBb241eXZDWlBZX3Z3UFI1WGw5NkxEZk9TSFRRSEl1ZGJYenNmeHVaa1I4SE1WZ1FEVXE2SmNn?oc=5,,0,E,BRUIT,False,Faible priorité,,porte régionale: aucun ancrage régional,0,0,0,0,0,0,,absent,aucun,aucun,False,navigation,2894,False,True,pertinent
2018-10-11T07:00:00+00:00,Centre1,Médias régionaux,Поможет ли глава СГБ Узбекистана жертве пыток из Сурхандарьи?,https://news.google.com/rss/articles/CBMimAFBVV95cUxOQUpzdEZ1eG0tQ2JCZzFPaTdpVHNkRW9jNVFxdVNWUnFhX1NzekJYY1hTbkNmQ3o1ZHNtTW5jRTV3bmNvcU1lTWRsMXUycGtBbHg4TEl0YmdPRkszQ1d0RUlPc0NNR2RsWXBsX00yb21ld3NOSER0SjJDOEQ3em9OYUViMkg4LXd1V0ZWVUQ2QjhMaXcyWFJ5WQ?oc=5,,23,E,FAIBLE,False,Répression / droits humains,узбекистан; узбек,"Asie centrale: узбекистан, узбек",12,0,5,0,6,0,ouzbekistan,sujet_principal,aucun,aucun,False,navigation,2894,False,True,pertinent
2018-09-25T07:00:00+00:00,Centre1,Médias régionaux,Фильм Михаила Бородина «Я нормальный» увидели в Ташкенте,https://news.google.com/rss/articles/CBMijwFBVV95cUxOQWtDcDVCZTdrbjQwcjVhNG8wVXlNWjFTNTI2aGMyN1lSaEJaM2tnSnZJUUNlZmhiRUJLMjI2VTNPX1VlT0podUNiaDE4MDNTQVl4b2hSY1VmYmdfa3hPcWNzQThoanMzTzFTbVNCM2hITng4QURGcExEVG0wRTViRmdpcmpyY0dHb3F1REp2bw?oc=5,,12,E,BRUIT,False,Faible priorité,ташкент,Asie centrale: ташкент; plafond V9: aucun ancrage HR principal,12,0,0,0,0,0,ouzbekistan,sujet_principal,aucun,aucun,False,navigation,2910,False,True,pertinent
2018-09-17T07:00:00+00:00,Human Rights Watch — russe,Droits humains & presse,«Мы живем в постоянном страхе»: Хранение экстремистских материалов в Кыргызстане | HRW,https://news.google.com/rss/articles/CBMiW0FVX3lxTFB6bW9FbXNQdlNFcnJ5MEp0WE5PSlRza25GcEJtSHNfdTExbGx0YU4tdDJvNUZIQy04RWt2M2d3NGFPOGp4MVdzdlcxaS14QlZCQU96TXlMZXBFUWc?oc=5,,12,E,BRUIT,False,Faible priorité,кыргызстан; кыргыз,"Asie centrale: кыргызстан, кыргыз; plafond V9: aucun ancrage HR principal",12,0,0,0,0,0,kirghizistan,sujet_principal,aucun,aucun,False,navigation,2918,True,True,pertinent
2018-09-09T07:00:00+00:00,Human Rights Watch — russe,Droits humains & presse,“Искореняя идеологическую заразу”: Репрессии китайских властей против мусульман в Синьцзяне | HRW,https://news.google.com/rss/articles/CBMiW0FVX3lxTE9uZzZrRWFnS0VIYVJDSm9faUNFLWhYSlJ1TC1ZbC1GQmNwbmszeHpnbXc1WHR1ZjdtOXVOdzZLZGJYYjBfVm9udXFyUlg2a0ZVVFNQLUh2ay0tT0k?oc=5,,0,E,BRUIT,False,Faible priorité,,porte régionale: aucun ancrage régional,0,0,0,0,0,0,,absent,aucun,pression_administrative,False,navigation,2926,True,True,pertinent
2018-09-01T08:58:05+00:00,OHCHR,Droits humains & presse,CRC/C/GC/13 - ohchr.org,https://news.google.com/rss/articles/CBMic0FVX3lxTE11b0dFVEh4ck1zOHZBd3F3RUdRMnhLUm9lMTFQa0x6bXNsM3BPdWxJSUcxRDRzZlB3cGZ6WTNKbGF1blUwbjBjdTh0c04waFVlcmJUWUpWS0R6OEQ1SGZ3M2h5QWtVczhCOU1fTzd1ZG05QWM?oc=5,,0,E,BRUIT,False,Faible priorité,,porte régionale: aucun ancrage régional,0,0,0,0,0,0,,absent,aucun,aucun,False,navigation,2934,False,True,pertinent
2018-08-21T07:00:00+00:00,Human Rights Watch — russe,Droits humains & presse,Туркменистан: ООН обвиняет власти в смерти активиста,https://news.google.com/rss/articles/CBMiWEFVX3lxTE1qRWtmTzNVamVvS2VGWHE4c1lpN2VwUUo5SXN2cFo0LW5ub3g0TlE4bW5KWjFnWTQzc3k5cnZUVFYyeGotU1JwVUx1aGJvcG9OUWp4VUZtVW4?oc=5,,24,E,FAIBLE,False,Politique intérieure,туркменистан; туркмен; активиста; власти,"Asie centrale: туркменистан, туркмен; plafond V9: aucun ancrage HR principal",12,10,0,0,2,0,turkmenistan,sujet_principal,opposant,aucun,False,navigation,2945,True,True,pertinent
2018-08-09T07:00:00+00:00,CIDCA (Chine),Médias officiels (contrepoint),China’s Foreign Aid (2011),https://news.google.com/rss/articles/CBMiWkFVX3lxTE5FTmpvRldNS1J6d3N2OFdhV0tuYUZKRm5GOVdSd3BDWFNyTjV1TXVrV1dicXpRVDFYRWx2OHVwRFA4N2hBd0NCSHRBUWwtbE9Hd3hkcGZqb28wUQ?oc=5,,12,E,BRUIT,False,Géopolitique majeure,china,porte régionale: aucun ancrage régional,0,0,0,0,5,7,,absent,aucun,aucun,False,navigation,2957,False,True,pertinent
2018-08-01T07:00:00+00:00,CIDCA (Chine),Médias officiels (contrepoint),What we do,https://news.google.com/rss/articles/CBMiTEFVX3lxTFBaOUtLa1FiUUVNcE1heXBhZmRieEJfVmlBUERJOXhkRGxUa3JQSjVXT2llVmROWDRjQTRsUGp2cFB6Qm9CQ0NSektraXg?oc=5,,0,E,BRUIT,False,Faible priorité,,porte régionale: aucun ancrage régional,0,0,0,0,0,0,,absent,aucun,aucun,False,navigation,2965,False,True,pertinent
2018-07-30T07:00:00+00:00,Human Rights Watch — russe,Droits humains & presse,Таджикистан: Разрешить выезд из страны больному раком ребенку,https://news.google.com/rss/articles/CBMiWEFVX3lxTE9wT0EzYlllajJGTXY2OVJjYThqU2l1RU15MjNyTHpEejhxMUhxWHZVaU9IeFhGbXhjR21wSE02XzgxZWw0YVpkU2M3dTFOcktiTVF6UFVYbHY?oc=5,,12,E,BRUIT,False,Faible priorité,таджикистан; таджик,"Asie centrale: таджикистан, таджик; plafond V9: aucun ancrage HR principal",12,0,0,0,0,0,tadjikistan,sujet_principal,aucun,aucun,False,navigation,2967,True,True,pertinent
2018-07-17T11:44:12+00:00,OHCHR,Droits humains & presse,- OHCHR Treaty Body Database,https://news.google.com/rss/articles/CBMiwwFBVV95cUxPT0s2TDQzNW5VUktKbWpHdWRyRzZKUHJXdXNHSjVZT2hEaWxpYmR5LXh0cndmdXdaZTF1Mm5XMDM1MkNFMFRWdWJKTGNOTmhqSDlqX3BTRkoyUEZxcUlISnpaQmFsZHpieXZoQmxrV1Y5Z2NBR3FleERBSTRyaHJseHRaaG91ZE9GNzM3UDQ4bVloSUs3YmdIbXhnanFvcHFRVW4wSUpjbURiZUN0ckhkSXY5MHd6SDNDaXd3RUJxTDBQSTg?oc=5,,0,E,BRUIT,False,Faible priorité,,porte régionale: aucun ancrage régional,0,0,0,0,0,0,,absent,aucun,aucun,False,navigation,2980,False,True,pertinent
2018-05-25T07:00:00+00:00,Human Rights Watch — russe,Droits humains & presse,Узбекистан: Умерла Василя Иноятова,https://news.google.com/rss/articles/CBMiWEFVX3lxTFBUckRnX2tLdHU2SU1RaVF5ekR2bHY0WmlfcUlYMEdRNDhFMlp0ZkVzUXdOQmRtWXUxZldERkZpNm1VQ0xuVl8yUkxWckVKSWRRdjQtcHBHT2M?oc=5,,12,E,BRUIT,False,Faible priorité,узбекистан; узбек,"Asie centrale: узбекистан, узбек; plafond V9: aucun ancrage HR principal",12,0,0,0,0,0,ouzbekistan,sujet_principal,aucun,aucun,False,navigation,3033,True,True,pertinent
2018-05-17T07:00:00+00:00,AP News — Kazakhstan,Médias indépendants,China’s mass indoctrination camps evoke Cultural Revolution,https://news.google.com/rss/articles/CBMiwwFBVV95cUxPVXlwWGItV1dvN25Lbkk0Ukk1bXc5bjdtYlQ0eTUtNjFWU2NmT0daR2puN0tZTkZKLTA2SG1sRVNMYlkwM3ZIV29uSzVfZUt4YmM0a2tKTXR6YUtmREZlUlB1T0FvSHJZbG9lcEhuNVdYX0N6WE5ReTVCQmNucnJRSlBSOXdnaG13bzFoUlc0NDFVc0xBaWs4T0YyZzM1MzluRjhxSFlmSGFzb0ZXenc5QUxrREo5UWpwUUtzMXFfUWxMbGc?oc=5,,12,E,BRUIT,False,Géopolitique majeure,china; cultural,porte régionale: aucun ancrage régional,0,0,0,0,5,7,,absent,aucun,aucun,False,navigation,3041,False,True,pertinent
2018-05-11T20:58:57+00:00,Human Rights Watch — russe,Droits humains & presse,EU | Country Page | World,https://news.google.com/rss/articles/CBMiWEFVX3lxTE8yM3FLWXBOdHJRV0VUZ3lfVlBGRXM5X2JQb0IyQnF5S2Q4NlFYam41Y3ZMYzJmRzMzamdHMVBYdS05emNPM2dVTkd1VnFDdWtyTUpPMmwzNDE?oc=5,,0,E,BRUIT,False,Faible priorité,,porte régionale: aucun ancrage régional,0,0,0,0,0,0,,absent,aucun,aucun,False,navigation,3046,True,True,pertinent
2018-05-11T20:19:26+00:00,Human Rights Watch — russe,Droits humains & presse,Армения | Country Page | World,https://news.google.com/rss/articles/CBMiYEFVX3lxTE9rblhDSDEtbGFnZ0tnYllldXQ5Zlo1b0swUjBnVFg0THZvUXBiRkw3ampnVWtjOVU3enl0Y2NDZFhIMDlNS3hhMW5nWDJ6Q25jT2VuM1c2M0dvamR0NXJPVg?oc=5,,12,E,BRUIT,False,Faible priorité,армения,Caucase: армения; plafond V9: aucun ancrage HR principal,12,0,0,0,0,0,armenie,sujet_principal,aucun,aucun,False,navigation,3046,True,True,pertinent
2018-05-10T07:00:00+00:00,Centre1,Médias régionaux,Шавкат Мирзиёев готовится к официальному визиту в США,https://news.google.com/rss/articles/CBMikwFBVV95cUxQWnlDelFaSExDRjBNY3p0bWNUZGtENUJJUnN5LUE4c0dyR2R0SVN1YUNPT0ZJY0RpSlBlQ0UzRXV0SUpucnNxQ1ZlTXY0cl9zTXlwcTJVVk1xQmw4VTBvVmZsSHNFM19RLUdSQ1hkZmlNWG1HcmJQbUN1dXNXLVVzZ2lEZl9xOTc1MUNacHAtMU1SSE0?oc=5,,12,E,BRUIT,False,Géopolitique majeure,сша,porte régionale: aucun ancrage régional,0,0,0,0,5,7,,absent,aucun,aucun,False,navigation,3048,False,True,pertinent
2018-04-26T20:57:32+00:00,Human Rights Watch — russe,Droits humains & presse,Свобода печати,https://news.google.com/rss/articles/CBMiZ0FVX3lxTE14czNTOFpzdTJyLWx6akJEcnIxekZwOENJWU5zakFLcXdwQU9KSVdsSld2X0pXR05UMUFxME1wVGlqYXpNcWx4T0hZVVpTbTZGLVliUzNYQV9za2JobzM1ZTZGWHpwdFU?oc=5,,0,E,BRUIT,False,Faible priorité,,porte régionale: aucun ancrage régional,0,0,0,0,0,0,,absent,aucun,aucun,False,navigation,3061,True,True,pertinent
2018-03-28T07:00:00+00:00,Human Rights Watch — russe,Droits humains & presse,"«Их не видно, но они всегда здесь»: Цензура и свобода СМИ в Узбекистане | HRW",https://news.google.com/rss/articles/CBMiW0FVX3lxTFB3RVFKRnVwTE1laUpKYndwbmkzbmNSeUJEUEhsVFZWQ3VtLWE5YUpsd3BVbG1JWmdrLV9XZHF5ZkQwbm8yLXBmZFlmSU01dUswREtkd2x5R3hvalU?oc=5,,30,E,FAIBLE,False,Répression / droits humains,узбекистан; узбек; СМИ; цензура,"Asie centrale: узбекистан, узбек",12,7,5,0,6,0,ouzbekistan,sujet_principal,journaliste,aucun,False,navigation,3091,True,True,pertinent
2018-03-23T04:21:14+00:00,Swiss Political Science Review,Économie & recherche,"2026 - Volume 32 , Swiss Political Science Review",https://news.google.com/rss/articles/CBMiV0FVX3lxTE9wUVlqb3J3UW5vQ1NfbmlscXR3aG1obWxIdDBQMTZHdlhId0V6VWl4Z3NWZjNrU19UTDA1RzFsUXVOZUo2YlZlQ1BSazdCR3c0MUpDbERldw?oc=5,,0,E,BRUIT,False,Faible priorité,,porte régionale: aucun ancrage régional,0,0,0,0,0,0,,absent,aucun,aucun,False,navigation,3096,False,True,pertinent
2018-03-16T07:00:00+00:00,AP News — Turkmenistan,Médias indépendants,PHOTO GALLERY: Russian President Vladimir Putin through the years,https://news.google.com/rss/articles/CBMiTkFVX3lxTFBDWVJRVUI3V192M25zOE1UaUlBWGdtTTBScDAwMjdaV1VUbExnQk1wQjFRcGl4eGJDNm5ub3pPM1Q2OXZISHFXR3hVdDBzQQ?oc=5,,0,E,BRUIT,False,Politique intérieure,president,porte régionale: aucun ancrage régional,0,0,0,0,2,0,,absent,aucun,aucun,False,navigation,3103,False,True,pertinent
2018-02-25T08:00:00+00:00,Sputnik,Médias officiels (contrepoint),N. Korean High-Level Delegation Arrives in S. Korea for Olympic Closing Ceremony,https://news.google.com/rss/articles/CBMikwFBVV95cUxQeURJVFNLM0JpT24tSHJ2R1lNQXJtZG5uVHVuLUp6SG9Ea3hIT05LaWp3cjVRbFl4S2YtWGVmV3FybEtZSlV3MHlrX05pM2F2N0QteUhaQ2NhOVlVclBXekpxWGs0anRZbFVrN24yYUc3ZHJnbm9oOWEyYUw0Tm1kTk56WGwtNW9fMGJFLTZoWkpkTDQ?oc=5,,0,E,BRUIT,False,Économie / géopolitique ordinaire,delegation,géopolitique / économie ordinaire; porte régionale: aucun ancrage régional,0,0,0,0,0,2,,absent,aucun,aucun,False,navigation,3122,False,True,pertinent
2018-02-20T08:00:00+00:00,International Crisis Group,Sécurité & géopolitique (think tanks),Winning the Post-ISIS Battle for Iraq in Sinjar,https://news.google.com/rss/articles/CBMipAFBVV95cUxOVTZvdHcxNjB4Y1g5TVBpTWNTYUpRMTI0NFBGa0c5dXBQbkh2dkp3U1N1Y21qZHkycUoyZU5SMjg2RktTa2hoNUhrVTdlNjlVVUtaemtndktxaHZENm9Mb3U5SlBfRlpOUkd4alVfRHI3S1QtZTNIdW9VUU1vbDdUZ2JuVk8xdnJqNlZiUkRxTmtUWHZ3b2VqUy1wcTk5ZG5tcjl5eQ?oc=5,,0,E,BRUIT,False,Faible priorité,,porte régionale: aucun ancrage régional,0,0,0,0,0,0,,absent,aucun,aucun,False,navigation,3127,False,True,pertinent
2018-02-14T08:00:00+00:00,Human Rights Watch — russe,Droits humains & presse,Германия: новый закон о соцсетях,https://news.google.com/rss/articles/CBMiWEFVX3lxTE9maWZYaGMwOEpvd3RvN0U5WDQ2LV9xSmpPMEVQR3VwOWl1czNJdHJxdjRId0RZU2VsQ1NPTXJTYlBERDJ0aXJtZHIwLU02UGsxUnB2MEJTQVQ?oc=5,,0,E,BRUIT,False,Faible priorité,,porte régionale: aucun ancrage régional,0,0,0,0,0,0,,absent,aucun,aucun,False,navigation,3133,True,True,pertinent
2018-01-29T08:00:00+00:00,International Crisis Group,Sécurité & géopolitique (think tanks),Turkey’s Syrian Refugees: Defusing Metropolitan Tensions,https://news.google.com/rss/articles/CBMiugFBVV95cUxOT0NJWld1M3R6em5sX1liRldoT1FuRFJqd2dSVWtHNGVlOW5fWHJuUXFmMDVWbFZ6RVd2amtfZmREbDNKa1ZmZ2M1Uy1xakRPMDlSNDd4aTduWjZzem82ME4tQkM2WnkzdGFCMncybFIwc1dxVFp0M1JHRE42cklDRG1pRV9TMUFQdGFsSWwwazI4ZmNCY1MtbTBJRkVoV0xac0NwLWpJbTkyWFQ1dU9sM082VVRkZGh5UlE?oc=5,,0,E,BRUIT,False,Faible priorité,,porte régionale: aucun ancrage régional,0,0,0,0,0,0,,absent,migrant,aucun,False,navigation,3149,False,True,pertinent
2018-01-17T18:14:24+00:00,Human Rights Watch — français,Droits humains & presse,Pays-Bas | Country Page | World,https://news.google.com/rss/articles/CBMiYkFVX3lxTE51WTNZTDFxcnF5ZVlWVWxlWmRyazBYS0hkQzVTcFo0QzluYVQ2UTFpbGJPN0tLRS1CYUZPVDNLUHUwNlJFWHNqWE53bDhNX3AwdUVMVnRxbFhNNjNoenZITHpB?oc=5,,0,E,BRUIT,False,Faible priorité,,porte régionale: aucun ancrage régional,0,0,0,0,0,0,,absent,aucun,aucun,False,navigation,3160,True,True,pertinent
2017-12-04T08:00:00+00:00,Human Rights Watch — français,Droits humains & presse,« Mission spéciale »,https://news.google.com/rss/articles/CBMivgFBVV95cUxPa2NVR0lnUGNNTko2MC1feHJHUTBWSkZ1UW1wNXlFc19JS0ZCWlkyS1BTcDNxNU1FbEhCcDJyNEd3SEtGUFA2Wnc4Um5hLXJNNzFhOFFCLXZab1d4eUFkUkdUY3FMa0hjbVN0Q1VIbzZGWGpOVXowNHo5dWFkWWVVanBwZzAtWVRBOWp0YTFBWDl1alNiVHpZMkk5Uk1qMjgtV0F4ZGRjdzVaSGRfQm5ReXZQdGNVNlFnUE5hRVpn?oc=5,,0,E,BRUIT,False,Faible priorité,,porte régionale: aucun ancrage régional,0,0,0,0,0,0,,absent,aucun,aucun,False,navigation,3205,True,True,pertinent
2017-11-28T16:13:21+00:00,ARTICLE 19,Droits humains & presse,Digital rights Archives - ARTICLE 19,https://news.google.com/rss/articles/CBMiW0FVX3lxTE8wRS1ON3pwemxtSEFUSEMzWGtZa05VTEpuNUJYLUVaT281MWVQSVczUFJhQ2liMkdOUjFoaEVXTTBNcXZ2YUhLWUhnM05qYmxxU0RnZlZHZWxOU2s?oc=5,,0,E,BRUIT,False,Faible priorité,,porte régionale: aucun ancrage régional,0,0,0,0,0,0,,absent,aucun,aucun,False,navigation,3211,False,True,pertinent
2017-11-28T16:11:33+00:00,ARTICLE 19,Droits humains & presse,Accountability - ARTICLE 19,https://news.google.com/rss/articles/CBMiU0FVX3lxTE9zOVNJbW5rNlE3Rzdxemk4eFJ6T0FnOVJETUxIa2tUbHliOG5odlVOSVhlZDl0OGxhOVFHY1hKZXdSUTJTVU1fOU9oTXFRdmEyOGtj?oc=5,,0,E,BRUIT,False,Faible priorité,,porte régionale: aucun ancrage régional,0,0,0,0,0,0,,absent,aucun,aucun,False,navigation,3211,False,True,pertinent
2017-11-28T16:10:22+00:00,ARTICLE 19,Droits humains & presse,Our funding - ARTICLE 19,https://news.google.com/rss/articles/CBMiTkFVX3lxTE1hNTNYaGF6Mjhka2x2b3ROZHFyYm1hN0pwNXVvSzEwTkY1MXJzRUlVemlscmUxaWNubU5pZEVZVjlJd2g2ZkVCcW1VbGY1UQ?oc=5,,0,E,BRUIT,False,Faible priorité,,porte régionale: aucun ancrage régional,0,0,0,0,0,0,,absent,aucun,aucun,False,navigation,3211,False,True,pertinent
2017-11-20T08:00:00+00:00,Human Rights Watch — russe,Droits humains & presse,Крым: Преследования крымских татар усиливаются,https://news.google.com/rss/articles/CBMiWEFVX3lxTFBxYkJJbjE5bXFTWlo3SEJzLXhIRDZKbHdvbDBoS1cwQmpUU0laY0FlX3pGeFlidW5tbVh2M2dXSS1DbGZVcTZUck1EWDljTXlvQUYtOGtLMk4?oc=5,,0,E,BRUIT,False,Faible priorité,,porte régionale: aucun ancrage régional,0,0,0,0,0,0,,absent,aucun,pression_administrative,False,navigation,3219,True,True,pertinent
2017-11-15T08:00:00+00:00,Human Rights Watch — français,Droits humains & presse,Le débat post-Harvey Weinstein en Corée du Sud,https://news.google.com/rss/articles/CBMijgFBVV95cUxPOC1naElja1hnallmRkxnZTdfV0o2Um9GMWZ2WUZQSXc2NUZxT1pxN0xTX3pQVUdEWndFRFVJNnVONk5kTl9QQ2JQTXhWTmdkR2lWQkdTOXh3VDkxYjUwN0VYR2FvQnE0bGxaeExNdkNTRC1qOGctZG1GNGlIajhMZERsbzVhUjlCcEdDd3FR?oc=5,,0,E,BRUIT,False,Faible priorité,,porte régionale: aucun ancrage régional,0,0,0,0,0,0,,absent,aucun,aucun,False,navigation,3224,True,True,pertinent
2017-11-08T08:00:00+00:00,Human Rights Watch,Droits humains & presse,“Everyone Blames Me”: Barriers to Justice and Support Services for Sexual Assault Survivors in India | HRW,https://news.google.com/rss/articles/CBMiuwFBVV95cUxPUE84ckpZZUQ4Z1JSb0NoeE1sN2xwSURuSnRJV3J6NW90NlQ2c3hSd0l0RzBrY1M5QTRqZjJHa2NETDBQZURQM1djMWF5eVpxdjJVejZ1YUdRbzVXQ1VycXVNN3hKUktRNU9RNnBWOWVNRGRJNHVvQ09kVlpTdk01M3dMUk1xZXZKeWRITFNqNFhDc21aN3ZQclBMMUYzei1oMHIxSEVqaVpnX01DU01qczdjRWtwbnNsZGFv?oc=5,,0,E,BRUIT,False,Faible priorité,,porte régionale: aucun ancrage régional,0,0,0,0,0,0,,absent,aucun,aucun,False,navigation,3231,True,True,pertinent
2017-11-07T08:00:00+00:00,Human Rights Watch — russe,Droits humains & presse,Туркменистан: Нападение на мать активиста,https://news.google.com/rss/articles/CBMiWEFVX3lxTE1GdXFfXzV3RFV6S29NSXE4eVd0WExkS0lLNmtDaTVFTHRRRDNTT1BXTVYwNE5KcG43OUtZaElLa2tiVGI1TDRJazFoNE82VlRqWC1qMUdIalk?oc=5,,22,E,FAIBLE,False,Faible priorité,туркменистан; туркмен; активиста,"Asie centrale: туркменистан, туркмен; plafond V9: aucun ancrage HR principal",12,10,0,0,0,0,turkmenistan,sujet_principal,opposant,aucun,False,navigation,3232,True,True,pertinent
2017-11-05T07:00:00+00:00,AP News — Kyrgyzstan,Médias indépendants,"100 years after Russian revolution, Lenin statues abound",https://news.google.com/rss/articles/CBMiugFBVV95cUxQSUlaYVZVbnRfeXRMejdPRW5Vc1dpWUJodmdXVGNEWkdDTDZrcTZMcXR1ZW1udERVR1g3U2pNeEhja2Y3RFRBVjk3RHNrWExGTG80MXZTSm1Ta1RfS25RZWx4Nm5ZbXhETm5VQTAwSV9zdkF1VENMck5HdHpJRTl5bGh5cGF6YndBbWxrTGdSalhpS01xLVZrOG5ZVURPaUM3cVhMQ000T2VUSlZoaVd1QkhDX2FUQlhsY2c?oc=5,,0,E,BRUIT,False,Faible priorité,,porte régionale: aucun ancrage régional,0,0,0,0,0,0,,absent,aucun,aucun,False,navigation,3234,False,True,pertinent
2017-11-02T07:00:00+00:00,AP News — Uzbekistan,Médias indépendants,"Acquaintances say bike path suspect was argumentative, angry",https://news.google.com/rss/articles/CBMizAFBVV95cUxNUVJWR1RGcUNiSE9pTWtiTlBQQ2VZVlJaWVkwNFljN2tfb0JZOXB5eEJDUWRnWXNSQjkzUlpVbnJ6bHBmUWJ1dlZPX0tWS0tSa0JMVXJhSUdzRWJIbWwxMGhidHFvU3hud3RPZ1luLXVzclA4azllN1hzdmhsbXJaWlBkTWpfdkxzbTdMRnJnZXd2TVoxdjhRSFlSYTA1Z1pGQ2RjaHhGVThOZkVLb0tWLVlCd3ZyQ3pVa2x3WDBtdHF4WjNORWc3SWZ1TFg?oc=5,,0,E,BRUIT,False,Faible priorité,,porte régionale: aucun ancrage régional,0,0,0,0,0,0,,absent,aucun,aucun,False,navigation,3237,False,True,pertinent
2017-10-25T07:00:00+00:00,Human Rights Watch — russe,Droits humains & presse,Узбекистан: Итоги первого года после Каримова – оптимизм с оглядкой,https://news.google.com/rss/articles/CBMiWEFVX3lxTE0zN1lRbUgtXzMzc2ItWVpma1F1bDRDQnVwd1ZnR1RoNkpKYk1Nc2JMVzJCcUNadERUbWFKQ1M0b2NTekZkOGdydEVPS2NtZkJDTi1fMjBqWTY?oc=5,,12,E,BRUIT,False,Faible priorité,узбекистан; узбек,"Asie centrale: узбекистан, узбек; plafond V9: aucun ancrage HR principal",12,0,0,0,0,0,ouzbekistan,sujet_principal,aucun,aucun,False,navigation,3245,True,True,pertinent
2017-09-11T16:27:16+00:00,Human Rights Watch — français,Droits humains & presse,États-Unis | Country Page | World,https://news.google.com/rss/articles/CBMiSEFVX3lxTFB5cjlvcUx2U210bnNuanFNbWR2cTlqNTFCaVNLOU1Iek4xc3lBZEw4a3NZbXFJUktBM1REbU1MYkdGcmphdmoxOQ?oc=5,,0,E,BRUIT,False,Faible priorité,,porte régionale: aucun ancrage régional,0,0,0,0,0,0,,absent,aucun,aucun,False,navigation,3289,True,True,pertinent
2017-09-07T15:27:20+00:00,Human Rights Watch — russe,Droits humains & presse,Румыния | Country Page | World,https://news.google.com/rss/articles/CBMiYEFVX3lxTE5VSFVNV2g4NmlOMFpoZHFpYzFfXzRJY2Q0R2JURGw5R091NWd4YnAybUNWTHpSbVM1Z0dla1FmQ3NWQ0U3emdNcTdoVjFWMFh2dGlSNlUzbDF3N2V4bkIyMg?oc=5,,0,E,BRUIT,False,Faible priorité,,porte régionale: aucun ancrage régional,0,0,0,0,0,0,,absent,aucun,aucun,False,navigation,3293,True,True,pertinent
2017-09-07T15:24:59+00:00,Human Rights Watch — français,Droits humains & presse,Roumanie | Country Page | World,https://news.google.com/rss/articles/CBMiYEFVX3lxTE9YWkQ3ZHpMS2dkLTFmU08tVkJ2ZTBVcGNPZWVFdE1iaml3R3ByS1lwTy1fTF9WRk5maXZwMlJJeEFKRFZXZm9fRmI0b0kwZmRXTy1PVDRSTXFRbExGUDdUaA?oc=5,,0,E,BRUIT,False,Faible priorité,,porte régionale: aucun ancrage régional,0,0,0,0,0,0,,absent,aucun,aucun,False,navigation,3293,True,True,pertinent
2017-09-07T10:39:41+00:00,Human Rights Watch — français,Droits humains & presse,Andorre | Country Page | World,https://news.google.com/rss/articles/CBMiX0FVX3lxTE94Z3ZKdS1PZVdSVGRNbjFjd3JkenFQVU1mcWl5dnY1ZENKTHhVX1VxcTZBMzJaZFhzdEUxNnJScV94dGlsSnotdGNEd1pyTWI5Snh6OGctRGZvaHI4LXVR?oc=5,,0,E,BRUIT,False,Faible priorité,,porte régionale: aucun ancrage régional,0,0,0,0,0,0,,absent,aucun,aucun,False,navigation,3293,True,True,pertinent
2017-09-07T10:38:41+00:00,Human Rights Watch — français,Droits humains & presse,Malte | Country Page | World,https://news.google.com/rss/articles/CBMiXEFVX3lxTE01RTV0djU4d3R3b2VCWWtMcTRqOGFKbnJyVlMxQTFYekVXY0lLaGN2aS1USGs1d3IwSmtYdTlNbk56MWpHWHc1SzAtQmExNVVuZ1pRRTZheWRTREds?oc=5,,0,E,BRUIT,False,Faible priorité,,porte régionale: aucun ancrage régional,0,0,0,0,0,0,,absent,aucun,aucun,False,navigation,3293,True,True,pertinent
2017-09-07T03:29:21+00:00,Human Rights Watch — russe,Droits humains & presse,Италия | Country Page | World,https://news.google.com/rss/articles/CBMiX0FVX3lxTFBBYmh1LURxb1ZwMGZMQkpaVVdQWmVEVWdIclBtSmllMjRTaVFScGNlWUoyQm1hMXY3eVBNbFdfcXFsanZPc3dYQTdndFk4MWE1STJHQnVkemttQjE0NTlJ?oc=5,,0,E,BRUIT,False,Faible priorité,,porte régionale: aucun ancrage régional,0,0,0,0,0,0,,absent,aucun,aucun,False,navigation,3293,True,True,pertinent
2017-09-07T03:26:41+00:00,Human Rights Watch — russe,Droits humains & presse,Сербия | Country Page | World,https://news.google.com/rss/articles/CBMiX0FVX3lxTE56VU9pVG53VVJQcFNJVE1Md1hLY2lRLTNNWU8zbmZvaWNhaDM5dlJDS2tTUE1feS1Fc1ZHdXNQVzdoRW1ITlY3LWJhOGp4TE84RGJJS0dueVFiSld4X3ZV?oc=5,,0,E,BRUIT,False,Faible priorité,,porte régionale: aucun ancrage régional,0,0,0,0,0,0,,absent,aucun,aucun,False,navigation,3293,True,True,pertinent
2017-09-07T01:43:48+00:00,Human Rights Watch — français,Droits humains & presse,Norvège | Country Page | World,https://news.google.com/rss/articles/CBMiX0FVX3lxTE1yNDJqRU1FRkVVUzhJWXc0eTBab3JZclUwVnBKamR2SV9mQ3Azdng0YmV2VkI2SG5JSjVJYVdyc05ScHF4THFrZ3c5YnhkSGczZjNraEtLc0lIdkl2UVJR?oc=5,,0,E,BRUIT,False,Faible priorité,,porte régionale: aucun ancrage régional,0,0,0,0,0,0,,absent,aucun,aucun,False,navigation,3293,True,True,pertinent
2017-09-06T18:41:13+00:00,Human Rights Watch — français,Droits humains & presse,Suède | Country Page | World,https://news.google.com/rss/articles/CBMiXEFVX3lxTE1qWUhSY2tKcGJERHJUMHdZQTY3RzRhN2hFaGk2RFhqZy1UTGhDNHVobVJlNnRTRnY2YUIzSlFROWIwODRPZkhZVm1pUFUydUt2WHlCY1NjOENHeEdU?oc=5,,0,E,BRUIT,False,Faible priorité,,porte régionale: aucun ancrage régional,0,0,0,0,0,0,,absent,aucun,aucun,False,navigation,3293,True,True,pertinent
2017-09-06T18:29:43+00:00,Human Rights Watch — français,Droits humains & presse,Belgique | Country Page | World,https://news.google.com/rss/articles/CBMiYEFVX3lxTE4tX2NXX0dyM3l4WFM3ek1KNlpKY2hzeHF2RFV3S1RPQ0s2Vkt4RG01WHdZUFZtYWdjLVBZZnlheFFlUlpuRFBWMk9TMW16cmFOQU84OElGMzhkOVZlV0w4aw?oc=5,,0,E,BRUIT,False,Faible priorité,,porte régionale: aucun ancrage régional,0,0,0,0,0,0,,absent,aucun,aucun,False,navigation,3293,True,True,pertinent
2017-09-06T18:21:13+00:00,Human Rights Watch — français,Droits humains & presse,Danemark | Country Page | World,https://news.google.com/rss/articles/CBMiYEFVX3lxTFB3NE1IVV82N1JOaUxLbHhubEpVZFI4U25Ia3ZRYkdBMXZIZ1hlTG4tSG1BVEk1WmZYNUMyVTROa0M4VW13RGJFa2d6dHdyUV9Ka2JwemwyQkpiQi16ZW01NA?oc=5,,0,E,BRUIT,False,Faible priorité,,porte régionale: aucun ancrage régional,0,0,0,0,0,0,,absent,aucun,aucun,False,navigation,3293,True,True,pertinent
2017-09-06T17:21:40+00:00,Human Rights Watch — français,Droits humains & presse,Albanie | Country Page | World,https://news.google.com/rss/articles/CBMiX0FVX3lxTE4za1dDNWVwUlphZjdDdlppWW5SOGVPMjQzU3Y2eDFCallQcXZtVkdNQ0ZTTmozeFJvNjVneUwyejVRQVM4ZTFrcHZzTWFqMHd0dks0M2QxT2R5TW52clpJ?oc=5,,0,E,BRUIT,False,Faible priorité,,porte régionale: aucun ancrage régional,0,0,0,0,0,0,,absent,aucun,aucun,False,navigation,3294,True,True,pertinent
2017-09-06T16:38:39+00:00,Human Rights Watch — russe,Droits humains & presse,Испания | Country Page | World,https://news.google.com/rss/articles/CBMiYEFVX3lxTE5JQmpqRlh4bUVDWXpLNVhMVXNOX1NXQ1J6ZC1nczExNGZVb1dJdjh1V3N2cF83YkpDZzRtOWU4RUlMUDN4SF9XUEtjcXdVekRrSUlJMk9fTDkwX3NCS2tPWA?oc=5,,0,E,BRUIT,False,Faible priorité,,porte régionale: aucun ancrage régional,0,0,0,0,0,0,,absent,aucun,aucun,False,navigation,3294,True,True,pertinent
2017-09-04T07:00:00+00:00,Human Rights Watch — russe,Droits humains & presse,"Туркменистан: Собственников жилья выселяют, оставляют без компенсации",https://news.google.com/rss/articles/CBMiWEFVX3lxTE5MMmdRSl83RzRUazROdjVsZ2xoSUFwaG1jVWRheFdLQzBacWxFS0I4TXp1Rkg4ckRDYXZnWGM1d2htNjZxNDhUSEd4UGl6RlNDcFR1cUtEek8?oc=5,,12,E,BRUIT,False,Faible priorité,туркменистан; туркмен,"Asie centrale: туркменистан, туркмен; plafond V9: aucun ancrage HR principal",12,0,0,0,0,0,turkmenistan,sujet_principal,aucun,aucun,False,navigation,3296,True,True,pertinent
2017-08-22T07:00:00+00:00,Swiss Political Science Review,Économie & recherche,The Emotional Underpinnings of Populism: How Anger and Fear Affect Populist Attitudes,https://news.google.com/rss/articles/CBMiZEFVX3lxTE1URTd6RGRSZloweUhFM3Q5Z2k4Y0ZaVnBveXY1cDdSa0hNMTZXSVBicWpPSWU1bDNuZ21HcWVtcTk3cHkxRDR1S1FmTTFycFc1OEtxVE9BNl9SeW9GRC1DSWI0NVY?oc=5,,0,E,BRUIT,False,Faible priorité,,porte régionale: aucun ancrage régional,0,0,0,0,0,0,,absent,aucun,aucun,False,navigation,3309,False,True,pertinent
2017-08-03T07:00:00+00:00,Human Rights Watch — russe,Droits humains & presse,Россия: Журналисту грозит выдворение в Узбекистан,https://news.google.com/rss/articles/CBMiWEFVX3lxTE1SOUluZjhFNG1yZWRPZFNMVHMyQl9pMXhKaHN1YnhEYkJqd1I3Z3ZVVUFrZlhyVXRpTUpSQmxQZVZsb1U0bl9IbExDcnlFRS1PS3lnZldIamw?oc=5,,24,E,FAIBLE,False,Géopolitique majeure,узбекистан; узбек; россия,"Asie centrale: узбекистан, узбек; plafond V9: aucun ancrage HR principal",12,0,0,0,5,7,"ouzbekistan, russie",sujet_principal,aucun,aucun,False,navigation,3328,True,True,pertinent
2017-06-27T07:00:00+00:00,Human Rights Watch — français,Droits humains & presse,Ouzbékistan : Travail forcé dans l’industrie du coton,https://news.google.com/rss/articles/CBMipgFBVV95cUxOLWVNZWVuQXdzS3Rld3NMU0pzdUZBVFpsUTFvS2lNbDI3NHkzN1YtYU1Rdy1iTUw0bVhxbV9rWXB3UW40aXRvSkNvUGhKeDRkSFh6T0ttdmJIVEZlSVhzQjVBMzJqdjg5eTEtd19LVklqancxY2FjMU9DYTlaX2NacnFDeVE5Q1VZWFltN015XzBoSkwydWxBVlJWcncxQkFLMmJEZER3?oc=5,,23,E,FAIBLE,False,Répression / droits humains,ouzbékistan,Asie centrale: ouzbékistan,12,0,5,0,6,0,ouzbekistan,sujet_principal,aucun,aucun,False,navigation,3365,True,True,pertinent
2017-06-27T07:00:00+00:00,Human Rights Watch — français,Droits humains & presse,Ouzbékistan : Travail forcé dans le cadre de projets financés par la Banque mondiale,https://news.google.com/rss/articles/CBMivgFBVV95cUxPZUt1cHlVdUt4VUJqV3ZqZlZPOUlKUlZfUDN4aGFmRVA3dmpYSUJRZi13enE1VmMtbXdpS2ppeGdHUnd1bDZiTURCYmFzbi1vMGxFUXJmMUdLU240SWg1WWg4bTkyWFl1cFp3M0RWeFlFWGZnMy1fby0ta3dHcXB6TUw0X2FfTGtUSmtCanBSZGNIeUZLM0VldEtHdlBxZDlMaE45TGZnQ2ttMGUxZUpoZ3dQR25KM05kdG85R09B?oc=5,,23,E,FAIBLE,False,Répression / droits humains,ouzbékistan,Asie centrale: ouzbékistan,12,0,5,0,6,0,ouzbekistan,sujet_principal,aucun,aucun,False,navigation,3365,True,True,pertinent
2017-06-21T07:00:00+00:00,Centre1,Médias régionaux,Эксперт: через двадцать лет Узбекистан может остаться без газа,https://news.google.com/rss/articles/CBMimwFBVV95cUxNbEdTV3FUbURQcGphLUg0dlIzdG9DMmRPTkxuT0lZNTVEWGJxTnl3NXhtdEo4ZlNGcnAxa1ZQeWwtVnRST2xsbGo0RGVQSE4xTUpLOWhmQjRlUlBhTDI3NDNQUnZES0hCSk15c1d5aWM5dml0YW9RdkpXV2FNeGdFYk9vZjhPRW8xdFlYRVQ5dW5zVlBFMHVuRldPVQ?oc=5,,12,E,BRUIT,False,Faible priorité,узбекистан; узбек,"Asie centrale: узбекистан, узбек; plafond V9: aucun ancrage HR principal",12,0,0,0,0,0,ouzbekistan,sujet_principal,aucun,aucun,False,navigation,3371,False,True,pertinent
2017-06-09T07:00:00+00:00,Centre1,Médias régionaux,Нилюфар Алиева: «Эту боль не передать...»,https://news.google.com/rss/articles/CBMidEFVX3lxTE9vQ2lyczZ3Mk51ZkZBTkk0WmVDQ3Z5R0Jxek9WbmE1NDdNeWpNNDhaMDA1YTQ2T2c2ZW5Lc1hoRVVqOE5UMDRzUE4xX05DNlRqT3BERy1jd3F6TXRJcmNFa2l6aXZpWGZNVnNsclRCTUpNSDNy?oc=5,,0,E,BRUIT,False,Faible priorité,,porte régionale: aucun ancrage régional,0,0,0,0,0,0,,absent,aucun,aucun,False,navigation,3383,False,True,pertinent
2017-06-01T07:00:00+00:00,International Crisis Group,Sécurité & géopolitique (think tanks),Nagorno-Karabakh’s Gathering War Clouds,https://news.google.com/rss/articles/CBMiwgFBVV95cUxQU3d6bjhvRlRVZmJzd0hZdjRoZ0ZuWENjUFB6cmVQemNYX3FpdXl4UWpvOTJOcFpTNktOZVNGWVllVGVyQWRaUGhraE5WcXVlN240OG5jTTgyZE1tZnRSUFVBSGIteFZwZ2VJbFJBUkhsVmR0UXNGYTFGYUQ0QjZEYWlnZE5YTVpGWV8yZEhQNW56dm5KMFhzVXpZdEhRem02QUM1TUlKc2ktdk90M2d4ZjEzYWZINWh6d3NOS0VqUFZkQQ?oc=5,,12,E,BRUIT,False,Géopolitique majeure,war,porte régionale: aucun ancrage régional,0,0,0,0,5,7,,absent,aucun,aucun,False,navigation,3391,False,True,pertinent
2017-05-26T07:00:00+00:00,Human Rights Watch — russe,Droits humains & presse,"«У них длинные руки, и они найдут меня»: Облава на геев в Чечне весной 2017 г. | HRW",https://news.google.com/rss/articles/CBMiW0FVX3lxTE5ma2x6eXRqYmlfOXNRNEVtVTh2Y01QVkR2R3I0dDZCbnAwSWNRU3RTNVlMdmZReVNpUUllYVdVdGx2ZHVsQ0k0WmJ3cktYVjBLUDJBckRVNkNlaVE?oc=5,,12,E,BRUIT,False,Faible priorité,чечня,Caucase: чечня; plafond V9: aucun ancrage HR principal,12,0,0,0,0,0,caucase_nord,sujet_principal,aucun,aucun,False,navigation,3397,True,True,pertinent
2017-05-18T07:00:00+00:00,Human Rights Watch — russe,Droits humains & presse,Украина: Блокировка российских интернет-компаний должна быть отменена,https://news.google.com/rss/articles/CBMiWEFVX3lxTE9xWkUtdDFmMTkxSUdHVEZtMF9pRmFMbHlEN0RvVFFrcmFtNVR2REs0YTJZa2JQbGF0bXVuMmt4Z0EzM2h2SjBabXJHaW5sMEc0aGYxcUttWGo?oc=5,,12,E,BRUIT,False,Géopolitique majeure,украина,porte régionale: aucun ancrage régional,0,0,0,0,5,7,,absent,aucun,aucun,False,navigation,3405,True,True,pertinent
2017-05-16T07:00:00+00:00,Centre1,Médias régionaux,«Узбекский Мейдофф» – Ахмад Турсунбаев – готов предстать перед судом,https://news.google.com/rss/articles/CBMimAFBVV95cUxObndraFd2S2tWV0VDSU5Val9GWHJfYVIxTll6TVJvVHVrMDI2NTZORTBRQk0xX3ZER09UNVJyckNuRFpxS3RhYW14SjFzMDNjd1MwSzhSN3hKNFlJZEwtcjdOZVEtYy02TEpzTksyTUNQYjFQUk1ROGk5d0o3anhFX000RmVHQlE1bWhrRndqRWJ1UXJNOFJzZg?oc=5,,12,E,BRUIT,False,Faible priorité,узбек,Asie centrale: узбек; plafond V9: aucun ancrage HR principal,12,0,0,0,0,0,ouzbekistan,sujet_principal,aucun,aucun,False,navigation,3407,False,True,pertinent
2017-05-08T07:00:00+00:00,Human Rights Watch,Droits humains & presse,Systemic Indifference: Dangerous & Substandard Medical Care in US Immigration Detention | HRW,https://news.google.com/rss/articles/CBMiuwFBVV95cUxQOXZSeHVCeG1KRUhwN3Z0VjE3eUdza2Q4OTZPQ1JoTjNDUEVHZnhHUG9aWXctV1B6aS0wSWVybklQWnRXTjJ4ZnpuRWJYbTBjUUNfVk9RRklHdXdIR2pscXhkY3l6R2NNNmMyU3pZSVFEYW5zV3dqV2RBWHNzb1pBZzVZRkFDYjB4Q0RpOHlzR3ZSRkpEbzZjVmpTdzRNX3JjZzZtclk5cVluS1p0WFJVczMtMDU4cnVBYjM4?oc=5,,0,E,BRUIT,False,Faible priorité,detention,porte régionale: aucun ancrage régional,0,0,0,0,0,0,,absent,aucun,detention,False,navigation,3415,True,True,pertinent
2017-05-01T07:00:00+00:00,Human Rights Watch,Droits humains & presse,Death by Chemicals: The Syrian Government’s Widespread and Systematic Use of Chemical Weapons | HRW,https://news.google.com/rss/articles/CBMiuwFBVV95cUxNbkJsLTBsUzZIQ0kwUThKeHAtazI2RFhXclhYeTZDNERsMnZxRXZTVFQzZE5ieTVOWjVTMWhFUXBsMnhIcnBjdkZ4SFk4TDA3czBUcFNVd0tCcjlpOC1sRVVHY0xpV2FjZ2lVRl9ZdzJhR1dRRS1rOERGSDdwZUhoN1NLbUlHUTEyczJJSGpQTHNRS1pXek5yalFJY2ZScGI4cGN0U1FhUVJZdm9DdThJSzRJSFdYVjYyVTJZ?oc=5,,0,E,BRUIT,False,Politique intérieure,government,porte régionale: aucun ancrage régional,0,0,0,0,2,0,,absent,aucun,aucun,False,navigation,3422,True,True,pertinent
2017-04-21T07:00:00+00:00,Human Rights Watch — russe,Droits humains & presse,Россия: Суд запретил Свидетелей Иеговы,https://news.google.com/rss/articles/CBMiWEFVX3lxTE5DdUtEdm1QVU5HNW1NckE4T1BnWGl0VEJabU1pRTFIc2ZHRXp0T0tNTWJseWZXY1hrak01Y0tZWHZzVUV5bGpnVE1HV1RDdXB2QVV4bWNqRU4?oc=5,,7,E,BRUIT,False,Géopolitique majeure,суд; россия,porte régionale: aucun ancrage régional,0,0,0,0,5,7,russie,sujet_principal,aucun,aucun,False,navigation,3432,True,True,pertinent
2017-03-14T12:48:03+00:00,Human Rights Watch — français,Droits humains & presse,République démocratique du Congo | Country Page | World,https://news.google.com/rss/articles/CBMicEFVX3lxTE40YTBSVi1TSGFOV1NrbkhTODRLamhiWTVEbDdHQ0w0U05hS0pnOE5sRHNGVkJQSk1HTURqT2VibG04SXJiQUlRVHBGcjJFaEVtTkpqV2RmM1dGN3Rlc0tkQ3YzWDJaWW9ReXZwNloyblc?oc=5,,5,E,BRUIT,False,Faible priorité,,porte régionale: aucun ancrage régional,0,5,0,0,0,0,,absent,aucun,aucun,False,navigation,3470,True,True,pertinent
2017-03-14T07:00:00+00:00,Human Rights Watch — français,Droits humains & presse,La France doit regarder en face les violations des droits humains par l'Azerbaïdjan,https://news.google.com/rss/articles/CBMivgFBVV95cUxPTGFjcjVNM1JrMDNMTnA1c2k5SU00dnVUQUxtTGl4NEhtSmpTeXJFeG1VZVo4bnVsd2Z2QTFLMkczNzI5OUNlWG15MXVlRGROS1Nqb044WmlGdTd3SllpU1ZWTi1fTWZzQmZWcnd2UFktQWJ3N0ZrX0w1UXFOZVp1RFV2cElYcV9nd2tBYXdIYXpldDNQczlaWHA4aHVwcVhjWEpjZlBLSGF0aFJ5WHhyT2JzTXd0WGc4aFU4TlFR?oc=5,,19,E,BRUIT,False,Faible priorité,azerbaïdjan; violations des droits humains,Caucase: azerbaïdjan; plafond V9: aucun ancrage HR principal,12,0,0,4,3,0,azerbaidjan,sujet_principal,aucun,aucun,False,navigation,3470,True,True,pertinent
2017-02-22T08:00:00+00:00,Human Rights Watch — français,Droits humains & presse,Arménie : Des enfants isolés et séparés inutilement de leurs familles,https://news.google.com/rss/articles/CBMiqgFBVV95cUxQY2V1ejE1UVM5VWMxVzVwRW5JRjlyQVJfdGlENXh6QVhNU2lGeExGNWhqUUJ3MklhbkRwVkhnQThGMHl4bU9RMERGeVFqZGx5YVJQRGVSVWJYS1NYeFdvN3FzZ2N5WHJZc1BsempnbkdRcHdHMW41UE9wWk9DNmhUVW15N2VuLTJhTm1KYml4NjRpWERGaWRvcXlzeHZWb3B5M1kwajFUV0dxQQ?oc=5,,12,E,BRUIT,False,Faible priorité,arménie,Caucase: arménie; plafond V9: aucun ancrage HR principal,12,0,0,0,0,0,armenie,sujet_principal,aucun,aucun,False,navigation,3490,True,True,pertinent
2017-02-22T08:00:00+00:00,Human Rights Watch — russe,Droits humains & presse,Армения: детей неоправданно изымают из семей и изолируют,https://news.google.com/rss/articles/CBMiWEFVX3lxTE55VzZJeWgzeDc2cHgzUmFXajdwNEZ5UkdGQWdUaTBDemo2d01zQWNMeGRzQlczNU1Yb19OcmQyNEc0SW9aZ3ZtdG9PUm5SYjFacGF2ek5Eb2o?oc=5,,12,E,BRUIT,False,Faible priorité,армения,Caucase: армения; plafond V9: aucun ancrage HR principal,12,0,0,0,0,0,armenie,sujet_principal,aucun,aucun,False,navigation,3490,True,True,pertinent
2017-01-23T08:00:00+00:00,Human Rights Watch — russe,Droits humains & presse,Россия: Законопроект о декриминализации домашнего насилия,https://news.google.com/rss/articles/CBMiWEFVX3lxTFBoYlhkcGd4bm16Tnk2SWJ1Z2VnT1ctMTZvQmZrYlkwV1g5Wk1LSHFkekJfWU9JZlN4clFra1ByUU1XdW5hOW84NF84R3JEeWh3YTR6dGxrUE4?oc=5,,12,E,BRUIT,False,Géopolitique majeure,россия,porte régionale: aucun ancrage régional,0,0,0,0,5,7,russie,sujet_principal,aucun,aucun,False,navigation,3520,True,True,pertinent
2017-01-12T14:56:47+00:00,Human Rights Watch,Droits humains & presse,World Report 2017: Rights Trends in Syria,https://news.google.com/rss/articles/CBMibEFVX3lxTE5Cc1lZaTF3b21PaTlEeU13MS1TNlBCRjlMTzIzUXRJM2VwdTFacXlTWlhNRk5FbWpGR09kLTZiU19wS0dTaDR4XzdiNjhFekI5TkxHX19iLUpoR3ZKaWdCdDBjUU5MaUhQLWk3eQ?oc=5,,0,E,BRUIT,False,Faible priorité,,porte régionale: aucun ancrage régional,0,0,0,0,0,0,,absent,aucun,aucun,False,navigation,3531,True,True,pertinent
2016-12-20T08:00:00+00:00,Human Rights Watch — russe,Droits humains & presse,Таджикистан: притеснения родственников оппозиционеров,https://news.google.com/rss/articles/CBMiWEFVX3lxTE5lUDB6Mm1ZUW8wOXo3VDI1RkpmTFhnYjF2RWN1MzhieXlnc291T0hLQjE1MVdpR2FoZmZqUlJ6M3Y5RTBBSkxaZC1YUUlLWkgzTHdHSWZ4M3M?oc=5,,22,E,FAIBLE,False,Faible priorité,таджикистан; таджик; оппозиционеров,"Asie centrale: таджикистан, таджик; plafond V9: aucun ancrage HR principal",12,10,0,0,0,0,tadjikistan,sujet_principal,opposant,pression_administrative,True,navigation,3554,True,True,pertinent
2016-12-15T08:00:00+00:00,Centre1,Médias régionaux,"«Green Card в России погубит коррупция», — говорят мигранты",https://news.google.com/rss/articles/CBMimAFBVV95cUxPelo5TnprTHZuYTRfZ01KWlM4YVMwb0I4TUNUOXZ3UjdtZEtCLVI0d091X1EtZWd1MDdQcVU4ZGtoYzdtcWstSHVwWGNYOXVGSldVMWxGVV83WmRocmdKSk5Nb0puLVNCYU5pQmlaWlc4LUN1UjdZQ0czNzQ5a0JOck9FaGl0dkhjVlMyVTBoa2dQYkVnRUtFRQ?oc=5,,0,E,BRUIT,False,Faible priorité,,porte régionale: aucun ancrage régional,0,0,0,0,0,0,,absent,migrant,aucun,False,navigation,3559,False,True,pertinent
2016-12-07T08:00:00+00:00,ARTICLE 19,Droits humains & presse,The Right to Protest: Principles on the protection of human rights in protests - ARTICLE 19,https://news.google.com/rss/articles/CBMitAFBVV95cUxQNGlVNkhkUkMxSWtrQ1NJa0ZDdjBQdmdwV1UwdlZrZlJZR3k2VDEzdWlNaVFqWjBIRERQVkRxcFFvbE5odmNJeUwzYkJiZ3RWZm9UNkxBdS1tMFRiNXdDcC1hOU44S2xEQm5XZUFFNEJUc0txRVNucjdtR2htY2s1OFZvamNwQ1VVdTB6MmVENlNjdThma1J2cElWUnU1cWJIV1IwMU9BeThsNklUc1I5cm5aZjU?oc=5,,8,E,BRUIT,False,Politique intérieure,human rights; right to protest; protest; protests,porte régionale: aucun ancrage régional,0,0,0,4,4,0,,absent,aucun,aucun,False,navigation,3567,False,True,pertinent
2016-11-27T01:01:22+00:00,Human Rights Watch — français,Droits humains & presse,Farida Deif,https://news.google.com/rss/articles/CBMiW0FVX3lxTFBVdGNmVjVyUktVZE1fV2hKQy1ZQndhYW0zeWhHeHRlXzMtOEE2YjN1aE9jZHY4U2hBZEJSaUUxVmUtV05OUHZrQmlZMVZ2eXNRZ2xLU25ZMnY3Vms?oc=5,,0,E,BRUIT,False,Faible priorité,,porte régionale: aucun ancrage régional,0,0,0,0,0,0,,absent,aucun,aucun,False,navigation,3577,True,True,pertinent
2016-11-25T08:00:00+00:00,Human Rights Watch — français,Droits humains & presse,Macédoine | Country Page | World,https://news.google.com/rss/articles/CBMiY0FVX3lxTFBIdjJNZjlXU2h5dkR0Vk9KLV9Vb2NVSXFkS3A3Mm1GWW1fTXY5My1VZXNPd0xqTGJHbDhNZDNtV3hyRFJzaVJ2QjJRVk4xaEM1N0QyUHcyVUpHdWNKYXA4Tk05NA?oc=5,,0,E,BRUIT,False,Faible priorité,,porte régionale: aucun ancrage régional,0,0,0,0,0,0,,absent,aucun,aucun,False,navigation,3579,True,True,pertinent
2016-09-23T07:00:00+00:00,Centre1,Médias régionaux,Депортация мигрантов из России: домой за свой счет,https://news.google.com/rss/articles/CBMilAFBVV95cUxQX2pCMVlZV1hUWEhOaTM1N3U4RklDTFRpYlJseHVEWmdsOGlnZlFNNnl6S0REOFdyQnVocHAtU2pnM2NRZW9YTHdTRGdSRFVFeExaR3l0NmhWeWhXOHJXbFd6NG10V2FYYUZXS2s1RUtRUVpMaTlMaXU3YnltelVsOTNoR0xibjVnVEpFUWFfazRITnJR?oc=5,,0,E,BRUIT,False,Faible priorité,,porte régionale: aucun ancrage régional,0,0,0,0,0,0,,absent,aucun,expulsion_extradition,False,navigation,3642,False,True,pertinent
2016-09-21T07:00:00+00:00,Human Rights Watch,Droits humains & presse,Tajikistan: Video Spotlights Crackdown,https://news.google.com/rss/articles/CBMifkFVX3lxTE4wTUFLYnZ0cF9ISlBnY2xoTkozTGh5YXhOSndOVDFoSFBvWl9GZ1FUMUNFUXR1VDZHb1R1MmJBMExBaFF3dl9rLUFjOWdiYklRZmVZZXh6c28zMXVzelFMMjRwWDBPNVp1RUVkTDBGNEdreW9HN0IxeDZ1U1Vkdw?oc=5,,32,E,FAIBLE,False,Répression / droits humains,tajikistan; crackdown,Asie centrale: tajikistan; plafond V9: aucun ancrage HR principal,12,0,14,0,6,0,tadjikistan,sujet_principal,aucun,pression_administrative,False,navigation,3644,True,True,pertinent
2016-09-02T07:00:00+00:00,Human Rights Watch,Droits humains & presse,Uzbekistan: Authoritarian President Karimov Reported Dead,https://news.google.com/rss/articles/CBMilwFBVV95cUxOOFoybnRMa0NNTlI3ZllyLTViODFaXzlJVXYyQUtab1pBR1huRGtySFF3dEdDMVB0bEhYNGVZNHdhMlI3cWhydW9JbmtuZE01VTFSMHcwUTRXMzNBeWh3NDlMS2xOeU5ZYVY4dTh6TGI3Ty15Zjc2cTc1ZEh6VGFfZTFMUlJseUZOTklKMDEwVk1xeHZCVm5v?oc=5,,14,E,BRUIT,False,Politique intérieure,uzbekistan; president,Asie centrale: uzbekistan; plafond V9: aucun ancrage HR principal,12,0,0,0,2,0,ouzbekistan,sujet_principal,aucun,aucun,False,navigation,3663,True,True,pertinent
2016-09-02T07:00:00+00:00,Human Rights Watch — français,Droits humains & presse,Ouzbékistan : Le président autocratique Islam Karimov serait décédé,https://news.google.com/rss/articles/CBMipwFBVV95cUxQMFo0TTF0MDBOaTlhdE1GQ0lNMHg2UnpBN0JlaE1qLS1aVzA2Tkt1Qmt0amlyUGRNT2VfNVlaa1dUVk94UURxQ3I5OVFWekg4SzZGbGNuZUIwTVNvOE5leVl5M0JJQnlmbTRnajNURHJma0w2eDhWbnlZMF9tU3Nray1EdjEyMFpHUTZicjcybld2WGJxWmM4VzZDNWJKT1pTY3FjaUt5OA?oc=5,,12,E,BRUIT,False,Faible priorité,ouzbékistan,Asie centrale: ouzbékistan; plafond V9: aucun ancrage HR principal,12,0,0,0,0,0,ouzbekistan,sujet_principal,aucun,aucun,False,navigation,3663,True,True,pertinent
2016-09-02T07:00:00+00:00,Human Rights Watch — russe,Droits humains & presse,Узбекистан: скончался авторитарный президент страны Ислам Каримов,https://news.google.com/rss/articles/CBMiWEFVX3lxTE5DQTlRUjBiRnZkOUpoYVFqSlE3Tnd5dm5NS3hsdE1hMk5HSXJQeTBnMWh2b2t4RFdhWnEwemlqTG5fa3VNaVM0b0h2dzcyMmlydjFGTEszWG8?oc=5,,14,E,BRUIT,False,Politique intérieure,узбекистан; узбек; президент,"Asie centrale: узбекистан, узбек; plafond V9: aucun ancrage HR principal",12,0,0,0,2,0,ouzbekistan,sujet_principal,aucun,aucun,False,navigation,3663,True,True,pertinent
2016-08-30T07:00:00+00:00,Human Rights Watch — russe,Droits humains & presse,«Как по минному полю» : Чеченские власти против несогласных | HRW,https://news.google.com/rss/articles/CBMiW0FVX3lxTE5mT3oxUzNET0RST3NvUEdsRlVCZlgtYjNVYmdybGI2eWpZU0VFODIzZVhRU2pGYVQ5aWdLQ2lyaDUzY1hVRHZkRlVTakc3U1IxR0VzRmo3VFpzR2s?oc=5,,14,E,BRUIT,False,Politique intérieure,чечня; власти,Caucase: чечня; plafond V9: aucun ancrage HR principal,12,0,0,0,2,0,caucase_nord,sujet_principal,aucun,aucun,False,navigation,3666,True,True,pertinent
2016-08-28T14:06:49+00:00,Human Rights Watch — français,Droits humains & presse,Bede Sheppard,https://news.google.com/rss/articles/CBMiXkFVX3lxTFBUcldnOExIR2s4X0RqUFZMdzZBMHNGNmZxOVl1dkEtY29HMmV1MWtKRkNmUGN3QmhwWEFBMnVScDBFZG5ydlhjeTJYTWdKTm1fM1lnY05LQUp2WHV1dVE?oc=5,,0,E,BRUIT,False,Faible priorité,,porte régionale: aucun ancrage régional,0,0,0,0,0,0,,absent,aucun,aucun,False,navigation,3668,True,True,pertinent
2016-08-27T22:19:23+00:00,Human Rights Watch — français,Droits humains & presse,Elaine Pearson,https://news.google.com/rss/articles/CBMiX0FVX3lxTE84SXM5Rzh3ZEZyRFAyamJTY2FYTDdOX3dlNWF1cWwxNEZPVGRUbXRwVkEwQlFldGNjX3pqYi0zWnVWWDE5ajdfMksteTRWVGpqaHJwR1VMZ09jZVV5RkJB?oc=5,,0,E,BRUIT,False,Faible priorité,,porte régionale: aucun ancrage régional,0,0,0,0,0,0,,absent,aucun,aucun,False,navigation,3668,True,True,pertinent
2016-07-28T12:00:35+00:00,International Crisis Group,Sécurité & géopolitique (think tanks),Central Africa,https://news.google.com/rss/articles/CBMiXkFVX3lxTFB2MWJIc191S1N2bjZQdF9yMVZoN2xjRlVFZC0tcnQwc2Z1MTBhU094QTFUdm9SdFoyTVlmWTB4dGJoSTU4eE5fOTlZX1oyQkNDRTRoSmZTTWVKMGJMaVE?oc=5,,0,E,BRUIT,False,Faible priorité,,porte régionale: aucun ancrage régional,0,0,0,0,0,0,,absent,aucun,aucun,False,navigation,3699,False,True,pertinent
2016-07-28T12:00:04+00:00,International Crisis Group,Sécurité & géopolitique (think tanks),Middle East & North Africa,https://news.google.com/rss/articles/CBMiYkFVX3lxTFBLUGFVcXktcFBsZU9NYTlrVGRfOWtnQ3lyM3hPMFhVTVJFMTgzcnRSSnpkeGl6ZENwQXpKNkxkOG1aLVVpeU00MWlWcFA1a3BuVW5FLUNwbFg2ODljYUE0RUNR?oc=5,,0,E,BRUIT,False,Faible priorité,,porte régionale: aucun ancrage régional,0,0,0,0,0,0,,absent,aucun,aucun,False,navigation,3699,False,True,pertinent
2016-07-28T12:00:02+00:00,International Crisis Group,Sécurité & géopolitique (think tanks),Latin America & Caribbean,https://news.google.com/rss/articles/CBMiYEFVX3lxTE1wSWpwNjVvbFEwRG9LaV9fYzRZMWhGYndFZ21xanNraTQ4bXhTamg4Q3BBSFNDeEN4a3VjRU9tV1JFNzd3dVQzbjlRQUhrdWU0TUpVdFExZ2h4blQ0Zmhkcg?oc=5,,0,E,BRUIT,False,Faible priorité,,porte régionale: aucun ancrage régional,0,0,0,0,0,0,,absent,aucun,aucun,False,navigation,3699,False,True,pertinent
2016-07-28T11:27:19+00:00,International Crisis Group,Sécurité & géopolitique (think tanks),Preventing War. Shaping Peace.,https://news.google.com/rss/articles/CBMiT0FVX3lxTE1TbUgyUGRibi1BTGs2VXc3bFcwQlRCQlZxdTJxenp3YlMxajJkbW5iMmpaTDkta0JwWmllMlpJRmtROXpYbG5SU2RTQjN3V2c?oc=5,,12,E,BRUIT,False,Géopolitique majeure,war,porte régionale: aucun ancrage régional,0,0,0,0,5,7,,absent,aucun,aucun,False,navigation,3699,False,True,pertinent
2016-07-23T01:28:10+00:00,AP News — Kazakhstan,Médias indépendants,Associated Press News: Breaking News | Latest News Today,https://news.google.com/rss/articles/CBMiNkFVX3lxTE1JRTBkY0d6emFJTklfMk1FZkEtdnc2dmtQVGhJQUcxb3cxdVZNajFoUnMxbGx1UQ?oc=5,,0,E,BRUIT,False,Faible priorité,,porte régionale: aucun ancrage régional,0,0,0,0,0,0,,absent,aucun,aucun,False,navigation,3704,False,True,pertinent
2016-07-21T07:00:00+00:00,Human Rights Watch — russe,Droits humains & presse,«Вас не существует»,https://news.google.com/rss/articles/CBMiW0FVX3lxTE9EWlVnV1FEeG5JTWJQd2NfVXk5d2lvenNnNUdHV3hEUzFWTmpNOVRGcEdVOFBqVzFnblBjN1hFeXIwN3JXVTlEVUY4Zkc1WThJeXhIbF94RlJxX2M?oc=5,,0,E,BRUIT,False,Faible priorité,,porte régionale: aucun ancrage régional,0,0,0,0,0,0,,absent,aucun,aucun,False,navigation,3706,True,True,pertinent
2016-06-15T16:57:28+00:00,Human Rights Watch — français,Droits humains & presse,Mihra Rittmann,https://news.google.com/rss/articles/CBMiX0FVX3lxTE5rdU5YSTVKamtTOVlxd19qSFY3ejRYbXJfb0RBSUU3aEw5UFI4WHowSDNHSk9DT2IyTnllQ1B0N3BkRnZ6YVdSaDAwbzZKUVFiVmEzb2NfLTI0U0Vjdldj?oc=5,,0,E,BRUIT,False,Faible priorité,,porte régionale: aucun ancrage régional,0,0,0,0,0,0,,absent,aucun,aucun,False,navigation,3742,True,True,pertinent
2016-06-13T21:44:13+00:00,Human Rights Watch — français,Droits humains & presse,Leslie Lefkow,https://news.google.com/rss/articles/CBMiXkFVX3lxTE9yUTdRNWFDMGlSd0VIMHFPUmVLTWhvRkxnb3QyZTBETEVXS2hPQm5mVi02TkF2c3U4cWpOLXdWbEFDQVRDQkhnajktWnhCS3NCT1JnR21EUFNhaG9PM2c?oc=5,,0,E,BRUIT,False,Faible priorité,,porte régionale: aucun ancrage régional,0,0,0,0,0,0,,absent,aucun,aucun,False,navigation,3743,True,True,pertinent
2016-05-23T07:00:00+00:00,Human Rights Watch — russe,Droits humains & presse,Казахстан: Подавление мирного протеста,https://news.google.com/rss/articles/CBMiWEFVX3lxTE1iRlhuZGVDc0NJeWVXakxCcGVDbHYxMmFQR2lVVzBqdC0xTzJCUjVmZWlENVZVT0dMUzZBSTRvb1Y0MmRoalF4clBEWUc2aUw3Y0hBb3J2elA?oc=5,,12,E,BRUIT,False,Faible priorité,казахстан; казах,"Asie centrale: казахстан, казах; plafond V9: aucun ancrage HR principal",12,0,0,0,0,0,kazakhstan,sujet_principal,aucun,pression_administrative,False,navigation,3765,True,True,pertinent
2016-03-21T17:26:21+00:00,Human Rights Watch,Droits humains & presse,Donate now to help defend human rights & save lives.,https://news.google.com/rss/articles/CBMiREFVX3lxTE85X3VKRzJzakpENzJrV28zV2dSSDlTOHZiS2VxYmN1dktZNU8wWENDNDN6TTVhWXdmbmEwajRBVWVhcHdL?oc=5,,7,E,BRUIT,False,Faible priorité,human rights,porte régionale: aucun ancrage régional,0,0,0,4,3,0,,absent,aucun,aucun,False,navigation,3828,True,True,pertinent
2016-03-12T17:36:05+00:00,Human Rights Watch — français,Droits humains & presse,Burundi | Country Page | World,https://news.google.com/rss/articles/CBMiT0FVX3lxTE11ZWVrQXlUczdadDBIXzd4Z20tWWhpb1BhNlA1ZGxESm1nMm53Q1Y0d1ZDb0h4ZlNtRC03eWlPbWExNV93RV8ydko0TkxMVWc?oc=5,,0,E,BRUIT,False,Faible priorité,,porte régionale: aucun ancrage régional,0,0,0,0,0,0,,absent,aucun,aucun,False,navigation,3837,True,True,pertinent
2016-03-02T23:25:04+00:00,Human Rights Watch — français,Droits humains & presse,Bruno Stagno Ugarte,https://news.google.com/rss/articles/CBMiZkFVX3lxTFB0YjNEUFUzVG1fdGxFT1ZrMEtxLTUyeVhMTFpjS2NSTjRoQTN4Y2JoRnlhTVJabXRCQzVsY01mZm5RbFJfV1JNQWZ4NnlVNFJYM01YRG1JM041RVR2aWtWT21JOXo3UQ?oc=5,,0,E,BRUIT,False,Faible priorité,,porte régionale: aucun ancrage régional,0,0,0,0,0,0,,absent,aucun,aucun,False,navigation,3846,True,True,pertinent
2016-02-27T08:00:00+00:00,Human Rights Watch — russe,Droits humains & presse,Таджикистан: Масштабное подавление политической оппозиции,https://news.google.com/rss/articles/CBMiWEFVX3lxTFB6cFdZaHR0d3A1ZTdhbTNhd2RmVEFtN1JMMHI5enM5cVBNU0FaVU54M2cwZWZGTWpHWWhLd0k2b0dlTXlTWjh5V1FBT1BIbDZidFdsNElwd0Q?oc=5,,12,E,BRUIT,False,Faible priorité,таджикистан; таджик,"Asie centrale: таджикистан, таджик; plafond V9: aucun ancrage HR principal",12,0,0,0,0,0,tadjikistan,sujet_principal,aucun,pression_administrative,False,navigation,3851,True,True,pertinent
2016-01-07T23:05:49+00:00,Human Rights Watch — français,Droits humains & presse,Emina Ćerimović,https://news.google.com/rss/articles/CBMiYEFVX3lxTFBaNkk4QTdGdTR0aEZVeFM2S1l3cmYyTHhiX0FUNzRDdWNDNlROVXVyZ29LUkZOblBSYlNaWG9NVWFGSFE0T3o3ZnkzSkZNT1d0by1QcjFJQjRTY0pfN0MxVg?oc=5,,0,E,BRUIT,False,Faible priorité,,porte régionale: aucun ancrage régional,0,0,0,0,0,0,,absent,aucun,aucun,False,navigation,3901,True,True,pertinent
2015-12-16T08:00:00+00:00,Human Rights Watch — russe,Droits humains & presse,Сирия: Истории погибших задержанных,https://news.google.com/rss/articles/CBMiWEFVX3lxTE1GVzRxOTRpWmlNY2oxSU5PWmk3cmhjcldhTnhGUU9kMDJ5Y0ltNHFRVkRiS2lWTHQ5NFdVbTB1LWpQWElvdi1vck9UUzRRRF9OSTVsSjZYYW0?oc=5,,0,E,BRUIT,False,Faible priorité,,porte régionale: aucun ancrage régional,0,0,0,0,0,0,,absent,aucun,detention,False,navigation,3924,True,True,pertinent
2015-11-12T08:00:00+00:00,Human Rights Watch — français,Droits humains & presse,Ouzbékistan : Un activiste a été libéré après 21 ans de prison,https://news.google.com/rss/articles/CBMingFBVV95cUxNVWtkakR0YlZndk1tcWVZellBRF9HMDRoaGJiaWxpS29hVkllRjU1cERNbnpObjlLOXRLSlhiRjhnS2NmS3ZiNFl5YmJhNDNKTXBvdTR6M1BaMHBlVXMxNGl1UDRGNDgtNHFlX1Zsd3E4U2lVUHRmLVhtenlhTVByMXFKdWhXaE5meDFGUTliV1JIQ0FSSmRDS245aVlFZw?oc=5,,22,E,FAIBLE,False,Faible priorité,ouzbékistan; activiste,Asie centrale: ouzbékistan; plafond V9: aucun ancrage HR principal,12,10,0,0,0,0,ouzbekistan,sujet_principal,opposant,aucun,False,navigation,3958,True,True,pertinent
2015-11-10T16:25:38+00:00,Human Rights Watch,Droits humains & presse,TAJIKISTAN -- LENINABAD: CRACKDOWN IN THE NORTH,https://news.google.com/rss/articles/CBMiXEFVX3lxTE5aVE15bmdYYTNnU0UzcFdNNWZRcEljeGZrWXZoa2szUUFRa1BqS3RuZkptaDJ3WFhpTmpKSkl3b0ZnZW9Ucm9PQmw5YVBBazhwS1lUcHdPMUFwSlgt?oc=5,,32,E,FAIBLE,False,Répression / droits humains,tajikistan; crackdown,Asie centrale: tajikistan; plafond V9: aucun ancrage HR principal,12,0,14,0,6,0,tadjikistan,sujet_principal,aucun,pression_administrative,False,navigation,3960,True,True,pertinent
2015-10-28T07:00:00+00:00,Human Rights Watch — russe,Droits humains & presse,"«Вызывайте, когда будет убивать»: Реагирование государства на семейное насилие в Кыргызстане | HRW",https://news.google.com/rss/articles/CBMiW0FVX3lxTE5ma2YyaWdkdFZmcVJGTUgzN1pZRVE4T3lKOUhZdlVwZnZuQV9UdVNxZ1FyME5OOXlZR3F1MFFOSWVRQTBsOXVMMVJ2clpnU25tSlFUX0dRdG0zNm8?oc=5,,16,E,BRUIT,False,Droits spécifiques,кыргызстан; кыргыз; семейное насилие,"Asie centrale: кыргызстан, кыргыз; plafond V9: aucun ancrage HR principal",12,0,0,4,0,0,kirghizistan,sujet_principal,aucun,aucun,False,navigation,3973,True,True,pertinent
2015-10-23T07:00:00+00:00,Human Rights Watch — français,Droits humains & presse,Slovénie | Country Page | World,https://news.google.com/rss/articles/CBMiYkFVX3lxTE5aMks1dmZzVndFRnVwWUZuaHJkZmx3UDc0MGduMHloWjFSY1htTGlGelZ2Rng1ZG5nbTRCYm9hOXkyT3lHVGxiX2NBTFNjZ0x6QmwwbENKajZON0xjY2ZXUlhB?oc=5,,0,E,BRUIT,False,Faible priorité,,porte régionale: aucun ancrage régional,0,0,0,0,0,0,,absent,aucun,aucun,False,navigation,3978,True,True,pertinent
2015-10-19T07:00:00+00:00,Swiss Political Science Review,Économie & recherche,Conclusion: The Political Consequences of the Polarization of Swiss Politics,https://news.google.com/rss/articles/CBMiZEFVX3lxTE9zYWhBdnpUQkRwaG1DMjUzem9lX01wM3lTa193N0NvMTdFcXRHdUxYa1VrU2UxMUpPQmJHd1JoRU84OG1PaVVfZlh2VlFyR2JUcnBualRjU0FsbTY1WW1RZV9SQTA?oc=5,,0,E,BRUIT,False,Faible priorité,,porte régionale: aucun ancrage régional,0,0,0,0,0,0,,absent,aucun,aucun,False,navigation,3982,False,True,pertinent
2015-09-02T22:05:50+00:00,Human Rights Watch — français,Droits humains & presse,Heather Barr,https://news.google.com/rss/articles/CBMiXEFVX3lxTE5yVlVPdkNyTkdGVkJaWUphZEVpcm1tZmdCdVlQS1RuRUlIYzNaczBOSFlKRmJnRWpUdFlINUI0aWJyRl8zMlpna2tsSXdaaGlaZGNNeEpPanZlc1NR?oc=5,,0,E,BRUIT,False,Faible priorité,,porte régionale: aucun ancrage régional,0,0,0,0,0,0,,absent,aucun,aucun,False,navigation,4028,True,True,pertinent
2015-07-14T07:00:00+00:00,Human Rights Watch — français,Droits humains & presse,Arménie : De nombreux malades souffrent de manière évitable en fin de vie,https://news.google.com/rss/articles/CBMirwFBVV95cUxPUE1pdEhzdWlRNDA3TmE0dTlXUEJrelBTc2wxUVA5M2E1akItdHZ0R1hnRVZ1YlVJbnliMGpmeXN3bjlfU3BuVXBfS2t0M3M4RHhHckNDNEpyWkg2V3BJX1ZlQzFiRXR6NHVRZzc4cngzXzVqTkdVenltZEdIX3c4T3Z3MlBILTVfaXpkQ3NZc292MU5fSjdZLXU4NmFjRGxNRWNLVExvOTNEOFFvVFU0?oc=5,,12,E,BRUIT,False,Faible priorité,arménie,Caucase: arménie; plafond V9: aucun ancrage HR principal,12,0,0,0,0,0,armenie,sujet_principal,aucun,aucun,False,navigation,4079,True,True,pertinent
2015-07-07T19:23:54+00:00,Human Rights Watch,Droits humains & presse,Previous World Reports,https://news.google.com/rss/articles/CBMiVEFVX3lxTE5iWkhsQlFkc3BFQklrU25vZTdtNHBvREVRTlZmSWZNdk5KdkY4cmR3N2RjZC1vWklYcXdYR2Vzc1hETm1VNEh0d2prcmFOVzVFV3BVcg?oc=5,,0,E,BRUIT,False,Faible priorité,,porte régionale: aucun ancrage régional,0,0,0,0,0,0,,absent,aucun,aucun,False,navigation,4085,True,True,pertinent
2015-07-03T01:51:25+00:00,Human Rights Watch — français,Droits humains & presse,Elizabeth Evenson,https://news.google.com/rss/articles/CBMiY0FVX3lxTE04NkxSc19vTXd2TmdZOFR4b3kxVHBadEl0d1A2ZjlOUmNoTEtDVXRtUlFBR3NrSy1YMHNFRmVPWGd5Q0xxNDU2SThFaXdnM1FWeWJwYmpfdE1QSDRjb1VpSE84VQ?oc=5,,0,E,BRUIT,False,Faible priorité,,porte régionale: aucun ancrage régional,0,0,0,0,0,0,,absent,aucun,aucun,False,navigation,4090,True,True,pertinent
2015-07-02T06:35:12+00:00,Human Rights Watch — français,Droits humains & presse,San Marino | Country Page | World,https://news.google.com/rss/articles/CBMiY0FVX3lxTE02bnc4Z3k2NDI2RWJIX0Q5NEpGYlVBTERqRkdVcTRHX0VVellPV25pZGpXb3cwdmNxajFIMDhsODF6ZWZyZ0lRN2VaVERJNldFYU1EalFCNW1YZm1ZQU9RS3VCYw?oc=5,,0,E,BRUIT,False,Faible priorité,,porte régionale: aucun ancrage régional,0,0,0,0,0,0,,absent,aucun,aucun,False,navigation,4091,True,True,pertinent
2015-07-02T06:34:10+00:00,Human Rights Watch — français,Droits humains & presse,Monaco | Country Page | World,https://news.google.com/rss/articles/CBMiXkFVX3lxTFBlRm1nekhKM1Y3blVnaHB0aWhEMDhDSFJlQXVCNlBvLW5XYkE2Qm5hUzZ1U3JZMjdPSUJkeU5RYlVQRFNKVzNuVy1OVnZzRkNqNDN4ZWlmWlZ0WU82Mmc?oc=5,,0,E,BRUIT,False,Faible priorité,,porte régionale: aucun ancrage régional,0,0,0,0,0,0,,absent,aucun,aucun,False,navigation,4091,True,True,pertinent
2015-07-02T06:33:45+00:00,Human Rights Watch — français,Droits humains & presse,Liechtenstein | Country Page | World,https://news.google.com/rss/articles/CBMiZ0FVX3lxTFBNTEpWYThrbzlXLUg1MmJ6ZDBjSlhOU0g4RUpnQlFueS1HeUlZMFExUzFReUZZX0dpN0pJZ0FXYVAwMXd6ZjRKS2lXdC1hZ1NEQkVXcEx4Y051emw0V1p3THN5Y3NCQ28?oc=5,,0,E,BRUIT,False,Faible priorité,,porte régionale: aucun ancrage régional,0,0,0,0,0,0,,absent,aucun,aucun,False,navigation,4091,True,True,pertinent
2015-07-02T01:29:49+00:00,Human Rights Watch — français,Droits humains & presse,Balkees Jarrah,https://news.google.com/rss/articles/CBMiX0FVX3lxTFBzc0NlakZmVzVudTdtSDlmR0FkMlhUcDZtVlFWUkx3QTRqTUx5cTNjSGpXVk5aLXNYT3FtUnUxMlJyazRrRHhVLU5ydDRiYUlMX25BTlRWeERSbkkwb1hZ?oc=5,,0,E,BRUIT,False,Faible priorité,,porte régionale: aucun ancrage régional,0,0,0,0,0,0,,absent,aucun,aucun,False,navigation,4091,True,True,pertinent
2015-07-01T20:15:30+00:00,Human Rights Watch,Droits humains & presse,Board of Directors,https://news.google.com/rss/articles/CBMiXEFVX3lxTE1xQUVRSk1nZlRUdFRYajdhR19DMUpXdlcyb2xsdmNHSTBjemNoQmRXN2dxSzdqc3NuTG5USmJRck1fa1Vnc0FFUFhhTmFQcTg4RzNIZHhxOGppWEtr?oc=5,,0,E,BRUIT,False,Faible priorité,,porte régionale: aucun ancrage régional,0,0,0,0,0,0,,absent,aucun,aucun,False,navigation,4091,True,True,pertinent
2015-07-01T19:47:31+00:00,Human Rights Watch — russe,Droits humains & presse,Нидерланды | Country Page | World,https://news.google.com/rss/articles/CBMiZEFVX3lxTE5GdnVsYmY0RExURTN4ODN0NU9yRkExdThTc3hHTnViaGNnN09QQ1lkeEI5MFJQZHNyd01fczE1WHI0X0l3czdqWnB6ZG5vaXZNa1Y5bnUyTVZwRUUtZ1p0T2tTdGI?oc=5,,0,E,BRUIT,False,Faible priorité,,porte régionale: aucun ancrage régional,0,0,0,0,0,0,,absent,aucun,aucun,False,navigation,4091,True,True,pertinent
2015-07-01T18:22:50+00:00,Human Rights Watch — russe,Droits humains & presse,Польша | Country Page | World,https://news.google.com/rss/articles/CBMiXkFVX3lxTE9qSnBrMDZHaUcweXdjM2ZYM2dSUVV3cTk3TmpSOUdJS1N2a2hSQ093MnBwZ0dDYVJ6TkV2SVUwMjF3NFF4N1BvbEdjN3o4NDNWS3IyZHpGU3I4M1FOVGc?oc=5,,0,E,BRUIT,False,Faible priorité,,porte régionale: aucun ancrage régional,0,0,0,0,0,0,,absent,aucun,aucun,False,navigation,4091,True,True,pertinent
2015-07-01T18:22:45+00:00,Human Rights Watch — russe,Droits humains & presse,Венгрия | Country Page | World,https://news.google.com/rss/articles/CBMiX0FVX3lxTE5SVU5QdU1YR1lFN21Ud0N6TVJTeUpaWlZfc1JzTmNtcnZHSGszaEVlbldiMW92TDA0RGZacDg2TThuYzBMQTRGZnYyR3pLR0MwOS1rN1RObGZwM3RucXRr?oc=5,,0,E,BRUIT,False,Faible priorité,,porte régionale: aucun ancrage régional,0,0,0,0,0,0,,absent,aucun,aucun,False,navigation,4091,True,True,pertinent
2015-07-01T18:01:55+00:00,Human Rights Watch — français,Droits humains & presse,Portugal | Country Page | World,https://news.google.com/rss/articles/CBMiYEFVX3lxTE9keU5PeFhfMXhZeFVNdzdvUzJZclBOY29Nb2x0eFp0bWdlWkZacmFRa1c3bGpTaXIyM3VHbTB1N3M4aUFUWmd1UWlQakczQ05uT2I0TG9IV2lWSWg0Zkl4QQ?oc=5,,0,E,BRUIT,False,Faible priorité,,porte régionale: aucun ancrage régional,0,0,0,0,0,0,,absent,aucun,aucun,False,navigation,4092,True,True,pertinent
2015-07-01T17:59:18+00:00,Human Rights Watch — russe,Droits humains & presse,Франция | Country Page | World,https://news.google.com/rss/articles/CBMiXkFVX3lxTE16MGlxVTRvd3p4Uk1VeDRrWkx4ejkxNExhNEdranB1cmMtbUlBU3ZRX05SOWpMRmN1WjNnOW1GdkpIUURleXMta05EcnhTeUI4MFJRQ2tuU2dlYTJaR3c?oc=5,,0,E,BRUIT,False,Faible priorité,,porte régionale: aucun ancrage régional,0,0,0,0,0,0,,absent,aucun,aucun,False,navigation,4092,True,True,pertinent
2015-07-01T04:41:24+00:00,Human Rights Watch,Droits humains & presse,Georgia | Country Page | World,https://news.google.com/rss/articles/CBMiW0FVX3lxTFB4S3FXUFktd3lTX0VRTTIzeGFnMzZlVU5DUGctOGNWMkUtbmljRjRJVG9Eem0xa2ZUYkdiUHNMcEQ1U1FWanFJX2diRFZKLU9hbksxQjY4YkNRY3c?oc=5,,12,E,BRUIT,False,Faible priorité,georgia,Caucase: georgia; plafond V9: aucun ancrage HR principal,12,0,0,0,0,0,georgie,sujet_principal,aucun,aucun,False,navigation,4092,True,True,pertinent
2015-07-01T03:40:44+00:00,Human Rights Watch — russe,Droits humains & presse,Туркменистан | Country Page | World,https://news.google.com/rss/articles/CBMiZkFVX3lxTE5TUkdzNmM2YXZ1djF4WlRFNW9ZU0xqRGdGZmR3R2ItTEx4bndpbWh6RDFFamJLM2VQM3NsWkppOWd2YXNjc0V6bFZFVnVsTjVVVUNTQnFYaWFMblZiaVdFc0E4bHNsdw?oc=5,,12,E,BRUIT,False,Faible priorité,туркменистан; туркмен,"Asie centrale: туркменистан, туркмен; plafond V9: aucun ancrage HR principal",12,0,0,0,0,0,turkmenistan,sujet_principal,aucun,aucun,False,navigation,4092,True,True,pertinent
2015-06-30T20:23:10+00:00,Human Rights Watch,Droits humains & presse,Giorgi Gogia,https://news.google.com/rss/articles/CBMiWEFVX3lxTE4tUkJOTXNqSk1TUlhPVXlhUTdobk5SSWFLbWtSaXpOVHZkNXFhZ2FDMkd0S3F0SUVlbzVuN2U0NHp3eTJrWG9ZaDV0UThWYUcxd0UxZVE3RlU?oc=5,,0,E,BRUIT,False,Faible priorité,,porte régionale: aucun ancrage régional,0,0,0,0,0,0,,absent,aucun,aucun,False,navigation,4092,True,True,pertinent
2015-06-19T07:00:00+00:00,Human Rights Watch — français,Droits humains & presse,John Fisher,https://news.google.com/rss/articles/CBMiW0FVX3lxTE9mVzlQU2JfSk9WeW5wdXlJUE95TnlXYWRxb1g2aUlBaXh2ZEhmSFlsb0VNR2xESXE3clFsRGdKN2lSNFdGT2FFSF9ITzE4NVB5MjdKMGY4SjBCQTQ?oc=5,,0,E,BRUIT,False,Faible priorité,,porte régionale: aucun ancrage régional,0,0,0,0,0,0,,absent,aucun,aucun,False,navigation,4104,True,True,pertinent
2015-05-21T07:00:00+00:00,World Uyghur Congress,Droits humains & presse,WUC Designates June 15th as International Uyghur Language Day,https://news.google.com/rss/articles/CBMiUkFVX3lxTFByc2R6TWg4Q0NHZS16bFpzVXFkYTAwUUR2SkZuek1lNFk4N3FYSzNGNFhyQmU2aUdSUlZqdXQzN3pqUG9OTXZHbDVRRGVvUURRaVE?oc=5,,12,E,BRUIT,False,Faible priorité,uyghur,Ouïghours: uyghur; plafond V9: aucun ancrage HR principal,12,0,0,0,0,0,xinjiang,sujet_principal,minorite_ethnique,aucun,False,navigation,4133,False,True,pertinent
2015-03-18T07:00:00+00:00,Human Rights Watch,Droits humains & presse,HRW Publications - After Liberation Came Destruction,https://news.google.com/rss/articles/CBMifkFVX3lxTE1nTnV5Q2NObVhUMVBReGVzbzE4LXk5eVZBWnI2Ml9hWGV6RXA3ck9kdWRMWHdLT2R0NjQ3eXBFSzFqUDhFNk9ZZDhqLVo2VDd3ckNzMDdEYTh0Nkl5WkhBclNhaFhwNmtBWDZhUzZKLU1iRGN6S201dHFBUjN0UQ?oc=5,,0,E,BRUIT,False,Faible priorité,,porte régionale: aucun ancrage régional,0,0,0,0,0,0,,absent,aucun,aucun,False,navigation,4197,True,True,pertinent
2014-12-15T08:00:00+00:00,Human Rights Watch — russe,Droits humains & presse,Лицензия на травлю: Гомофобное насилие и преследование ЛГБТ - сообщества в России | HRW,https://news.google.com/rss/articles/CBMiW0FVX3lxTE1BUXVVdDhuRnc2VkFzOUJGcVZ3Mi1OSW1ZRl9wMXBHeTRwUVRDQURCSVdYaGJNQ3pJM09YdE9uaFdpVktuczJaeE8xNERJYnZRZVF0RFF5NHZuaWM?oc=5,,2,E,BRUIT,False,Droits spécifiques,ЛГБТ,porte régionale: aucun ancrage régional,0,0,0,2,0,0,,absent,aucun,pression_administrative,False,navigation,4290,True,True,pertinent
2014-11-17T08:00:00+00:00,Human Rights Watch — russe,Droits humains & presse,Поражение в правах: Нарушения в Крыму | HRW,https://news.google.com/rss/articles/CBMiW0FVX3lxTE1HcWVsaGpLTEFnVXNFWTBHQ3NOcFJXVC1uVWFsRTlmQ3NoV1YtWXBDSmExSTR3bmhDNTFmcUxManlVWFJLdnk3c1JCSkdUSkZzS1lXV0JQVlpHcms?oc=5,,0,E,BRUIT,False,Faible priorité,,porte régionale: aucun ancrage régional,0,0,0,0,0,0,,absent,aucun,aucun,False,navigation,4318,True,True,pertinent
2014-10-20T07:00:00+00:00,Human Rights Watch — russe,Droits humains & presse,Украина: Широкое применение кассетных боеприпасов,https://news.google.com/rss/articles/CBMiWEFVX3lxTE4yeUhBdkFPX1J1WEkwTXNqc3UwOUthLW4xbTZxNXQ0ME5lSDlMbEhmSmdGQldaLWJGd3RIakJQNlJaRmFqUHNvSXlUeGthNjdTUWhya1o3MHM?oc=5,,12,E,BRUIT,False,Géopolitique majeure,украина,porte régionale: aucun ancrage régional,0,0,0,0,5,7,,absent,aucun,aucun,False,navigation,4346,True,True,pertinent
2014-09-26T07:00:00+00:00,Human Rights Watch — français,Droits humains & presse,Ouzbékistan : Le calvaire des prisonniers politiques,https://news.google.com/rss/articles/CBMipgFBVV95cUxOLVZKek93MjFrOW9fMHNQd3FUalh6R1hVd1p4RWhIOVZ6ZkFubzZldENpU2JqR0tXX3k5cjEybDlUMy1sWU1sMDludV9yVnMxcDNrNmIxZWRXcmxQX2Y1WnE4ZHlkaEl4UERWNk9wN0p3SjJxU1YzaVl6cjN3NENINjB6OVNGVG80MmlwQ3BZMmtFNUpRdDhCOUtJWmxJYUVISEZ3NjhB?oc=5,,23,E,FAIBLE,False,Répression / droits humains,ouzbékistan,Asie centrale: ouzbékistan,12,0,5,0,6,0,ouzbekistan,sujet_principal,aucun,aucun,False,navigation,4370,True,True,pertinent
2014-09-26T07:00:00+00:00,Human Rights Watch — russe,Droits humains & presse,«До самого конца»: Лишение свободы по политическим мотивам в Узбекистане | HRW,https://news.google.com/rss/articles/CBMiW0FVX3lxTE4tNXV6cFpfZktoOWJLWHU0SXZRZGQ1M3FZSWt2Tjc2WWtKR3kzNlNnMVpFX2NYQ2ZPTDNXY2NIRkctODlIZHFQM3ZpbzVRdktkbHh1WVZTaWNtR0k?oc=5,,12,E,BRUIT,False,Faible priorité,узбекистан; узбек,"Asie centrale: узбекистан, узбек; plafond V9: aucun ancrage HR principal",12,0,0,0,0,0,ouzbekistan,sujet_principal,aucun,aucun,False,navigation,4370,True,True,pertinent
2014-06-16T15:06:15+00:00,Human Rights Watch,Droits humains & presse,The Homestretch,https://news.google.com/rss/articles/CBMiS0FVX3lxTE9DX240SHlCOTdVdnk2WWhQZlE5THphV1FydlpJeHFIOXhOU2NmMkZrWjZ3TkZoRGNMMl85Z2ZfNzl2Wk9FSUduY0hWOA?oc=5,,0,E,BRUIT,False,Faible priorité,,porte régionale: aucun ancrage régional,0,0,0,0,0,0,,absent,aucun,aucun,False,navigation,4472,True,True,pertinent
2014-05-20T07:00:00+00:00,Human Rights Watch — russe,Droits humains & presse,Туркменистан: Родственников активиста не выпускают из страны,https://news.google.com/rss/articles/CBMiWEFVX3lxTE5oRFBaNkdpRTB2eXRFQ1NCUFBnaXAxV1VPQkE1RExYRVoybDE2TDNHMjFuVjhKVW8yWjBoTWpHX2Rka2hQc3R5czRCRFhsQnliUllXX2wtd3g?oc=5,,22,E,FAIBLE,False,Faible priorité,туркменистан; туркмен; активиста,"Asie centrale: туркменистан, туркмен; plafond V9: aucun ancrage HR principal",12,10,0,0,0,0,turkmenistan,sujet_principal,opposant,aucun,False,navigation,4499,True,True,pertinent
2014-02-05T08:00:00+00:00,Swiss Political Science Review,Économie & recherche,"Direct Democracy and Political Trust: Enhancing Trust, Initiating Distrust–or Both?",https://news.google.com/rss/articles/CBMiZEFVX3lxTE1mdjF6aDQ3VS1BN05zS1N3UjE0TnlxR1RVVFRyY05kT3RhRFNuSTNxa2pZTURGZXNkQlVPOFQyekQzSzI2LS1Vbm1MVG9CSHNMMDAzblIzMjQ0eERnOXkxWFNzY1o?oc=5,,0,E,BRUIT,False,Faible priorité,,porte régionale: aucun ancrage régional,0,0,0,0,0,0,,absent,aucun,aucun,False,navigation,4603,False,True,pertinent
2013-03-23T21:11:40+00:00,Human Rights Watch,Droits humains & presse,World Report 2013,https://news.google.com/rss/articles/CBMiTkFVX3lxTE5mREpwUlBXQThwSDV2cTl5Z0U5bTV0THpaTkdYVHY3S3QtbDlCaUFSUXJxMXJ4VVg0aV9Mb3JJSWRYaWRXUGRHM3dQZmpQZw?oc=5,,0,E,BRUIT,False,Faible priorité,,porte régionale: aucun ancrage régional,0,0,0,0,0,0,,absent,aucun,aucun,False,navigation,4921,True,True,pertinent
2012-10-16T07:00:00+00:00,Human Rights Watch — français,Droits humains & presse,Libye: De nouvelles preuves des meurtres en masse perpétrés sur le site où Kadhafi a trouvé la mort,https://news.google.com/rss/articles/CBMivAFBVV95cUxNUWNRMUY5bTV5d3diLWd0N1lMQnFLaDVRRDF3S3k1dHFvbXJ6MkJEUVdma1JfVmx4aVFpYy1YU0ZVNTg0WGdYcVhtUHFSTTVyaThOT1dfYUYtOHN6Z1dyVGp4TXdyM2p5UTlfbWNTWHdUM0FkSTNNLWg1U3JjOEpzS3F2U1dGUFZmN3NkUTNRMFNNZUI1YTBZRHMxWjZCWUtqUDV1d2FleG9HVmhfUDV3bkQ3MEs0dEZva2w2cg?oc=5,,0,E,BRUIT,False,Faible priorité,,porte régionale: aucun ancrage régional,0,0,0,0,0,0,,absent,aucun,aucun,False,navigation,5080,True,True,pertinent
2012-09-19T07:00:00+00:00,Human Rights Watch — russe,Droits humains & presse,Грузия: расследовать сексуальные издевательства над заключенными,https://news.google.com/rss/articles/CBMiWEFVX3lxTE5kekY1eTFyVjU3N25HcjhTUGxjNllBbkplNzVxSFFQSzRsc28ybmJjWks1Ny1aUXJGOGRLOTFvQUNCc3R3QUFSSjVsazRKSk9MXy00Z3RGaXE?oc=5,,23,E,FAIBLE,False,Répression / droits humains,грузия,Caucase: грузия,12,0,5,0,6,0,georgie,sujet_principal,aucun,condamnation,False,navigation,5107,True,True,pertinent
2012-09-10T07:00:00+00:00,Human Rights Watch — français,Droits humains & presse,RD Congo : Les rebelles du M23 commettent des crimes de guerre,https://news.google.com/rss/articles/CBMioAFBVV95cUxOS2JDbEMyMTYxS0lUYmFQelFCbE43MHFvaG13QkdZQXFycWFRQ3A2N1pKRGNrd0s0TC1qaW1xS0w3VFZkQTVyV0doSkVDWENaS3RuTjV3NWVTbXgzWVdGaDlDR1BpRXV3bTFCSnhXb0MtTF9mNmJ5TDkxUkRqMVdMMjVPc1JyNWZtV1VkdlNFZ21pSEJyQ0dUT2RhcGFVMGpF?oc=5,,5,E,BRUIT,False,Faible priorité,,porte régionale: aucun ancrage régional,0,5,0,0,0,0,,absent,aucun,aucun,False,navigation,5116,True,True,pertinent
2012-07-04T05:52:18+00:00,Human Rights Watch — russe,Droits humains & presse,Европа и Центральная Азия | Country Page | World,https://news.google.com/rss/articles/CBMiVEFVX3lxTE93M0pjdVhaZXJBNmhNUzZsRlBhck1NU0ZBYU1DcEc4dHVqbExMb3JVeTZ3cGVRSV90eWc1V1RDX19JOFlSMkNGOG1tTTFwWUs5VUtRdA?oc=5,,12,E,BRUIT,False,Faible priorité,центральная азия,Asie centrale: центральная азия; plafond V9: aucun ancrage HR principal,12,0,0,0,0,0,autre,sujet_principal,aucun,aucun,False,navigation,5184,True,True,pertinent
2012-07-04T05:49:18+00:00,Human Rights Watch — russe,Droits humains & presse,Права ЛГБТ,https://news.google.com/rss/articles/CBMiUkFVX3lxTE8yTk90M2pjVUZ4OC05SldENTllQmMwSEg2VjVpdnk0Yi1PQ0RiNGRid09QMWVOeGx3RG9hN2htTWFUR0dUYV82dTR0Nm1RVnFtd2c?oc=5,,2,E,BRUIT,False,Droits spécifiques,ЛГБТ,porte régionale: aucun ancrage régional,0,0,0,2,0,0,,absent,aucun,aucun,False,navigation,5184,True,True,pertinent
2012-07-03T02:39:15+00:00,Human Rights Watch — russe,Droits humains & presse,Human Rights Watch | На защите прав человека по всему миру,https://news.google.com/rss/articles/CBMiOkFVX3lxTFBYYTJuNVlFQ1lvaGNXVTJTU1Q2Mjh5V1BVcXhfYVFFQVJfeUs5STFyemJzVkhGNTRJdVE?oc=5,,7,E,BRUIT,False,Faible priorité,human rights,porte régionale: aucun ancrage régional,0,0,0,4,3,0,,absent,aucun,aucun,False,navigation,5185,True,True,pertinent
2012-07-02T21:09:06+00:00,Human Rights Watch,Droits humains & presse,Sexual Violence,https://news.google.com/rss/articles/CBMiZkFVX3lxTE91NDYwdGxNSldweVZOYm5rU1NtV243MUV6SHNSc1F6Q3lHOEFlQ3ZObjV5VXVnWFN6X2ZGaW44RnZaby1xT1F1MDhvVndaaUxLVDZBZWJ6bEFscGFmR2NyU2hxeU5OUQ?oc=5,,8,E,BRUIT,False,Droits spécifiques,sexual violence,porte régionale: aucun ancrage régional,0,0,0,8,0,0,,absent,aucun,violence_physique,False,navigation,5185,True,True,pertinent
2012-07-02T20:58:37+00:00,Human Rights Watch,Droits humains & presse,International Justice,https://news.google.com/rss/articles/CBMiW0FVX3lxTE56dV9ZeHhuTk1ERVFoQWMwbGxmQ1JoVHo1Y3dEV29RMkhhYUNWemY5NEZDR014Q3R5a1hfN05IOVRXWVJXc0IyLV9nSkUtZWFvTDBPb3E0dFlkQk0?oc=5,,0,E,BRUIT,False,Faible priorité,,porte régionale: aucun ancrage régional,0,0,0,0,0,0,,absent,aucun,aucun,False,navigation,5185,True,True,pertinent
2011-07-15T07:00:00+00:00,Human Rights Watch — russe,Droits humains & presse,"Живущие Неопределенностью: Положение этнических грузин, возвращающихся в Гальский район Абхазии | HRW",https://news.google.com/rss/articles/CBMiW0FVX3lxTE0tRWdRTWZGSGdDdHpuR3pDMWx6TEtYWVNaY3d4TFN0a1d2d05tTzZUT2ZBNEpJc1JfX0VBdFdKMmJZSTZ1TUxmLUlDODk4Q2dDV0dfelhicXVOTzA?oc=5,,12,E,BRUIT,False,Faible priorité,грузия,Caucase: грузия; plafond V9: aucun ancrage HR principal,12,0,0,0,0,0,georgie,sujet_principal,aucun,aucun,False,navigation,5539,True,True,pertinent
2010-10-13T07:00:00+00:00,Human Rights Watch — russe,Droits humains & presse,Киргизия: насилие препятствует справедливому суду,https://news.google.com/rss/articles/CBMiWEFVX3lxTE9PcEN6OXJKZlQ2ZE5ZWUl4bkIxLVFQSWw4bFFyQWEyTTFQUFlNMEdORzRPSFduTndlUjhseEJTRGxPdG5TenpLcEpFSzNRRldHSnNZMldHXzc?oc=5,,12,E,BRUIT,False,Faible priorité,киргизия; киргиз,"Asie centrale: киргизия, киргиз; plafond V9: aucun ancrage HR principal",12,0,0,0,0,0,kirghizistan,sujet_principal,aucun,aucun,False,navigation,5814,True,True,pertinent
2010-08-16T07:00:00+00:00,Human Rights Watch — russe,Droits humains & presse,Где справедливость?: Межнациональные столкновения на юге Киргизии в июне 2010 г. | HRW,https://news.google.com/rss/articles/CBMiW0FVX3lxTE8tUmhWaS1xUE1LemVjS0pKdGdfYWRiaWU2QzRTY1M1cUdfRnhvTlUyZ0R6S1RmX1M5Zm5NaTN4ZE5BQWU3aUZZQ3NIVmNHU09qZi13VG5XZjNxZHc?oc=5,,12,E,BRUIT,False,Faible priorité,киргизия; киргиз,"Asie centrale: киргизия, киргиз; plafond V9: aucun ancrage HR principal",12,0,0,0,0,0,kirghizistan,sujet_principal,aucun,aucun,False,navigation,5872,True,True,pertinent
2010-07-14T07:00:00+00:00,Human Rights Watch — français,Droits humains & presse,Kazakhstan : De nombreux travailleurs migrants dans le secteur du tabac sont escroqués et exploités,https://news.google.com/rss/articles/CBMiwAFBVV95cUxPd3lZVlBjOWs3akt2aDdXZHhhVFgza3VySWZNdXpLQ1pHOFp3S0hMUFdHekxseG1KYVJEUHZycTQ3OVFFeTQteW5yTHBuQjFLLWJZb0djQjZYWGJxREdlVXh6a1NIbE8xaS1VTHNONjJTWWtyWmxwZ1VpWEpjbXp6cHVrZmlHZXRld0NLYXZEMmM2MF80OEdUMXQ5M2d4b0NOVVRMbmZXZ0tLOVNpd0M0QmhjY042WV96MU1uOGRnNGU?oc=5,,12,E,BRUIT,False,Faible priorité,kazakhstan,Asie centrale: kazakhstan; plafond V9: aucun ancrage HR principal,12,0,0,0,0,0,kazakhstan,sujet_principal,migrant,aucun,False,navigation,5905,True,True,pertinent
2010-04-02T07:00:00+00:00,Human Rights Watch — russe,Droits humains & presse,Туркменистан: новая страновая стратегия ЕБРР увязывает сотрудничество с прогрессом в области прав человека,https://news.google.com/rss/articles/CBMiWEFVX3lxTE5lU29qR0JxZjBSeWFQeEN0WWlQZGRUV09vYmd2cHpzSE9YMGc4RjRjYjI3Ql9HT3ZneWVLd3ppbC11d2hpbUpGX2kwMnF4M3FrcUY5N28weVA?oc=5,,12,E,BRUIT,False,Faible priorité,туркменистан; туркмен,"Asie centrale: туркменистан, туркмен; plafond V9: aucun ancrage HR principal",12,0,0,0,0,0,turkmenistan,sujet_principal,aucun,aucun,False,navigation,6008,True,True,pertinent
2009-12-08T08:00:00+00:00,World Uyghur Congress,Droits humains & presse,The Urumqi Massacre,https://news.google.com/rss/articles/CBMiZEFVX3lxTE5uVW9FRXRydjktQVA3QnMyeUNaWm5lZjBKMWFEWm8xbXMzclZtb255Mi1OaVhwZDRFckdhQ0Jmd0JuX1JJSmZfLXJxWnlsRXlrV2taX3M1T1M1SmFGQUVmUVRiNmU?oc=5,,12,E,BRUIT,False,Faible priorité,urumqi,Ouïghours: urumqi; plafond V9: aucun ancrage HR principal,12,0,0,0,0,0,xinjiang,sujet_principal,minorite_ethnique,aucun,False,navigation,6123,False,True,pertinent
2009-12-07T08:00:00+00:00,World Uyghur Congress,Droits humains & presse,Uyghur Music,https://news.google.com/rss/articles/CBMiW0FVX3lxTE1PT1V0VWtZSGVicWlIYlhzRTNsYmtCRnZhN0xpdXpuSGliVGJlM2tUWl9kZk40YzIxUHlXVWFiMG5ZTDhZeWxxNk1JaG9oT3UtTk5PZGpBQjhpazQ?oc=5,,12,E,BRUIT,False,Faible priorité,uyghur; music,Ouïghours: uyghur; plafond V9: sujet non-HR,12,0,0,0,0,0,xinjiang,sujet_principal,minorite_ethnique,aucun,False,navigation,6124,False,True,pertinent
2009-04-14T07:00:00+00:00,Human Rights Watch — français,Droits humains & presse,Russie/Géorgie : Les dommages causés par les bombes à sous-munitions rendent urgente leur interdiction,https://news.google.com/rss/articles/CBMiuwFBVV95cUxObFZUQ1R1XzNJOFA1ZlZKVGZIQjhYTlF6NGwtU2ZwaFJFa1I0NENSRmdfSEJfbGF0RkQwOG5fMEtQTnlOZ1pwM2hhN1RWb3Itc3UzbFk3ZHc4YW5Yd0NPS04tY1hpUVZNOXl6dUhaRV9YOHF1cnY5M0RmZ182ZU5NOHc2NUNvOUZwWDUzM0ZiZG5lTHo0N28zOGgxSmJkd0NRN0laRHdlcTNObzJZQ2szZV8tZzdfSjQxb1Iw?oc=5,,12,E,BRUIT,False,Faible priorité,géorgie,Caucase: géorgie; plafond V9: aucun ancrage HR principal,12,0,0,0,0,0,"georgie, russie",sujet_principal,aucun,aucun,False,navigation,6361,True,True,pertinent
2009-04-06T07:00:00+00:00,Human Rights Watch,Droits humains & presse,"""You Can Die Any Time"": Death Squad Killings in Mindanao | HRW",https://news.google.com/rss/articles/CBMikgFBVV95cUxQeWdrbHptSmgzT3dHRFV0bnVXcGp2Y3ZlemNGbUpKVWo4NGpqYjU0Y2xkOUJDQ2FCNGw5Smo3b2ZPVTM2elhPVHdkS094dEdzblpQVmVKbWVFR2JvTW0yS2ZmYUtGT0wzcXpHcnNHMDJ3ODQtZ0JNZDgzbGtOalMxc25WbjM4dENsN0hUT2VmZF8yZw?oc=5,,0,E,BRUIT,False,Faible priorité,,porte régionale: aucun ancrage régional,0,0,0,0,0,0,,absent,aucun,aucun,False,navigation,6369,True,True,pertinent
2009-03-25T07:00:00+00:00,Human Rights Watch,Droits humains & presse,Rain of Fire: Israel’s Unlawful Use of White Phosphorus in Gaza | HRW,https://news.google.com/rss/articles/CBMilAFBVV95cUxQMC1zWk1PNnJKSVlQTWdwZkdlbE5nNjJhVlMyT0tvanU0Y3B2eF85YTctNjJwSHV5THhXaHFtYXF1dm9aTkpoQWdhTTJQMDkzNVB5NDlEYTZsbEVLeG1PT3NoRk9TMWMyWmRLZlUyNDBWUzRpVWthYlBVa2IwcUNBWUVwaVZSMzBFUU13QWlhREEtektf?oc=5,,0,E,BRUIT,False,Faible priorité,,porte régionale: aucun ancrage régional,0,0,0,0,0,0,,absent,aucun,aucun,False,navigation,6381,True,True,pertinent
2008-12-16T19:08:03+00:00,Human Rights Watch — français,Droits humains & presse,Défendre les droits humains dans le monde | Human Rights Watch,https://news.google.com/rss/articles/CBMiOkFVX3lxTE9yVFRyWGVCTmljVGFqZmR3Y29TeXVPRWZzN3dmQzcxX3ZhVGh0WWlUb05iSUdyckkwb3c?oc=5,,7,E,BRUIT,False,Faible priorité,human rights; droits humains,porte régionale: aucun ancrage régional,0,0,0,4,3,0,,absent,aucun,aucun,False,navigation,6479,True,True,pertinent
2008-12-03T15:17:21+00:00,Human Rights Watch,Droits humains & presse,Nigeria | Country Page | World,https://news.google.com/rss/articles/CBMiSkFVX3lxTFBHenctN054NWFYaGFYa2tIZXBxMjk4Y3c5cGVfd1BNcGJKWHNrcWxyOHN4X0FQZGJxaXFIeGl5anJWWXJLYTV2TF9B?oc=5,,0,E,BRUIT,False,Faible priorité,,porte régionale: aucun ancrage régional,0,0,0,0,0,0,,absent,aucun,aucun,False,navigation,6493,True,True,pertinent
2008-12-03T15:12:36+00:00,Human Rights Watch,Droits humains & presse,Eritrea | Country Page | World,https://news.google.com/rss/articles/CBMiSkFVX3lxTE5EWHZMa1JyLXNaWmlORXRmaEFTSkxsaWtGVkxFZXotZ1BfdEZVTGlFYVozZkZFQkUwNHYtVG9LS0lOZEstaWJuUGN3?oc=5,,0,E,BRUIT,False,Faible priorité,,porte régionale: aucun ancrage régional,0,0,0,0,0,0,,absent,aucun,aucun,False,navigation,6493,True,True,pertinent
2008-12-03T15:09:40+00:00,Human Rights Watch,Droits humains & presse,Democratic Republic of Congo | Country Page | World,https://news.google.com/rss/articles/CBMiYkFVX3lxTFBub2JuOWQxVVpQeVExbTZ6NW5ZaTAxRXVvUmJ0S01UbUotQS1YaVdRWEluYXdHYVlyYk5SVnFMX0h3UHZXeHRJcG5CT2hPYkl2M2hHWXVKSDdwV0NoR2REd1JR?oc=5,,5,E,BRUIT,False,Faible priorité,,porte régionale: aucun ancrage régional,0,5,0,0,0,0,,absent,aucun,aucun,False,navigation,6493,True,True,pertinent
2008-12-02T11:20:19+00:00,Human Rights Watch,Droits humains & presse,Americas | Country Page | World,https://news.google.com/rss/articles/CBMiQkFVX3lxTE94aGpCN3dLemdKYkpYUVNZTEw2aV9PYXVaQUlpcDZjMVFIT05TSHpyMUVPaFdFMUtsMm9GX09IRmxBZw?oc=5,,0,E,BRUIT,False,Faible priorité,,porte régionale: aucun ancrage régional,0,0,0,0,0,0,,absent,aucun,aucun,False,navigation,6494,True,True,pertinent
2008-12-02T10:18:42+00:00,Human Rights Watch,Droits humains & presse,Africa | Country Page | World,https://news.google.com/rss/articles/CBMiP0FVX3lxTE9GUGFOeXFlR1N2T1JuME5rck54OWl2Q1VLdy10M01YYmk0M0ExWWxCek9XWUVkUEYwd1ZPc0hiZw?oc=5,,0,E,BRUIT,False,Faible priorité,,porte régionale: aucun ancrage régional,0,0,0,0,0,0,,absent,aucun,aucun,False,navigation,6494,True,True,pertinent
2008-12-02T09:57:30+00:00,Human Rights Watch,Droits humains & presse,Vietnam | Country Page | World,https://news.google.com/rss/articles/CBMiR0FVX3lxTE1rdjEtNGtkN21WWGtzS0VNSHBxbENfUHBjbGozLXRSMHJ6NzZSbWZ1Z014dC1uVkJ2QXhmY2g1S0xKbFlqQ1pv?oc=5,,0,E,BRUIT,False,Faible priorité,,porte régionale: aucun ancrage régional,0,0,0,0,0,0,,absent,aucun,aucun,False,navigation,6494,True,True,pertinent
2008-12-02T09:55:32+00:00,Human Rights Watch,Droits humains & presse,Bangladesh | Country Page | World,https://news.google.com/rss/articles/CBMiS0FVX3lxTE5ncWo2dlltZkg5eUdzRTF0bVg1eHRoLUlvWGZzeURJSWRkM0VGMF9WUEN5YkhTNE1vRE01dmxMVTZpcUNpX3VWVU5CZw?oc=5,,0,E,BRUIT,False,Faible priorité,,porte régionale: aucun ancrage régional,0,0,0,0,0,0,,absent,aucun,aucun,False,navigation,6494,True,True,pertinent
2008-06-18T07:00:00+00:00,OHCHR,Droits humains & presse,Human Rights Council Resolution 8/7. Mandate of the Special Representative of the Secretary,https://news.google.com/rss/articles/CBMidEFVX3lxTFB3YkNwT1htSS0tZS15Sl9Fck03RFF0Mks0OGtDSEhZc0E1UG5CMWdpY3V1eUV5VkRzNlJycWZVTW9kNUxaWGRmRkpnQXFValR2VEk0T3llaVA4VW0wZmJMSTE5OHp5YXpqVUV2YS02MXBUMURO?oc=5,,7,E,BRUIT,False,Faible priorité,human rights,porte régionale: aucun ancrage régional,0,0,0,4,3,0,,absent,aucun,aucun,False,navigation,6661,False,True,pertinent
2008-03-01T08:00:00+00:00,Human Rights Watch,Droits humains & presse,Armenia: Civilians Die as Police Suppress Demonstrations and Riots,https://news.google.com/rss/articles/CBMinwFBVV95cUxOck5RNGZaUmRFQ2syLWd0Rll1ZnhkREtWbV8xODZTd2FfaHhpV2NMTW9OenkxNkh2WEd5QVdUMlJiemtTLW1pUTU0YXFZb2g1ZmJZazhHTzMyY01tejY2ZFY5UVpVOUtic0xhWUduaHZucW84SGFEajhXeWRJYktsMUc2QlFGNVVmLTBFb1lXd0lYMC1JUU1CU3lMcEVLUkE?oc=5,,14,E,BRUIT,False,Politique intérieure,armenia; demonstrations; police,Caucase: armenia; plafond V9: aucun ancrage HR principal,12,0,0,0,2,0,armenie,sujet_principal,citoyen_ordinaire,aucun,False,navigation,6770,True,True,pertinent
2007-07-26T07:00:00+00:00,George C. Marshall European Center for Security Studies,Sécurité & géopolitique (think tanks),"Ukrainian Membership in NATO: Benefits, Costs and Challenges",https://news.google.com/rss/articles/CBMivAFBVV95cUxNU3BVMmd4UXVRbEFtMk1xdVBmQ3RYUjZYT09XbnlNak9IXzczMmtvenFmdXBGMGVmdWNNQUtiVnNaSlh5ZWZhS2RLaWhoV2F1R0hqWTM2Nk9ibDBCMVNmSzc0cHNhYXlhMkV3RnA5bXA2R3hfaGtBbGE5TkdYMUVRM1IwMzBKQ2xHcGEtbE9QX3pKeUZMU0RPMEdLN3Z3V1podzNKMGxiUmpZZnFnaUlKVXRLclRNUHhzdmJfYg?oc=5,,0,E,BRUIT,False,Faible priorité,,porte régionale: aucun ancrage régional,0,0,0,0,0,0,,absent,aucun,aucun,False,navigation,6989,False,True,pertinent
2007-04-30T07:00:00+00:00,Human Rights Watch — français,Droits humains & presse,Ouzbékistan : Une défenseure des droits humains est condamnée à sept années de prison,https://news.google.com/rss/articles/CBMivAFBVV95cUxQbzdhWXpNcXFLekVXSnE4T0dkYzAteTFEN3BWUjVYMlpiUHdrcDBnLThvSXR1MEs0TV9McjVYd0xJTFR5RDdvV2k2RzRPZ0Q5cURxMmViNHFRUHlpbXZkSzBwbXhBV0hDX25uVTVYZkQ0UzRmTDE3NGVPc2toMjgyV0Fhb05HSmNBQmdocThRSnp6V0k5M0M1WnlEUHJJS0VFYlh3bkU4M3JiOFlXOXZpdmd0a1pXT1JWNUhTMg?oc=5,,19,E,BRUIT,False,Faible priorité,ouzbékistan; droits humains,Asie centrale: ouzbékistan; plafond V9: aucun ancrage HR principal,12,0,0,4,3,0,ouzbekistan,sujet_principal,aucun,aucun,False,navigation,7076,True,True,pertinent
2007-03-05T08:00:00+00:00,Human Rights Watch — russe,Droits humains & presse,«Клеймо Гуантанамо»,https://news.google.com/rss/articles/CBMiW0FVX3lxTE9aX1RNSVc1a2Y0Vlo0UVYzYy1UM1lPb1FyY0hGRTNNUFBiT1U4S2F6V1ZrcUxSZURId09XTVpCZzVnaF9KQWEwNEFwMFNlVFJpeEFmRDdUQm1rMXc?oc=5,,0,E,BRUIT,False,Faible priorité,,porte régionale: aucun ancrage régional,0,0,0,0,0,0,,absent,aucun,aucun,False,navigation,7132,True,True,pertinent
2006-03-22T00:51:08+00:00,Human Rights Watch,Droits humains & presse,Human Rights Watch | Defending Human Rights Worldwide,https://news.google.com/rss/articles/CBMiN0FVX3lxTE5KOTRyVlU3dE1WcG9fNHgzdmRGZC1aZXhxQjZqcW5pSjBkN1RMR2FsMkh4WUZtV1U?oc=5,,7,E,BRUIT,False,Faible priorité,human rights,porte régionale: aucun ancrage régional,0,0,0,4,3,0,,absent,aucun,aucun,False,navigation,7480,True,True,pertinent
2005-06-01T07:00:00+00:00,Human Rights Watch — français,Droits humains & presse,Le Fléau de l’Or: République Démocratique du Congo | HRW,https://news.google.com/rss/articles/CBMiZ0FVX3lxTE5ERll5dllhdEtGOEZTajlPcDNQR3hOMFhQT0E4WS02bk5DZnBuanA2U0tUOXRoeEVyeTFjeGlaY2VzMVlCM2JUU3hIaUlBOUFTYURPVHhldEIxTnNtTE1UdXM2VG5MZ1E?oc=5,,5,E,BRUIT,False,Faible priorité,,porte régionale: aucun ancrage régional,0,5,0,0,0,0,,absent,aucun,aucun,False,navigation,7774,True,True,pertinent
2003-04-06T08:00:00+00:00,Human Rights Watch — français,Droits humains & presse,"Qui était Ali Hassan al-Majid (dit "" Ali le chimiste "") ?",https://news.google.com/rss/articles/CBMikgFBVV95cUxQZUE4QnJjUG5kVF9wNm95Z2NPVFhEWkQ4U29RQ25SMGpmZnBHR296S3ZiN0dMYVhfcXBOSG91aDRkUnBlU2t2djk1czZhTjJNSm5nWGRjczl5bk5naDAySm5Dd1dnTDg4d1BZUWpjbHZTUjJnWnBvZ3dXLW1OcVkzeFJ2SWFKcGtDM21kd1YzeTJsZw?oc=5,,0,E,BRUIT,False,Faible priorité,,porte régionale: aucun ancrage régional,0,0,0,0,0,0,,absent,aucun,aucun,False,navigation,8561,True,True,pertinent
2000-11-27T12:06:00+00:00,Amnesty International — russe,Droits humains & presse,Доступность веб-контента,https://www.amnesty.org/ru/accessibility/,,0,E,BRUIT,False,Faible priorité,,porte régionale: aucun ancrage régional,0,0,0,0,0,0,,absent,aucun,aucun,False,evenement_date,9421,True,True,pertinent
2000-11-25T14:24:00+00:00,Amnesty International — russe,Droits humains & presse,COOKIE НА НАШЕМ САЙТЕ,https://www.amnesty.org/ru/cookie-statement/,,0,E,BRUIT,False,Faible priorité,,porte régionale: aucun ancrage régional,0,0,0,0,0,0,,absent,aucun,aucun,False,evenement_date,9423,True,True,pertinent
,The Diplomat,Analyse internationale,Central Asia,https://thediplomat.com/regions/central-asia/,,12,E,BRUIT,False,Faible priorité,central asia,Asie centrale: central asia; plafond V9: aucun ancrage HR principal,12,0,0,0,0,0,autre,sujet_principal,aucun,aucun,False,page_institutionnelle,,True,True,pertinent
,The Diplomat,Analyse internationale,East Asia,https://thediplomat.com/regions/east-asia/,,0,E,BRUIT,False,Faible priorité,,porte régionale: aucun ancrage régional,0,0,0,0,0,0,,absent,aucun,aucun,False,page_institutionnelle,,True,True,pertinent
,The Diplomat,Analyse internationale,South Asia,https://thediplomat.com/regions/south-asia/,,0,E,BRUIT,False,Faible priorité,,porte régionale: aucun ancrage régional,0,0,0,0,0,0,,absent,aucun,aucun,False,page_institutionnelle,,True,True,pertinent
,The Diplomat,Analyse internationale,Southeast Asia,https://thediplomat.com/regions/southeast-asia/,,0,E,BRUIT,False,Faible priorité,,porte régionale: aucun ancrage régional,0,0,0,0,0,0,,absent,aucun,aucun,False,page_institutionnelle,,True,True,pertinent
,The Diplomat,Analyse internationale,"Tashiev and the Letter of 75: Charges Reclassified, Sentences Lessened, Confusion Reigns By Catherine Putz Both Tashiev’s lawyers and the prosecutors filed appeals after the July verdict, the former seeking complete acquittal and the latter harsher sentencing. Neither has gotten what they asked for.",https://thediplomat.com/2026/09/tashiev-and-the-letter-of-75-charges-reclassified-sentences-lessened-confusion-reigns/,,0,E,BRUIT,False,Faible priorité,prosecutors; charges,porte régionale: aucun ancrage régional,0,0,0,0,0,0,,absent,avocat,aucun,False,page_institutionnelle,,True,True,pertinent
,The Diplomat,Analyse internationale,"Shifting Poles and Power 35 Years After the End of the Soviet Union By Dilnoza Ubaydullaeva For many post-Soviet states, multipolarity is nothing new. Navigating between competing powers has been an important part of their security strategy since independence.",https://thediplomat.com/2026/09/shifting-poles-and-power-35-years-after-the-end-of-the-soviet-union/,,0,E,BRUIT,False,Histoire / culture / contexte,soviet union,histoire / culture; porte régionale: aucun ancrage régional,0,0,0,0,0,0,,absent,aucun,aucun,False,page_institutionnelle,,True,True,pertinent
,The Diplomat,Analyse internationale,Latest Video Is BRICS Actually Benefiting India?,https://thediplomat.com/2026/09/is-brics-actually-benefiting-india/,,0,E,BRUIT,False,Faible priorité,,porte régionale: aucun ancrage régional,0,0,0,0,0,0,,absent,aucun,aucun,False,page_institutionnelle,,True,True,pertinent
,The Diplomat,Analyse internationale,Samarkand to Host the Largest Chess Olympiad in History The 46th World Chess Olympiad is being held in Samarkand.,https://thediplomat.com/2026/09/samarkand-to-host-the-largest-chess-olympiad-in-history/,,0,E,BRUIT,False,Histoire / culture / contexte,samarkand; history,Asie centrale: samarkand; histoire / culture; plafond V9: aucun ancrage HR principal,12,0,0,0,0,0,ouzbekistan,sujet_principal,aucun,aucun,False,page_institutionnelle,,True,True,pertinent
,The Diplomat,Analyse internationale,Pax Silica vs WAICO: Will Central Asia Have to Pick a Side? By Catherine Putz One clue as to how the U.S. plans to proceed might be glimpsed in how Uzbekistan progresses in following Kazakhstan into dual membership.,https://thediplomat.com/2026/09/pax-silica-vs-waico-will-central-asia-have-to-pick-a-side/,,12,E,BRUIT,False,Faible priorité,central asia; kazakhstan; uzbekistan,"Asie centrale: central asia, kazakhstan, uzbekistan; plafond V9: aucun ancrage HR principal",12,0,0,0,0,0,"autre, kazakhstan, ouzbekistan",sujet_principal,aucun,aucun,False,page_institutionnelle,,True,True,pertinent
,The Diplomat,Analyse internationale,"China’s Unity Through Erasure Should Worry Central Asia By Tilla Hoja The SCO may serve legitimate Central Asian interests, but it should not become the vehicle through which Beijing’s definitions of security, political loyalty, and ethnic identity become normalized across the Turkic world.",https://thediplomat.com/2026/09/chinas-unity-through-erasure-should-worry-central-asia/,,27,E,FAIBLE,False,Géopolitique majeure,central asia; central asian; china,"Asie centrale: central asia, central asian; plafond V9: aucun ancrage HR principal",12,0,0,0,5,10,autre,sujet_principal,aucun,aucun,False,page_institutionnelle,,True,True,pertinent
,The Diplomat,Analyse internationale,"Securing Navigation for Trans-Caspian Trade By Cornell Overfield and Elizabeth Wishnick Since 2022, but particularly in 2026, hard maritime security issues on the Caspian Sea have started moving to the forefront.",https://thediplomat.com/2026/09/securing-navigation-for-trans-caspian-trade/,,0,E,BRUIT,False,Faible priorité,trade,porte régionale: aucun ancrage régional,0,0,0,0,0,0,,absent,aucun,aucun,False,page_institutionnelle,,True,True,pertinent
,The Diplomat,Analyse internationale,"Central Asia’s Energy Transition Depends on Water Security By Kamila Fayzieva A more integrated and flexible power system could give Central Asian states greater room to manage drought, hydropower volatility, and competing demands for water.",https://thediplomat.com/2026/09/central-asias-energy-transition-depends-on-water-security/,,12,E,BRUIT,False,Faible priorité,central asia; central asian,"Asie centrale: central asia, central asian; plafond V9: aucun ancrage HR principal",12,0,0,0,0,0,autre,sujet_principal,aucun,aucun,False,page_institutionnelle,,True,True,pertinent
,The Diplomat,Analyse internationale,Indonesia Reopens Airports After Suspension Due to Volcanic Eruption,https://thediplomat.com/2026/09/hold-indonesia-reopens-airports-after-suspension-due-to-volcanic-eruption/,,0,E,BRUIT,False,Faible priorité,,porte régionale: aucun ancrage régional,0,0,0,0,0,0,,absent,aucun,aucun,False,page_institutionnelle,,True,True,pertinent
,The Diplomat,Analyse internationale,Nepal’s Floods Upset Its China-India Balancing Act,https://thediplomat.com/2026/09/nepals-floods-upset-its-china-india-balancing-act/,,12,E,BRUIT,False,Géopolitique majeure,china,porte régionale: aucun ancrage régional,0,0,0,0,5,7,,absent,aucun,aucun,False,page_institutionnelle,,True,True,pertinent
,The Diplomat,Analyse internationale,From 9/11 to Pahalgam: India’s Evolving Strategy in the Global War on Terror,https://thediplomat.com/2026/09/from-9-11-to-pahalgam-indias-evolving-strategy-in-the-global-war-on-terror/,,12,E,BRUIT,False,Géopolitique majeure,war,porte régionale: aucun ancrage régional,0,0,0,0,5,7,,absent,aucun,aucun,False,page_institutionnelle,,True,True,pertinent
,The Diplomat,Analyse internationale,North Korea’s Nicaragua Courtship,https://thediplomat.com/2026/09/north-koreas-nicaragua-courtship/,,0,E,BRUIT,False,Faible priorité,,porte régionale: aucun ancrage régional,0,0,0,0,0,0,,absent,aucun,aucun,False,page_institutionnelle,,True,True,pertinent
,The Guardian — Kazakhstan,Analyse internationale,Tax strategy,https://uploads.guim.co.uk/2026/07/22/STL_Global_Tax_Strategy_for_the_year_to_31_March_2027.pdf,,0,E,BRUIT,False,Faible priorité,,porte régionale: aucun ancrage régional,0,0,0,0,0,0,,absent,aucun,aucun,False,page_institutionnelle,,False,True,pertinent
,Al Jazeera — Kazakhstan,Médias indépendants,Skip to Featured Content,https://www.aljazeera.com/where/kazakhstan/,,0,E,BRUIT,False,Faible priorité,,porte régionale: aucun ancrage régional,0,0,0,0,0,0,,absent,aucun,aucun,False,page_institutionnelle,,False,True,pertinent
,Al Jazeera — Kazakhstan,Médias indépendants,play Live,https://www.aljazeera.com/video/live,,0,E,BRUIT,False,Faible priorité,,porte régionale: aucun ancrage régional,0,0,0,0,0,0,,absent,aucun,aucun,False,page_institutionnelle,,False,True,pertinent
,Al Jazeera — Kazakhstan,Médias indépendants,Tokayev allies head for landslide victory in Kazakhstan elections,https://www.aljazeera.com/video/newsfeed/2026/8/24/08-24-26-kazakh-elections-sv-mp4,,14,E,BRUIT,False,Politique intérieure,kazakhstan; elections,Asie centrale: kazakhstan; plafond V9: aucun ancrage HR principal,12,0,0,0,2,0,kazakhstan,sujet_principal,aucun,aucun,False,page_institutionnelle,,False,True,pertinent
,Al Jazeera — Kazakhstan,Médias indépendants,Kazakhstan releases first tiger to restore extinct species,https://www.aljazeera.com/video/newsfeed/2026/8/4/kazakhstan-releases-first-tiger-to-restore-extinct-species,,12,E,BRUIT,False,Faible priorité,kazakhstan,Asie centrale: kazakhstan; plafond V9: aucun ancrage HR principal,12,0,0,0,0,0,kazakhstan,sujet_principal,aucun,aucun,False,page_institutionnelle,,False,True,pertinent
,Al Jazeera — Kazakhstan,Médias indépendants,US-Russian crew launches on mission to space station,https://www.aljazeera.com/video/newsfeed/2026/7/14/us-russian-crew-launches-on-mission-to-space-station,,0,E,BRUIT,False,Faible priorité,,porte régionale: aucun ancrage régional,0,0,0,0,0,0,,absent,aucun,aucun,False,page_institutionnelle,,False,True,pertinent
,Al Jazeera — Kazakhstan,Médias indépendants,Spidercam crashes onto pitch during Hungary match,https://www.aljazeera.com/video/newsfeed/2026/6/10/spidercam-crashes-onto-pitch-during-hungary-match,,0,E,BRUIT,False,Faible priorité,,porte régionale: aucun ancrage régional,0,0,0,0,0,0,,absent,aucun,aucun,False,page_institutionnelle,,False,True,pertinent
,Al Jazeera — Kazakhstan,Médias indépendants,"OPEC+ agrees to hike oil output, warns of slow recovery after attacks",https://www.aljazeera.com/news/2026/4/5/opec-agrees-to-hike-oil-output-warns-of-slow-recovery-after-attacks,,0,E,BRUIT,False,Faible priorité,,porte régionale: aucun ancrage régional,0,0,0,0,0,0,,absent,aucun,aucun,False,page_institutionnelle,,False,True,pertinent
,Al Jazeera — Kazakhstan,Médias indépendants,101 East,https://www.aljazeera.com/video/101-east/,,0,E,BRUIT,False,Faible priorité,,porte régionale: aucun ancrage régional,0,0,0,0,0,0,,absent,aucun,aucun,False,page_institutionnelle,,False,True,pertinent
,Al Jazeera — Kazakhstan,Médias indépendants,Kazakhstan’s train hospital brings healthcare to remote regions,https://www.aljazeera.com/video/101-east/2026/2/28/kazakhstans-train-hospital-brings-healthcare-to-remote-regions,,12,E,BRUIT,False,Faible priorité,kazakhstan,Asie centrale: kazakhstan; plafond V9: aucun ancrage HR principal,12,0,0,0,0,0,kazakhstan,sujet_principal,aucun,aucun,False,page_institutionnelle,,False,True,pertinent
,Al Jazeera — Kazakhstan,Médias indépendants,Audio of Epstein discussing Tony Blair’s income,https://www.aljazeera.com/video/newsfeed/2026/2/4/audio-of-epstein-discussing-tony-blairs-income,,0,E,BRUIT,False,Faible priorité,,porte régionale: aucun ancrage régional,0,0,0,0,0,0,,absent,aucun,aucun,False,page_institutionnelle,,False,True,pertinent
,Al Jazeera — Kazakhstan,Médias indépendants,Submit a Tip,https://webapps.aljazeera.net/aje/tips/,,0,E,BRUIT,False,Faible priorité,,porte régionale: aucun ancrage régional,0,0,0,0,0,0,,absent,aucun,aucun,False,page_institutionnelle,,False,True,pertinent
,Al Jazeera — Uzbekistan,Médias indépendants,Skip to Featured Content,https://www.aljazeera.com/where/uzbekistan/,,0,E,BRUIT,False,Faible priorité,,porte régionale: aucun ancrage régional,0,0,0,0,0,0,,absent,aucun,aucun,False,page_institutionnelle,,False,True,pertinent
,Al Jazeera — Kyrgyzstan,Médias indépendants,Skip to Featured Content,https://www.aljazeera.com/where/kyrgyzstan/,,0,E,BRUIT,False,Faible priorité,,porte régionale: aucun ancrage régional,0,0,0,0,0,0,,absent,aucun,aucun,False,page_institutionnelle,,False,True,pertinent
,Al Jazeera — Kyrgyzstan,Médias indépendants,Video: SCO summit leaders meet in aftermath of US war on Iran,https://www.aljazeera.com/video/newsfeed/2026/9/1/video-sco-summit-leaders-meet-in-aftermath-of-us-war-on-iran,,5,E,BRUIT,False,Géopolitique majeure,war; iran; summit,géopolitique / économie ordinaire; porte régionale: aucun ancrage régional,0,0,0,0,5,10,iran,sujet_principal,aucun,aucun,False,page_institutionnelle,,False,True,pertinent
,Al Jazeera — Kyrgyzstan,Médias indépendants,Memories of a Dream: How Music Revives a Woman’s Lost Dream,https://www.aljazeera.com/video/digidocs/2025/12/31/memories-of-a-dream-how-music-revives-a-womans-lost-dream,,0,E,BRUIT,False,Faible priorité,music,porte régionale: aucun ancrage régional,0,0,0,0,0,0,,absent,aucun,aucun,False,page_institutionnelle,,False,True,pertinent
,Al Jazeera — Kyrgyzstan,Médias indépendants,The girl with sun-shaped earrings: A family remembers a murdered daughter,https://www.aljazeera.com/features/2024/11/9/the-girl-with-sun-shaped-earrings-a-family-remembers-a-murdered-daughter,,0,E,BRUIT,False,Faible priorité,,porte régionale: aucun ancrage régional,0,0,0,0,0,0,,absent,aucun,aucun,False,page_institutionnelle,,False,True,pertinent
,Al Jazeera — Tajikistan,Médias indépendants,Skip to Featured Content,https://www.aljazeera.com/where/tajikistan/,,0,E,BRUIT,False,Faible priorité,,porte régionale: aucun ancrage régional,0,0,0,0,0,0,,absent,aucun,aucun,False,page_institutionnelle,,False,True,pertinent
,Al Jazeera — Tajikistan,Médias indépendants,"OPINION OPINION,",https://www.aljazeera.com/opinion/,,0,E,BRUIT,False,Faible priorité,,porte régionale: aucun ancrage régional,0,0,0,0,0,0,,absent,aucun,aucun,False,page_institutionnelle,,False,True,pertinent
,Al Jazeera — Tajikistan,Médias indépendants,Talk to Al Jazeera: In the Field,https://www.aljazeera.com/video/in-the-field/,,0,E,BRUIT,False,Faible priorité,,porte régionale: aucun ancrage régional,0,0,0,0,0,0,,absent,aucun,aucun,False,page_institutionnelle,,False,True,pertinent
,Al Jazeera — Tajikistan,Médias indépendants,Tajikistan’s glacial crisis: Central Asia’s melting heart,https://www.aljazeera.com/video/in-the-field/2024/7/21/tajikistans-glacial-crisis-central-asias-melting-heart,,12,E,BRUIT,False,Faible priorité,central asia; tajikistan,"Asie centrale: central asia, tajikistan; plafond V9: aucun ancrage HR principal",12,0,0,0,0,0,"autre, tadjikistan",sujet_principal,aucun,aucun,False,page_institutionnelle,,False,True,pertinent
,Al Jazeera — Tajikistan,Médias indépendants,Talk to Al Jazeera,https://www.aljazeera.com/video/talk-to-al-jazeera/,,0,E,BRUIT,False,Faible priorité,,porte régionale: aucun ancrage régional,0,0,0,0,0,0,,absent,aucun,aucun,False,page_institutionnelle,,False,True,pertinent
,Al Jazeera — Tajikistan,Médias indépendants,"Tajik FM: Melting glaciers, human rights, and geopolitical strife",https://www.aljazeera.com/video/talk-to-al-jazeera/2024/6/16/tajik-fm-melting-glaciers-human-rights-and-geopolitical-strife,,28,E,FAIBLE,False,Géopolitique majeure,tajik; human rights; geopolitical,Asie centrale: tajik; plafond V9: aucun ancrage HR principal,12,0,0,4,5,7,tadjikistan,sujet_principal,aucun,aucun,False,page_institutionnelle,,False,True,pertinent
,Al Jazeera — Tajikistan,Médias indépendants,Moscow theatre attack suspects show signs of beating in court,https://www.aljazeera.com/video/newsfeed/2024/3/25/moscow-theatre-attack-suspects-show-signs-of-beating-in-court,,0,E,BRUIT,False,Faible priorité,court,porte régionale: aucun ancrage régional,0,0,0,0,0,0,,absent,aucun,aucun,False,page_institutionnelle,,False,True,pertinent
,Al Jazeera — Turkmenistan,Médias indépendants,Skip to Featured Content,https://www.aljazeera.com/where/turkmenistan/,,0,E,BRUIT,False,Faible priorité,,porte régionale: aucun ancrage régional,0,0,0,0,0,0,,absent,aucun,aucun,False,page_institutionnelle,,False,True,pertinent
,Amnesty International — français,Droits humains & presse,En savoir plus,https://www.amnesty.org/fr/latest/news/2026/09/usa-israel-iran-investigation-into-us-israeli-strikes-on-tehran-neighbourhoods-reveals-devastating-civilian-harm/,,0,E,BRUIT,False,Faible priorité,,porte régionale: aucun ancrage régional,0,0,0,0,0,0,,absent,aucun,aucun,False,page_institutionnelle,,True,True,pertinent
,FIDH,Droits humains & presse,Europe & Central Asia,https://www.fidh.org/en/en/region/europe-central-asia/,,12,E,BRUIT,False,Faible priorité,central asia,Asie centrale: central asia; plafond V9: aucun ancrage HR principal,12,0,0,0,0,0,autre,sujet_principal,aucun,aucun,False,page_institutionnelle,,False,True,pertinent
,FIDH,Droits humains & presse,North Africa & Middle East,https://www.fidh.org/en/en/region/north-africa-middle-east/,,0,E,BRUIT,False,Faible priorité,,porte régionale: aucun ancrage régional,0,0,0,0,0,0,,absent,aucun,aucun,False,page_institutionnelle,,False,True,pertinent
,FIDH,Droits humains & presse,United Nations,https://www.fidh.org/en/en/international-advocacy/united-nations/,,0,E,BRUIT,False,Faible priorité,,porte régionale: aucun ancrage régional,0,0,0,0,0,0,,absent,aucun,aucun,False,page_institutionnelle,,False,True,pertinent
,FIDH,Droits humains & presse,European Union,https://www.fidh.org/en/en/international-advocacy/european-union/,,12,E,BRUIT,False,Géopolitique majeure,european union,porte régionale: aucun ancrage régional,0,0,0,0,5,7,,absent,aucun,aucun,False,page_institutionnelle,,False,True,pertinent
,FIDH,Droits humains & presse,African Union,https://www.fidh.org/en/en/international-advocacy/african-union/,,0,E,BRUIT,False,Faible priorité,,porte régionale: aucun ancrage régional,0,0,0,0,0,0,,absent,aucun,aucun,False,page_institutionnelle,,False,True,pertinent
,FIDH,Droits humains & presse,Other regional organisations,https://www.fidh.org/en/en/international-advocacy/other-regional-organisations/,,0,E,BRUIT,False,Faible priorité,,porte régionale: aucun ancrage régional,0,0,0,0,0,0,,absent,aucun,aucun,False,page_institutionnelle,,False,True,pertinent
,FIDH,Droits humains & presse,Japan: First execution under Prime Minister Takaichi condemned,https://www.fidh.org/en/en/region/asia/japan/japan-first-execution-under-prime-minister-takaichi-condemned,,9,E,BRUIT,False,Politique intérieure,human rights; political rights; convicted; detention; prime minister; minister; sentences to prison,porte régionale: aucun ancrage régional,0,0,6,4,4,0,,absent,femme,"detention, condamnation",False,page_institutionnelle,,False,True,pertinent
,FIDH,Droits humains & presse,Democratic Republic of Congo,https://www.fidh.org/en/en/region/Africa/democratic-republic-of-congo/,,5,E,BRUIT,False,Faible priorité,,porte régionale: aucun ancrage régional,0,5,0,0,0,0,,absent,aucun,aucun,False,page_institutionnelle,,False,True,pertinent
,FIDH,Droits humains & presse,Guinea - Conakry,https://www.fidh.org/en/en/region/Africa/guinea-conakry/,,0,E,BRUIT,False,Faible priorité,,porte régionale: aucun ancrage régional,0,0,0,0,0,0,,absent,aucun,aucun,False,page_institutionnelle,,False,True,pertinent
,FIDH,Droits humains & presse,Guinea: Over Bienvenu Lamah’s promotion to general,https://www.fidh.org/en/en/region/Africa/guinea-conakry/guinea-over-bienvenu-lamah-s-promotion-to-general,,0,E,BRUIT,False,Faible priorité,promotion,bruit; porte régionale: aucun ancrage régional,0,0,0,0,0,0,,absent,aucun,aucun,False,page_institutionnelle,,False,True,pertinent
,FIDH,Droits humains & presse,Free FIDH Secretary General Adilur Rahman Khan!,https://www.fidh.org/en/en/com/on-the-internet/twitter/free-fidh-secretary-general-adilur-rahman-khan,,0,E,BRUIT,False,Faible priorité,,porte régionale: aucun ancrage régional,0,0,0,0,0,0,,absent,aucun,aucun,False,page_institutionnelle,,False,True,pertinent
,FIDH,Droits humains & presse,Make a Donation,https://www.fidh.org/en/en/com/make-a-donation/,,0,E,BRUIT,False,Faible priorité,,porte régionale: aucun ancrage régional,0,0,0,0,0,0,,absent,aucun,aucun,False,page_institutionnelle,,False,True,pertinent
,The Times of Central Asia,Médias indépendants,Issatay Minuarov,https://timesca.com/our-people/editor/,,10,E,BRUIT,False,Faible priorité,,source spécialisée Asie centrale; plafond V9: aucun ancrage HR principal,10,0,0,0,0,0,,absent,aucun,aucun,False,page_institutionnelle,,True,True,pertinent
,The Times of Central Asia,Médias indépendants,Javier M. Piedra,https://timesca.com/our-people/javier-m-piedra/,,10,E,BRUIT,False,Faible priorité,,source spécialisée Asie centrale; plafond V9: aucun ancrage HR principal,10,0,0,0,0,0,,absent,aucun,aucun,False,page_institutionnelle,,True,True,pertinent
,The Times of Central Asia,Médias indépendants,Zamirbek Minbaev,https://timesca.com/our-people/zamirbek-minbaev/,,10,E,BRUIT,False,Faible priorité,,source spécialisée Asie centrale; plafond V9: aucun ancrage HR principal,10,0,0,0,0,0,,absent,aucun,aucun,False,page_institutionnelle,,True,True,pertinent
,The Times of Central Asia,Médias indépendants,Askar Alimzhanov,https://timesca.com/our-people/askar-alimzhanov/,,10,E,BRUIT,False,Faible priorité,,source spécialisée Asie centrale; plafond V9: aucun ancrage HR principal,10,0,0,0,0,0,,absent,aucun,aucun,False,page_institutionnelle,,True,True,pertinent
,UzNews24,Médias régionaux,К 2030 году в Узбекистане есть возможность полностью искоренить абсолютную бедность — президент,https://uznews.uz/en/news/103522,,0,E,BRUIT,False,Politique intérieure,президент,porte régionale: aucun ancrage régional,0,0,0,0,2,0,,absent,aucun,aucun,False,page_institutionnelle,,True,True,pertinent
,UzNews24,Médias régionaux,Ўзбекистонда қоидабузар ҳайдовчиларни ҳайдовчилик гувоҳномасидан маҳрум қилиш таклиф этилди,https://uznews.uz/en/news/103371,,0,E,BRUIT,False,Faible priorité,,porte régionale: aucun ancrage régional,0,0,0,0,0,0,,absent,aucun,aucun,False,page_institutionnelle,,True,True,pertinent
,UzNews24,Médias régionaux,"Yes, log out",https://uznews.uz/ru/auth/logout,,0,E,BRUIT,False,Faible priorité,,porte régionale: aucun ancrage régional,0,0,0,0,0,0,,absent,aucun,aucun,False,page_institutionnelle,,True,True,pertinent
,Kursiv Media,Médias régionaux,Rybakina edges Sabalenka to secure first US Open title,https://kz.kursiv.media/en/2026-09-13/engk-nknk-rybakina-edges-sabalenka-to-secure-first-us-open-title/,,0,E,BRUIT,False,Faible priorité,,porte régionale: aucun ancrage régional,0,0,0,0,0,0,,absent,aucun,aucun,False,page_institutionnelle,,True,True,pertinent
,Kursiv Media,Médias régionaux,"The Istanbul airport hack that unlocks free meals, according to a blogger",https://kz.kursiv.media/en/2025-10-22/engk-yeri-the-istanbul-airport-hack-that-unlocks-free-meal-according-to-a-blogger/,,0,E,BRUIT,False,Faible priorité,airport,porte régionale: aucun ancrage régional,0,0,0,0,0,0,,absent,aucun,aucun,False,page_institutionnelle,,True,True,pertinent
,Kursiv Media,Médias régionaux,"Don’t сall it a hijab: The history of the kimeshek, the white wimple of the steppe",https://kz.kursiv.media/en/2025-12-17/engk-yeri-dont-sall-it-a-hijab-the-history-of-the-kimeshek-the-white-wimple-of-the-steppe/,,0,E,BRUIT,False,Histoire / culture / contexte,history,histoire / culture; porte régionale: aucun ancrage régional,0,0,0,0,0,0,,absent,aucun,aucun,False,page_institutionnelle,,True,True,pertinent
,Vlast — russe,Médias indépendants,Лист ожидания,https://vlast.kz/transplantology/44338-v-eto-trudno-poverit.html,,0,E,BRUIT,False,Faible priorité,,porte régionale: aucun ancrage régional,0,0,0,0,0,0,,absent,aucun,aucun,False,page_institutionnelle,,True,True,pertinent
,Vlast — russe,Médias indépendants,Рыбакина выиграла US Open,https://vlast.kz/novosti/70849-rybakina-vyigrala-us-open.html,,0,E,BRUIT,False,Faible priorité,,porte régionale: aucun ancrage régional,0,0,0,0,0,0,,absent,aucun,aucun,False,page_institutionnelle,,True,True,pertinent
,Vlast — russe,Médias indépendants,Назначены руководители двух комитетов Минздрава,https://vlast.kz/novosti/70847-naznaceny-rukovoditeli-dvuh-komitetov-minzdrava.html,,0,E,BRUIT,False,Faible priorité,,porte régionale: aucun ancrage régional,0,0,0,0,0,0,,absent,aucun,aucun,False,page_institutionnelle,,True,True,pertinent
,Vlast — russe,Médias indépendants,В Алматы на сутки ограничат движение на участке проспекта Абая,https://vlast.kz/novosti/70846-v-almaty-na-sutki-ogranicat-dvizenie-na-ucastke-prospekta-abaa.html,,12,E,BRUIT,False,Faible priorité,алматы,Asie centrale: алматы; plafond V9: aucun ancrage HR principal,12,0,0,0,0,0,kazakhstan,sujet_principal,aucun,aucun,False,page_institutionnelle,,True,True,pertinent
,Vlast — russe,Médias indépendants,Доллар торгуется на бирже по 451 тенге,https://vlast.kz/novosti/70845-dollar-torguetsa-na-birze-po-451-tenge.html,,0,E,BRUIT,False,Faible priorité,,porte régionale: aucun ancrage régional,0,0,0,0,0,0,,absent,aucun,aucun,False,page_institutionnelle,,True,True,pertinent
,Vlast — russe,Médias indépendants,В Астане один человек стал посмертным донором для трех пациентов,https://vlast.kz/novosti/70843-v-astane-odin-celovek-stal-posmertnym-donorom-dla-treh-pacientov.html,,12,E,BRUIT,False,Faible priorité,астана,Asie centrale: астана; plafond V9: aucun ancrage HR principal,12,0,0,0,0,0,kazakhstan,sujet_principal,aucun,aucun,False,page_institutionnelle,,True,True,pertinent
,Vlast — russe,Médias indépendants,Кассационный суд оставил в силе отказ в статусе беженца чеченскому активисту Мансуру Мовлаеву,https://vlast.kz/novosti/70842-kassacionnyj-sud-ostavil-v-sile-otkaz-v-statuse-bezenca-cecenskomu-aktivistu-mansuru-movlaevu.html,,7,E,BRUIT,False,Faible priorité,чечня; суд,Caucase: чечня; plafond V9: aucun ancrage HR principal,12,0,0,0,0,0,caucase_nord,sujet_principal,aucun,aucun,False,page_institutionnelle,,True,True,pertinent
,Vlast — russe,Médias indépendants,В Алматы пройдет Kazakhstan Growth Forum 2026,https://vlast.kz/novosti/70841-v-almaty-projdet-kazakhstan-growth-forum-2026.html,,12,E,BRUIT,False,Faible priorité,kazakhstan; алматы,"Asie centrale: kazakhstan, алматы; plafond V9: aucun ancrage HR principal",12,0,0,0,0,0,kazakhstan,sujet_principal,aucun,aucun,False,page_institutionnelle,,True,True,pertinent
,Vlast — russe,Médias indépendants,SkyTrain в Алматы начнут строить в следующем году,https://vlast.kz/novosti/70840-skytrain-v-almaty-nacnut-stroit-v-sleduusem-godu.html,,12,E,BRUIT,False,Faible priorité,алматы,Asie centrale: алматы; plafond V9: aucun ancrage HR principal,12,0,0,0,0,0,kazakhstan,sujet_principal,aucun,aucun,False,page_institutionnelle,,True,True,pertinent
,Vlast — russe,Médias indépendants,Казахстан не сможет принять участие в «Евровидении-2027»,https://vlast.kz/novosti/70839-kazahstan-ne-smozet-prinat-ucastie-v-evrovidenii-2027.html,,12,E,BRUIT,False,Faible priorité,казахстан; казах,"Asie centrale: казахстан, казах; plafond V9: aucun ancrage HR principal",12,0,0,0,0,0,kazakhstan,sujet_principal,aucun,aucun,False,page_institutionnelle,,True,True,pertinent
,Vlast — russe,Médias indépendants,Платежи по единому QR-коду за два месяца заняли четверть рынка – Нацбанк,https://vlast.kz/novosti/70837-platezi-po-edinomu-qr-kodu-za-dva-mesaca-zanali-cetvert-rynka-nacbank.html,,0,E,BRUIT,False,Faible priorité,,porte régionale: aucun ancrage régional,0,0,0,0,0,0,,absent,aucun,aucun,False,page_institutionnelle,,True,True,pertinent
,Vlast — russe,Médias indépendants,"Экс-замакима Жанаозена, глава больницы и директор общественного фонда подозреваются в хищении спонсорских денег «ОзенМунайГаз»",https://vlast.kz/novosti/70831-eks-zamakima-zanaozena-glava-bolnicy-i-direktor-obsestvennogo-fonda-podozrevautsa-v-hisenii-sponsorskih-deneg-ozenmunajgaz.html,,0,E,BRUIT,False,Faible priorité,,porte régionale: aucun ancrage régional,0,0,0,0,0,0,,absent,aucun,aucun,False,page_institutionnelle,,True,True,pertinent
,Vlast — russe,Médias indépendants,"Деревья есть, а пользы нет",https://vlast.kz/gorod/70832-dereva-est-a-polzy-net.html,,0,E,BRUIT,False,Faible priorité,,porte régionale: aucun ancrage régional,0,0,0,0,0,0,,absent,aucun,aucun,False,page_institutionnelle,,True,True,pertinent
,Vlast — russe,Médias indépendants,«Бүркітші»: детектив с элементами этники,https://vlast.kz/filmy/70820-brkitsi-detektiv-s-elementami-etniki.html,,0,E,BRUIT,False,Faible priorité,,porte régionale: aucun ancrage régional,0,0,0,0,0,0,,absent,aucun,aucun,False,page_institutionnelle,,True,True,pertinent
,Vlast — russe,Médias indépendants,"«Отлов — место, из которого есть шанс уехать живым»",https://vlast.kz/inside/70809-otlov-mesto-iz-kotorogo-est-sans-uehat-zivym.html,,0,E,BRUIT,False,Faible priorité,,porte régionale: aucun ancrage régional,0,0,0,0,0,0,,absent,aucun,aucun,False,page_institutionnelle,,True,True,pertinent
,Vlast — russe,Médias indépendants,Неделя в Казахстане: Взлеты и падения,https://vlast.kz/obsshestvo/70848-nedela-v-kazahstane-vzlety-i-padenia.html,,12,E,BRUIT,False,Faible priorité,казахстан; казах,"Asie centrale: казахстан, казах; plafond V9: aucun ancrage HR principal",12,0,0,0,0,0,kazakhstan,sujet_principal,aucun,aucun,False,page_institutionnelle,,True,True,pertinent
,Vlast — russe,Médias indépendants,"Выжженное партийное поле Что стало с партиями и политиками, которые сразу после Январских событий заявляли о готовности бороться за власть",https://vlast.kz/politika/70486-vyzzennoe-partijnoe-pole.html,,0,E,BRUIT,False,Faible priorité,,porte régionale: aucun ancrage régional,0,0,0,0,0,0,,absent,aucun,aucun,False,page_institutionnelle,,True,True,pertinent
,Vlast — russe,Médias indépendants,Нефть в воздухе над Кокжиде,https://vlast.kz/obsshestvo/70441-neft-v-vozduhe-nad-kokzide.html,,0,E,BRUIT,False,Faible priorité,,porte régionale: aucun ancrage régional,0,0,0,0,0,0,,absent,aucun,aucun,False,page_institutionnelle,,True,True,pertinent
,Vlast — russe,Médias indépendants,"Чем больше данных, тем эффективнее борьба со смогом",https://vlast.kz/obsshestvo/70311-cem-bolse-dannyh-tem-effektivnee-borba-so-smogom.html,,0,E,BRUIT,False,Faible priorité,,porte régionale: aucun ancrage régional,0,0,0,0,0,0,,absent,aucun,aucun,False,page_institutionnelle,,True,True,pertinent
,Vlast — russe,Médias indépendants,Газифицировать до «последней мили»,https://vlast.kz/obsshestvo/70282-gazificirovat-do-poslednej-mili.html,,0,E,BRUIT,False,Faible priorité,,porte régionale: aucun ancrage régional,0,0,0,0,0,0,,absent,aucun,aucun,False,page_institutionnelle,,True,True,pertinent
,Vlast — russe,Médias indépendants,Что происходит с полигонами отходов и стихийными свалками,https://vlast.kz/obsshestvo/70222-cto-proishodit-s-poligonami-othodov-i-stihijnymi-svalkami.html,,0,E,BRUIT,False,Faible priorité,,porte régionale: aucun ancrage régional,0,0,0,0,0,0,,absent,aucun,aucun,False,page_institutionnelle,,True,True,pertinent
,Vlast — russe,Médias indépendants,"Поправки в Налоговый кодекс: маркетплейсы обложат НДС, а казахстанцам дадут налоговый вычет",https://vlast.kz/jekonomika/70834-popravki-v-nalogovyj-kodeks-marketplejsy-oblozat-nds-a-kazahstancam-dadut-nalogovyj-vycet.html,,12,E,BRUIT,False,Faible priorité,казахстан; казах,"Asie centrale: казахстан, казах; plafond V9: aucun ancrage HR principal",12,0,0,0,0,0,kazakhstan,sujet_principal,aucun,aucun,False,page_institutionnelle,,True,True,pertinent
,Vlast — russe,Médias indépendants,"«Даже если нефть упадет до $40, экономика сама не перестроится» Эксперты о том, как Казахстану необходимо пересмотреть промышленную политику",https://vlast.kz/jekonomika/70806-daze-esli-neft-upadet-do-40-ekonomika-sama-ne-perestroitsa.html,,12,E,BRUIT,False,Faible priorité,казахстан; казах,"Asie centrale: казахстан, казах; plafond V9: aucun ancrage HR principal",12,0,0,0,0,0,kazakhstan,sujet_principal,aucun,aucun,False,page_institutionnelle,,True,True,pertinent
,Vlast — russe,Médias indépendants,ВВП Казахстана растёт с оговорками С какими результатами экономика закончила первое полугодие и что создавало для неё трудности?,https://vlast.kz/jekonomika/70746-vvp-kazahstana-rastet-s-ogovorkami.html,,12,E,BRUIT,False,Faible priorité,казахстан; казах,"Asie centrale: казахстан, казах; plafond V9: aucun ancrage HR principal",12,0,0,0,0,0,kazakhstan,sujet_principal,aucun,aucun,False,page_institutionnelle,,True,True,pertinent
,Vlast — russe,Médias indépendants,От рынков к маркетплейсам,https://vlast.kz/biznes/70597-ot-rynkov-k-marketplejsam.html,,0,E,BRUIT,False,Faible priorité,,porte régionale: aucun ancrage régional,0,0,0,0,0,0,,absent,aucun,aucun,False,page_institutionnelle,,True,True,pertinent
,Vlast — russe,Médias indépendants,"Казахстан заявляет о коррупции в контрактах по Кашагану на сумму $10,7 млрд",https://vlast.kz/biznes/70482-kazahstan-zaavlaet-o-korrupcii-v-kontraktah-po-kasaganu-na-summu-107-mlrd.html,,12,E,BRUIT,False,Faible priorité,казахстан; казах,"Asie centrale: казахстан, казах; plafond V9: aucun ancrage HR principal",12,0,0,0,0,0,kazakhstan,sujet_principal,aucun,aucun,False,page_institutionnelle,,True,True,pertinent
,Vlast — russe,Médias indépendants,Диверсифицируется ли экономика Казахстана?,https://vlast.kz/jekonomika/70263-diversificiruetsa-li-ekonomika-kazahstana.html,,12,E,BRUIT,False,Faible priorité,казахстан; казах,"Asie centrale: казахстан, казах; plafond V9: aucun ancrage HR principal",12,0,0,0,0,0,kazakhstan,sujet_principal,aucun,aucun,False,page_institutionnelle,,True,True,pertinent
,Vlast — russe,Médias indépendants,Экспорт нефти Казахстана столкнулся с черноморским «узким местом»,https://vlast.kz/jekonomika/70294-eksport-nefti-kazahstana-stolknulsa-s-cernomorskim-uzkim-mestom.html,,12,E,BRUIT,False,Faible priorité,казахстан; казах,"Asie centrale: казахстан, казах; plafond V9: aucun ancrage HR principal",12,0,0,0,0,0,kazakhstan,sujet_principal,aucun,aucun,False,page_institutionnelle,,True,True,pertinent
,Vlast — russe,Médias indépendants,Ахмет тұрған үй,https://vlast.kz/vlast-qazaqsha/70823-ahmet-trgan-j.html,,0,E,BRUIT,False,Faible priorité,,porte régionale: aucun ancrage régional,0,0,0,0,0,0,,absent,aucun,aucun,False,page_institutionnelle,,True,True,pertinent
,Vlast — russe,Médias indépendants,Қазақстанның шикізат алу өнеркәсібінде заң бұзу көп,https://vlast.kz/vlast-qazaqsha/70798-kazakstanny-sikizat-alu-nerksibinde-za-bzu-kp.html,,0,E,BRUIT,False,Faible priorité,,porte régionale: aucun ancrage régional,0,0,0,0,0,0,,absent,aucun,aucun,False,page_institutionnelle,,True,True,pertinent
,Vlast — russe,Médias indépendants,Базардан маркетплейске дейін,https://vlast.kz/vlast-qazaqsha/70758-bazardan-marketplejske-dejin.html,,0,E,BRUIT,False,Faible priorité,,porte régionale: aucun ancrage régional,0,0,0,0,0,0,,absent,aucun,aucun,False,page_institutionnelle,,True,True,pertinent
,Vlast — russe,Médias indépendants,Көкжайлаумен қоштасу,https://vlast.kz/vlast-qazaqsha/70689-kkzajlaumen-kostasu.html,,0,E,BRUIT,False,Faible priorité,,porte régionale: aucun ancrage régional,0,0,0,0,0,0,,absent,aucun,aucun,False,page_institutionnelle,,True,True,pertinent
,Vlast — russe,Médias indépendants,The Week in Kazakhstan: Yes and No,https://vlast.kz/english/70844-the-week-in-kazakhstan-yes-and-no.html,,12,E,BRUIT,False,Faible priorité,kazakhstan,Asie centrale: kazakhstan; plafond V9: aucun ancrage HR principal,12,0,0,0,0,0,kazakhstan,sujet_principal,aucun,aucun,False,page_institutionnelle,,True,True,pertinent
,Vlast — russe,Médias indépendants,Celebrating the Life and Works of Saken Ata in Almaty,https://vlast.kz/english/70794-celebrating-the-life-and-works-of-saken-ata-in-almaty.html,,12,E,BRUIT,False,Faible priorité,almaty,Asie centrale: almaty; plafond V9: aucun ancrage HR principal,12,0,0,0,0,0,kazakhstan,sujet_principal,aucun,aucun,False,page_institutionnelle,,True,True,pertinent
,Vlast — russe,Médias indépendants,The Week in Kazakhstan: Happy Together,https://vlast.kz/english/70767-the-week-in-kazakhstan-happy-together.html,,12,E,BRUIT,False,Faible priorité,kazakhstan,Asie centrale: kazakhstan; plafond V9: aucun ancrage HR principal,12,0,0,0,0,0,kazakhstan,sujet_principal,aucun,aucun,False,page_institutionnelle,,True,True,pertinent
,Vlast — russe,Médias indépendants,Kazakhstan’s New Government Looks Like the Old One,https://vlast.kz/english/70751-kazakhstans-new-government-looks-like-the-old-one.html,,14,E,BRUIT,False,Politique intérieure,kazakhstan; government,Asie centrale: kazakhstan; plafond V9: aucun ancrage HR principal,12,0,0,0,2,0,kazakhstan,sujet_principal,aucun,aucun,False,page_institutionnelle,,True,True,pertinent
,Vlast — russe,Médias indépendants,Космический Алматы. Часть третья,https://vlast.kz/inside/70522-kosmiceskij-almaty-cast-treta.html,,12,E,BRUIT,False,Faible priorité,алматы,Asie centrale: алматы; plafond V9: aucun ancrage HR principal,12,0,0,0,0,0,kazakhstan,sujet_principal,aucun,aucun,False,page_institutionnelle,,True,True,pertinent
,Vlast — russe,Médias indépendants,Прощание с Кок-Жайляу,https://vlast.kz/story/70454-prosanie-s-kok-zajlau.html,,0,E,BRUIT,False,Faible priorité,,porte régionale: aucun ancrage régional,0,0,0,0,0,0,,absent,aucun,aucun,False,page_institutionnelle,,True,True,pertinent
,Vlast — russe,Médias indépendants,«Деревья тлеют изнутри»,https://vlast.kz/regiony/70146-dereva-tleut-iznutri.html,,0,E,BRUIT,False,Faible priorité,,porte régionale: aucun ancrage régional,0,0,0,0,0,0,,absent,aucun,aucun,False,page_institutionnelle,,True,True,pertinent
,Vlast — russe,Médias indépendants,Ольга Логинова,https://vlast.kz/tz/70507-tajna-v-otkrytom-dostupe.html,,0,E,BRUIT,False,Faible priorité,,porte régionale: aucun ancrage régional,0,0,0,0,0,0,,absent,aucun,aucun,False,page_institutionnelle,,True,True,pertinent
,Vlast — russe,Médias indépendants,Paolo Sorbello,https://vlast.kz/tz/70453-spisok-sredingera.html,,0,E,BRUIT,False,Faible priorité,,porte régionale: aucun ancrage régional,0,0,0,0,0,0,,absent,aucun,aucun,False,page_institutionnelle,,True,True,pertinent
,Vlast — russe,Médias indépendants,Почему женщинам в Казахстане сложнее копить?,https://vlast.kz/avtory/70097-pocemu-zensinam-v-kazahstane-sloznee-kopit.html,,12,E,BRUIT,False,Faible priorité,казахстан; казах,"Asie centrale: казахстан, казах; plafond V9: aucun ancrage HR principal",12,0,0,0,0,0,kazakhstan,sujet_principal,aucun,aucun,False,page_institutionnelle,,True,True,pertinent
,Vlast — russe,Médias indépendants,Ирина Адамович,https://vlast.kz/tz/69790-goszakaz-na-sajgaka.html,,0,E,BRUIT,False,Faible priorité,,porte régionale: aucun ancrage régional,0,0,0,0,0,0,,absent,aucun,aucun,False,page_institutionnelle,,True,True,pertinent
,Vlast — russe,Médias indépendants,"Как перегревается Алматы Плотная застройка изменила температуру в микрорайонах «Шұғыла», «Зерделі» и «Нұркент»",https://vlast.kz/gorod/70795-kak-peregrevaetsa-almaty.html,,12,E,BRUIT,False,Faible priorité,алматы,Asie centrale: алматы; plafond V9: aucun ancrage HR principal,12,0,0,0,0,0,kazakhstan,sujet_principal,aucun,aucun,False,page_institutionnelle,,True,True,pertinent
,Vlast — russe,Médias indépendants,Проекты Николая Рипинского в Усть-Каменогорске Часть из них не были реализованы,https://vlast.kz/gorod/70608-proekty-nikolaa-ripinskogo-v-ust-kamenogorske.html,,0,E,BRUIT,False,Faible priorité,,porte régionale: aucun ancrage régional,0,0,0,0,0,0,,absent,aucun,aucun,False,page_institutionnelle,,True,True,pertinent
,Vlast — russe,Médias indépendants,Какой должна быть остановка,https://vlast.kz/gorod/70474-kakoj-dolzna-byt-ostanovka.html,,0,E,BRUIT,False,Faible priorité,,porte régionale: aucun ancrage régional,0,0,0,0,0,0,,absent,aucun,aucun,False,page_institutionnelle,,True,True,pertinent
,Vlast — russe,Médias indépendants,Забытые фонтаны Алматы. Часть вторая,https://vlast.kz/gorod/70402-zabytye-fontany-almaty-cast-vtoraa.html,,12,E,BRUIT,False,Faible priorité,алматы,Asie centrale: алматы; plafond V9: aucun ancrage HR principal,12,0,0,0,0,0,kazakhstan,sujet_principal,aucun,aucun,False,page_institutionnelle,,True,True,pertinent
,Vlast — russe,Médias indépendants,Почему Алматы нужны бесплатные пересадки в общественном транспорте,https://vlast.kz/gorod/70308-pocemu-almaty-nuzny-besplatnye-peresadki-v-obsestvennom-transporte.html,,12,E,BRUIT,False,Faible priorité,алматы,Asie centrale: алматы; plafond V9: aucun ancrage HR principal,12,0,0,0,0,0,kazakhstan,sujet_principal,aucun,aucun,False,page_institutionnelle,,True,True,pertinent
,Vlast — russe,Médias indépendants,Стоит ли закрывать арыки в Алматы?,https://vlast.kz/gorod/70241-stoit-li-zakryvat-aryki-v-almaty.html,,12,E,BRUIT,False,Faible priorité,алматы,Asie centrale: алматы; plafond V9: aucun ancrage HR principal,12,0,0,0,0,0,kazakhstan,sujet_principal,aucun,aucun,False,page_institutionnelle,,True,True,pertinent
,Vlast — russe,Médias indépendants,"Казахстанец, который красит Голливуд",https://vlast.kz/persona/70192-nasi-kinoteatry-casto-pokazyvaut-kino-bolee-tusklym-cem-ono-est.html,,12,E,BRUIT,False,Faible priorité,казахстан; казах,"Asie centrale: казахстан, казах; plafond V9: aucun ancrage HR principal",12,0,0,0,0,0,kazakhstan,sujet_principal,aucun,aucun,False,page_institutionnelle,,True,True,pertinent
,Vlast — russe,Médias indépendants,Человек эпохи Возрождения,https://vlast.kz/persona/69832-celovek-epohi-vozrozdenia.html,,0,E,BRUIT,False,Faible priorité,,porte régionale: aucun ancrage régional,0,0,0,0,0,0,,absent,aucun,aucun,False,page_institutionnelle,,True,True,pertinent
,Vlast — russe,Médias indépendants,"Казыбек Оразбек, сценарист: «Я закрылся на год и начал писать»",https://vlast.kz/persona/69627-kazybek-orazbek-scenarist-a-zakrylsa-na-god-i-nacal-pisat.html,,0,E,BRUIT,False,Faible priorité,,porte régionale: aucun ancrage régional,0,0,0,0,0,0,,absent,aucun,aucun,False,page_institutionnelle,,True,True,pertinent
,Vlast — russe,Médias indépendants,"Ефрат Шарипов: «В Казахстане сценарист постоянно думает, что можно говорить, а что нет»",https://vlast.kz/persona/69491-efrat-saripov-v-kazahstane-scenarist-postoanno-dumaet-cto-mozno-govorit-a-cto-net.html,,12,E,BRUIT,False,Faible priorité,казахстан; казах,"Asie centrale: казахстан, казах; plafond V9: aucun ancrage HR principal",12,0,0,0,0,0,kazakhstan,sujet_principal,aucun,aucun,False,page_institutionnelle,,True,True,pertinent
,Vlast — russe,Médias indépendants,Жизнеописание Сакена-ата,https://vlast.kz/life/70836-zizneopisanie-sakena-ata.html,,0,E,BRUIT,False,Faible priorité,,porte régionale: aucun ancrage régional,0,0,0,0,0,0,,absent,aucun,aucun,False,page_institutionnelle,,True,True,pertinent
,Vlast — russe,Médias indépendants,"Дом, в котором жил Ахмет Какие тайны скрывает алматинский дом Ахмета Байтурсынова",https://vlast.kz/life/70611-dom-v-kotorom-zil-ahmet.html,,12,E,BRUIT,False,Faible priorité,алматы,Asie centrale: алматы; plafond V9: aucun ancrage HR principal,12,0,0,0,0,0,kazakhstan,sujet_principal,aucun,aucun,False,page_institutionnelle,,True,True,pertinent
,Vlast — russe,Médias indépendants,Перестроечная Алма-Ата,https://vlast.kz/filmy/70469-perestroecnaa-alma-ata.html,,0,E,BRUIT,False,Faible priorité,,porte régionale: aucun ancrage régional,0,0,0,0,0,0,,absent,aucun,aucun,False,page_institutionnelle,,True,True,pertinent
,Vlast — russe,Médias indépendants,Мы были. Мы жили,https://vlast.kz/life/70419-my-byli-my-zili.html,,0,E,BRUIT,False,Faible priorité,,porte régionale: aucun ancrage régional,0,0,0,0,0,0,,absent,aucun,aucun,False,page_institutionnelle,,True,True,pertinent
,Vlast — russe,Médias indépendants,Когда тебя забыли все: каким получился новый «Человек-паук»,https://vlast.kz/filmy/70382-kogda-teba-zabyli-vse-kakim-polucilsa-novyj-celovek-pauk.html,,0,E,BRUIT,False,Faible priorité,,porte régionale: aucun ancrage régional,0,0,0,0,0,0,,absent,aucun,aucun,False,page_institutionnelle,,True,True,pertinent
,Vlast — russe,Médias indépendants,Шымкент на вкус,https://vlast.kz/food/70360-symkent-na-vkus.html,,12,E,BRUIT,False,Faible priorité,шымкент,Asie centrale: шымкент; plafond V9: aucun ancrage HR principal,12,0,0,0,0,0,kazakhstan,sujet_principal,aucun,aucun,False,page_institutionnelle,,True,True,pertinent
,Vlast — russe,Médias indépendants,Смотреть 18 фото,https://vlast.kz/fotoreportazh/70695-1-sentabra-v-almaty.html,,0,E,BRUIT,False,Faible priorité,,porte régionale: aucun ancrage régional,0,0,0,0,0,0,,absent,aucun,aucun,False,page_institutionnelle,,True,True,pertinent
,Vlast — russe,Médias indépendants,Смотреть 14 фото,https://vlast.kz/fotoreportazh/70557-pervye-vybory-v-kurultaj.html,,0,E,BRUIT,False,Faible priorité,,porte régionale: aucun ancrage régional,0,0,0,0,0,0,,absent,aucun,aucun,False,page_institutionnelle,,True,True,pertinent
,Vlast — russe,Médias indépendants,Смотреть 24 фото,https://vlast.kz/fotoreportazh/69383-noc-v-muzee.html,,0,E,BRUIT,False,Faible priorité,,porte régionale: aucun ancrage régional,0,0,0,0,0,0,,absent,aucun,aucun,False,page_institutionnelle,,True,True,pertinent
,Vlast — russe,Médias indépendants,Смотреть 24 фото,https://vlast.kz/fotoreportazh/68812-prazdnovanie-nauryza-v-almaty.html,,0,E,BRUIT,False,Faible priorité,,porte régionale: aucun ancrage régional,0,0,0,0,0,0,,absent,aucun,aucun,False,page_institutionnelle,,True,True,pertinent
,Vlast — russe,Médias indépendants,Смотреть 13 фото,https://vlast.kz/fotoreportazh/68705-referendum-po-novoj-konstitucii.html,,0,E,BRUIT,False,Faible priorité,,porte régionale: aucun ancrage régional,0,0,0,0,0,0,,absent,aucun,aucun,False,page_institutionnelle,,True,True,pertinent
,Vlast — russe,Médias indépendants,Информация об ограничениях,https://vlast.kz/content/informacia-ob-ograniceniah/,,0,E,BRUIT,False,Faible priorité,,porte régionale: aucun ancrage régional,0,0,0,0,0,0,,absent,aucun,aucun,False,page_institutionnelle,,True,True,pertinent
,Vlast — russe,Médias indépendants,Прайс-лист на рекламу,https://vlast.kz/content/prajs-list-na-reklamu/,,0,E,BRUIT,False,Faible priorité,,porte régionale: aucun ancrage régional,0,0,0,0,0,0,,absent,aucun,aucun,False,page_institutionnelle,,True,True,pertinent
,Vlast — anglais,Médias indépendants,2000: Making the “Nazarbayev Law”,https://vlast.kz/english/70709-2000-making-the-nazarbayev-law.html,,0,E,BRUIT,False,Faible priorité,,porte régionale: aucun ancrage régional,0,0,0,0,0,0,,absent,aucun,aucun,False,page_institutionnelle,,True,True,pertinent
,Vlast — anglais,Médias indépendants,Kazakhstan Has a New Vice-President,https://vlast.kz/english/70684-kazakhstan-has-a-new-vice-president.html,,14,E,BRUIT,False,Politique intérieure,kazakhstan; president,Asie centrale: kazakhstan; plafond V9: aucun ancrage HR principal,12,0,0,0,2,0,kazakhstan,sujet_principal,aucun,aucun,False,page_institutionnelle,,True,True,pertinent
,Vlast — anglais,Médias indépendants,"The Week in Kazakhstan: Too Early, Yes",https://vlast.kz/english/70657-the-week-in-kazakhstan-too-early-yes.html,,12,E,BRUIT,False,Faible priorité,kazakhstan,Asie centrale: kazakhstan; plafond V9: aucun ancrage HR principal,12,0,0,0,0,0,kazakhstan,sujet_principal,aucun,aucun,False,page_institutionnelle,,True,True,pertinent
,Vlast — anglais,Médias indépendants,Kazakhstan Authorities Arrest Professor Suspected of Espionage,https://vlast.kz/english/70639-kazakhstan-authorities-arrest-professor-suspected-of-espionage.html,,14,E,BRUIT,False,Politique intérieure,kazakhstan; arrest; authorities,Asie centrale: kazakhstan; plafond V9: aucun ancrage HR principal,12,0,0,0,2,0,kazakhstan,sujet_principal,aucun,detention,False,page_institutionnelle,,True,True,pertinent
,Vlast — anglais,Médias indépendants,"Researching Kyrgyzstan’s Economy at the Edge of the Law, with Gulzat Botoeva",https://vlast.kz/english/70609-researching-kyrgyzstans-economy-at-the-edge-of-the-law-with-gulzat-botoeva.html,,12,E,BRUIT,False,Faible priorité,kyrgyzstan,Asie centrale: kyrgyzstan; plafond V9: sujet non-HR,12,0,0,0,0,0,kirghizistan,sujet_principal,aucun,aucun,False,page_institutionnelle,,True,True,pertinent
,Vlast — anglais,Médias indépendants,The Dushanbe–Tehran Oil Bypass: Central Asia’s New Energy Dilemma,https://vlast.kz/english/70595-the-dushanbe-tehran-oil-bypass-central-asias-new-energy-dilemma.html,,12,E,BRUIT,False,Faible priorité,central asia; dushanbe,"Asie centrale: central asia, dushanbe; plafond V9: aucun ancrage HR principal",12,0,0,0,0,0,"autre, tadjikistan",sujet_principal,aucun,aucun,False,page_institutionnelle,,True,True,pertinent
,Vlast — anglais,Médias indépendants,Kazakhstan Votes to Strengthen the President,https://vlast.kz/english/70568-kazakhstan-votes-to-strengthen-the-president.html,,14,E,BRUIT,False,Politique intérieure,kazakhstan; president,Asie centrale: kazakhstan; plafond V9: aucun ancrage HR principal,12,0,0,0,2,0,kazakhstan,sujet_principal,aucun,aucun,False,page_institutionnelle,,True,True,pertinent
,Vlast — anglais,Médias indépendants,The Week in Kazakhstan: Ramping Up the Pressure,https://vlast.kz/english/70547-the-week-in-kazakhstan-ramping-up-the-pressure.html,,12,E,BRUIT,False,Faible priorité,kazakhstan,Asie centrale: kazakhstan; plafond V9: aucun ancrage HR principal,12,0,0,0,0,0,kazakhstan,sujet_principal,aucun,aucun,False,page_institutionnelle,,True,True,pertinent
,Vlast — anglais,Médias indépendants,The Life and Death of New Political Parties in Kazakhstan,https://vlast.kz/english/70533-the-life-and-death-of-new-political-parties-in-kazakhstan.html,,12,E,BRUIT,False,Faible priorité,kazakhstan,Asie centrale: kazakhstan; plafond V9: aucun ancrage HR principal,12,0,0,0,0,0,kazakhstan,sujet_principal,aucun,aucun,False,page_institutionnelle,,True,True,pertinent
,Radio Azattyq,Médias indépendants,Қаңтар оқиғасы,https://www.azattyq.org/p/8433.html,,0,E,BRUIT,False,Faible priorité,,porte régionale: aucun ancrage régional,0,0,0,0,0,0,,absent,aucun,aucun,False,page_institutionnelle,,True,True,pertinent
,Radio Azattyq,Médias indépendants,Басқа тілдерде,https://www.azattyq.org/navigation/allsites,,0,E,BRUIT,False,Faible priorité,,porte régionale: aucun ancrage régional,0,0,0,0,0,0,,absent,aucun,aucun,False,page_institutionnelle,,True,True,pertinent
,Radio Azattyq,Médias indépendants,Украинадағы соғыс,https://www.azattyq.org/p/8764.html,,0,E,BRUIT,False,Faible priorité,,porte régionale: aucun ancrage régional,0,0,0,0,0,0,,absent,aucun,aucun,False,page_institutionnelle,,True,True,pertinent
,Radio Azattyq,Médias indépendants,Azattyq TV,https://www.azattyq.org/p/7019.html,,0,E,BRUIT,False,Faible priorité,,porte régionale: aucun ancrage régional,0,0,0,0,0,0,,absent,aucun,aucun,False,page_institutionnelle,,True,True,pertinent
,Radio Azattyq,Médias indépendants,Бас тақырып,https://www.azattyq.org/z/331,,0,E,BRUIT,False,Faible priorité,,porte régionale: aucun ancrage régional,0,0,0,0,0,0,,absent,aucun,aucun,False,page_institutionnelle,,True,True,pertinent
,Radio Azattyq,Médias indépendants,Ресей әскері Кривой Рог пен Одессаға шабуылдады. Қаза болғандар бар,https://www.azattyq.org/a/resei-askeri-krivoi-rog-pen-odessaga-shabuyldady-qaza-bolgandar-bar/33852928.html,,0,E,BRUIT,False,Faible priorité,,porte régionale: aucun ancrage régional,0,0,0,0,0,0,,absent,aucun,aucun,False,page_institutionnelle,,True,True,pertinent
,Radio Azattyq,Médias indépendants,Қазақстан қорғаныс өнеркәсібі саласындағы зауытты аукционға шығарды,https://www.azattyq.org/a/qazaqstan-qorganys-onerkasibi-zauytyn-auktsionga-shygardy/33852846.html,,0,E,BRUIT,False,Faible priorité,,porte régionale: aucun ancrage régional,0,0,0,0,0,0,,absent,aucun,aucun,False,page_institutionnelle,,True,True,pertinent
,Radio Azattyq,Médias indépendants,Қазақ-қырғыздың көкпар тартысы. Финал қалай өтті?,https://www.azattyq.org/a/qazaq-qyrgyzdyn-kokpar-tartysy-final-qalai-otti/33852255.html,,0,E,BRUIT,False,Faible priorité,,porte régionale: aucun ancrage régional,0,0,0,0,0,0,,absent,aucun,aucun,False,page_institutionnelle,,True,True,pertinent
,Radio Azattyq,Médias indépendants,Қазақстан мұнай алпауыттарынан 160 миллиард долларды неге даулап отыр?,https://www.azattyq.org/a/qazaqstan-munai-alpauyttarynan-160-milliard-dollardy-nege-daulap-otyr/33849307.html,,0,E,BRUIT,False,Faible priorité,,porte régionale: aucun ancrage régional,0,0,0,0,0,0,,absent,aucun,aucun,False,page_institutionnelle,,True,True,pertinent
,Radio Azattyq,Médias indépendants,Тоқаев жаңа үкіметті негізінен ескі кабинеттің мүшелерінен жасақтады,https://www.azattyq.org/a/ukimet-quramy-buryngy-ministrlermen-zhasaqtaldy/33846088.html,,0,E,BRUIT,False,Faible priorité,,porte régionale: aucun ancrage régional,0,0,0,0,0,0,,absent,aucun,aucun,False,page_institutionnelle,,True,True,pertinent
,Radio Azattyq,Médias indépendants,Қазақстандағы атом станциясын жобалау және салу туралы келісімшартқа қол қойылды,https://www.azattyq.org/a/qazaqstandagy-atom-stantsiyasyn-zhobalau-zhane-salu-turaly-kelisimshartqa-qol-qoidy/33846048.html,,0,E,BRUIT,False,Faible priorité,,porte régionale: aucun ancrage régional,0,0,0,0,0,0,,absent,aucun,aucun,False,page_institutionnelle,,True,True,pertinent
,Radio Azattyq,Médias indépendants,Өзбекстанда Мирзияев қызын билікке дайындап жатыр ма?,https://www.azattyq.org/a/ozbekstanda-mirziyaev-qyzyn-bilikke-daiyndap-zhatyr-ma/33850823.html,,0,E,BRUIT,False,Faible priorité,,porte régionale: aucun ancrage régional,0,0,0,0,0,0,,absent,aucun,aucun,False,page_institutionnelle,,True,True,pertinent
,Radio Azattyq,Médias indépendants,Жапон таңбасын талқандау. Неліктен Ресейдегі жаңа ескерткіш Токионың шамына тиді?,https://www.azattyq.org/a/zhapon-simvolyn-talqandau-nelikten-reseidegi-eskertkish-tokionyn-shamyna-tidi/33850755.html,,0,E,BRUIT,False,Faible priorité,,porte régionale: aucun ancrage régional,0,0,0,0,0,0,,absent,aucun,aucun,False,page_institutionnelle,,True,True,pertinent
,Radio Azattyq,Médias indépendants,Елена Рыбакина – әлемнің бірінші ракеткасы. Қазақстандық теннисші бұл жетістікке қалай жетті?,https://www.azattyq.org/a/rybakina-is-new-number-one/33851239.html,,0,E,BRUIT,False,Faible priorité,,porte régionale: aucun ancrage régional,0,0,0,0,0,0,,absent,aucun,aucun,False,page_institutionnelle,,True,True,pertinent
,Radio Azattyq,Médias indépendants,Адамзат жасанды интеллектіні тізгіндей ала ма?,https://www.azattyq.org/a/zhasandy-intellekt-adamzatty-zhoiyp-zhibere-me/33852390.html,,0,E,BRUIT,False,Faible priorité,,porte régionale: aucun ancrage régional,0,0,0,0,0,0,,absent,aucun,aucun,False,page_institutionnelle,,True,True,pertinent
,Radio Azattyq,Médias indépendants,"Мектептегі орамал мәселесі: министр сөзі, мүфтияттың өшірілген жауабы",https://www.azattyq.org/a/33851875.html,,0,E,BRUIT,False,Politique intérieure,министр,porte régionale: aucun ancrage régional,0,0,0,0,2,0,,absent,aucun,aucun,False,page_institutionnelle,,True,True,pertinent
,Radio Azattyq,Médias indépendants,Azattyq TV,https://www.azattyq.org/z/332,,0,E,BRUIT,False,Faible priorité,,porte régionale: aucun ancrage régional,0,0,0,0,0,0,,absent,aucun,aucun,False,page_institutionnelle,,True,True,pertinent
,Radio Azattyq,Médias indépendants,"Қамалған белсенділер, ""Ақордаға жоспар"", шақырымдаған қоршау — AzatNEWS l 08.09.2026",https://www.azattyq.org/a/azatnews-08-09-2026/33850263.html,,0,E,BRUIT,False,Faible priorité,,porte régionale: aucun ancrage régional,0,0,0,0,0,0,,absent,aucun,aucun,False,page_institutionnelle,,True,True,pertinent
,Radio Azattyq,Médias indépendants,"Киевке жойқын шабуыл, пойызға түскен «Шахед», Саратовқа соққы | Соғыс жаңалықтары",https://www.azattyq.org/a/kievke-zhoiqyn-shabuyl-poiyzga-tusken-shahed-saratovqa-soqqy-sogys-zhanalyqtary/33850272.html,,0,E,BRUIT,False,Faible priorité,,porte régionale: aucun ancrage régional,0,0,0,0,0,0,,absent,aucun,aucun,False,page_institutionnelle,,True,True,pertinent
,Radio Azattyq,Médias indépendants,Мәскеу мен Киевтегі келіссөз: АҚШ-тың кезекті талпынысы нәтиже бере ме?,https://www.azattyq.org/a/33849288.html,,0,E,BRUIT,False,Faible priorité,,porte régionale: aucun ancrage régional,0,0,0,0,0,0,,absent,aucun,aucun,False,page_institutionnelle,,True,True,pertinent
,Radio Azattyq,Médias indépendants,Қазақ пен қырғыз тағы дауласты. — AzatNEWS l 07.09.2026.,https://www.azattyq.org/a/33849330.html,,0,E,BRUIT,False,Faible priorité,,porte régionale: aucun ancrage régional,0,0,0,0,0,0,,absent,aucun,aucun,False,page_institutionnelle,,True,True,pertinent
,Radio Azattyq,Médias indépendants,"Мәскеуге дрон шабуылы, Еуропаның Ресейге қысымы | Соғыс жаңалықтары",https://www.azattyq.org/a/maskeuge-dron-shabuyly-europanyn-reseige-qysymy-sogys-zhanalyqtary/33846408.html,,0,E,BRUIT,False,Faible priorité,,porte régionale: aucun ancrage régional,0,0,0,0,0,0,,absent,aucun,aucun,False,page_institutionnelle,,True,True,pertinent
,Radio Azattyq,Médias indépendants,"Зеленскийдің ескертуі, Путиннің жауабы, жабылған «Орыс үйі» | Соғыс жаңалықтары",https://www.azattyq.org/a/zelenskiidin-eskertui-putinnin-zhauaby-zhabylgan-orys-uii-sogys-zhanalyqtary/33845726.html,,0,E,BRUIT,False,Faible priorité,,porte régionale: aucun ancrage régional,0,0,0,0,0,0,,absent,aucun,aucun,False,page_institutionnelle,,True,True,pertinent
,Radio Azattyq,Médias indépendants,9/11 террорлық шабуылына 25 жыл. Қалай болып еді?,https://www.azattyq.org/a/33852292.html,,0,E,BRUIT,False,Faible priorité,,porte régionale: aucun ancrage régional,0,0,0,0,0,0,,absent,aucun,aucun,False,page_institutionnelle,,True,True,pertinent
,Radio Azattyq,Médias indépendants,9/11 террорлық шабуылы кезінде қираған қос ғимаратты дрондармен бейнеледі,https://www.azattyq.org/a/33852297.html,,0,E,BRUIT,False,Faible priorité,,porte régionale: aucun ancrage régional,0,0,0,0,0,0,,absent,aucun,aucun,False,page_institutionnelle,,True,True,pertinent
,Radio Azattyq,Médias indépendants,Сочи жағажайы мен Махачкаладағы портқа шабуыл,https://www.azattyq.org/a/33852439.html,,0,E,BRUIT,False,Faible priorité,,porte régionale: aucun ancrage régional,0,0,0,0,0,0,,absent,aucun,aucun,False,page_institutionnelle,,True,True,pertinent
,Radio Azattyq,Médias indépendants,Ресейдің Новороссийск портына тағы шабуыл жасалды,https://www.azattyq.org/a/33852303.html,,0,E,BRUIT,False,Faible priorité,,porte régionale: aucun ancrage régional,0,0,0,0,0,0,,absent,aucun,aucun,False,page_institutionnelle,,True,True,pertinent
,Radio Azattyq,Médias indépendants,Әлем картасы өзгереді,https://www.azattyq.org/a/33850934.html,,0,E,BRUIT,False,Faible priorité,,porte régionale: aucun ancrage régional,0,0,0,0,0,0,,absent,aucun,aucun,False,page_institutionnelle,,True,True,pertinent
,Radio Azattyq,Médias indépendants,"""Адамды сөзі үшін түрмеге қамауға болмайды"". Тамара Калеевамен сұхбат",https://www.azattyq.org/a/adamdy-soz-ushin-turmege-qamauga-bolmaidy-tamara-kaleevamen-suhbat/33789259.html,,0,E,BRUIT,False,Faible priorité,,porte régionale: aucun ancrage régional,0,0,0,0,0,0,,absent,aucun,aucun,False,page_institutionnelle,,True,True,pertinent
,Radio Azattyq,Médias indépendants,"""Қазақ тілін білу үшін қазақты сүю керек"". Қазақша үйреніп және үйретіп жүргендер",https://www.azattyq.org/a/qazaq-tilin-bilu-ushin-qazaqty-suyu-kerek-qazaqsha-uirenip-zhane-uiretip-zhurgen-keiipkerler/33783166.html,,0,E,BRUIT,False,Faible priorité,,porte régionale: aucun ancrage régional,0,0,0,0,0,0,,absent,aucun,aucun,False,page_institutionnelle,,True,True,pertinent
,Radio Azattyq,Médias indépendants,Түрмеге жазған жауапсыз хаттар,https://www.azattyq.org/a/turmege-zhazgan-zhauapsyz-hattar-bota-sharipzhan/33759478.html,,0,E,BRUIT,False,Faible priorité,,porte régionale: aucun ancrage régional,0,0,0,0,0,0,,absent,aucun,aucun,False,page_institutionnelle,,True,True,pertinent
,Radio Azattyq,Médias indépendants,Мемлекеттен ірі тендер алатын компания артында президенттің жиендері тұр ма? Зерттеу,https://www.azattyq.org/a/memleketten-iri-tender-alatyn-kompaniya-artynda-prezidenttin-zhienderi-tur-ma-zertteu/33755207.html,,0,E,BRUIT,False,Faible priorité,,porte régionale: aucun ancrage régional,0,0,0,0,0,0,,absent,aucun,aucun,False,page_institutionnelle,,True,True,pertinent
,Radio Azattyq,Médias indépendants,3 Белсенді Құрал Сейітханұлы үш жыл түрмеге кесілді,https://www.azattyq.org/a/belsendi-qural-seiithanuly-ush-zhyl-turmege-kesildi/33852224.html,,0,E,BRUIT,False,Faible priorité,,porte régionale: aucun ancrage régional,0,0,0,0,0,0,,absent,aucun,aucun,False,page_institutionnelle,,True,True,pertinent
,Radio Azattyq,Médias indépendants,3 Мұнай алпауыттарын сотқа берген Қазақстан. $160 миллиардтың жыры,https://www.azattyq.org/a/munai-alpauyttaryn-sotqa-bergen-qazaqstan-160-milliardtyn-zhyry/33849725.html,,0,E,BRUIT,False,Faible priorité,,porte régionale: aucun ancrage régional,0,0,0,0,0,0,,absent,aucun,aucun,False,page_institutionnelle,,True,True,pertinent
,Radio Azattyq,Médias indépendants,Сырласайық Толығырақ оқу →,https://www.azattyq.org/p/10387.html?int_cid=banner%3Atell-me_gr-2490%3Arferl-kazakh%3Afull-width,,0,E,BRUIT,False,Faible priorité,,porte régionale: aucun ancrage régional,0,0,0,0,0,0,,absent,aucun,aucun,False,page_institutionnelle,,True,True,pertinent
,Radio Azattyq,Médias indépendants,Біз туралы,https://www.azattyq.org/p/4509.html,,0,E,BRUIT,False,Faible priorité,,porte régionale: aucun ancrage régional,0,0,0,0,0,0,,absent,aucun,aucun,False,page_institutionnelle,,True,True,pertinent
,Radio Azattyq,Médias indépendants,Сайтымыз бұғатталса не істеу керек?,https://www.azattyq.org/p/8613.html,,0,E,BRUIT,False,Faible priorité,,porte régionale: aucun ancrage régional,0,0,0,0,0,0,,absent,aucun,aucun,False,page_institutionnelle,,True,True,pertinent
,Radio Azattyq,Médias indépendants,Азаттық қосымшалары,https://www.azattyq.org/a/28384249.html,,0,E,BRUIT,False,Faible priorité,,porte régionale: aucun ancrage régional,0,0,0,0,0,0,,absent,aucun,aucun,False,page_institutionnelle,,True,True,pertinent
,Radio Azattyq,Médias indépendants,Қолдану шарттары,https://www.azattyq.org/p/4511.html,,0,E,BRUIT,False,Faible priorité,,porte régionale: aucun ancrage régional,0,0,0,0,0,0,,absent,aucun,aucun,False,page_institutionnelle,,True,True,pertinent
,Radio Azattyq,Médias indépendants,Форум ережелері,https://www.azattyq.org/p/4512.html,,0,E,BRUIT,False,Faible priorité,,porte régionale: aucun ancrage régional,0,0,0,0,0,0,,absent,aucun,aucun,False,page_institutionnelle,,True,True,pertinent
,Radio Azattyq,Médias indépendants,Қазақтар - әлемде,https://www.azattyq.org/z/7633,,0,E,BRUIT,False,Faible priorité,,porte régionale: aucun ancrage régional,0,0,0,0,0,0,,absent,aucun,aucun,False,page_institutionnelle,,True,True,pertinent
,Radio Azattyq,Médias indépendants,Орталық Азия,https://www.azattyq.org/z/341,,0,E,BRUIT,False,Faible priorité,,porte régionale: aucun ancrage régional,0,0,0,0,0,0,,absent,aucun,aucun,False,page_institutionnelle,,True,True,pertinent
,Tengrinews,Médias régionaux,Police launch inspections at Almaty stores,https://en.tengrinews.kz/kazakhstan_news/police-launch-inspections-at-almaty-stores-273468/,,7,E,BRUIT,False,Faible priorité,almaty; police,Asie centrale: almaty; plafond V9: aucun ancrage HR principal,12,0,0,0,0,0,kazakhstan,sujet_principal,aucun,aucun,False,page_institutionnelle,,True,True,pertinent
,24.kg — russe,Médias régionaux,В Бишкеке осадки пока не ожидаются. Прогноз погоды на 14-16 сентября,https://24.kg/obschestvo/388927_vbishkeke_osadki_poka_neojidayutsya_prognoz_pogodyi_na14-16_sentyabrya/,,12,E,BRUIT,False,Faible priorité,бишкек,Asie centrale: бишкек; plafond V9: aucun ancrage HR principal,12,0,0,0,0,0,kirghizistan,sujet_principal,aucun,aucun,False,page_institutionnelle,,True,True,pertinent
,24.kg — russe,Médias régionaux,Возобновление переговоров. Кушнер прокомментировал визиты в Москву и Киев,https://24.kg/vlast/388997_vozobnovlenie_peregovorov_kushner_prokommentiroval_vizityi_vmoskvu_ikiev/,,0,E,BRUIT,False,Faible priorité,,porte régionale: aucun ancrage régional,0,0,0,0,0,0,,absent,aucun,aucun,False,page_institutionnelle,,True,True,pertinent
,24.kg — russe,Médias régionaux,"Необанк Revolut отдал данные клиентов мошенникам, которые представились властями",https://24.kg/proisshestvija/388996_neobank_Revolut_otdal_dannyie_klientov_moshennikam_kotoryie_predstavilis_vlastyami/,,0,E,BRUIT,False,Faible priorité,,porte régionale: aucun ancrage régional,0,0,0,0,0,0,,absent,aucun,aucun,False,page_institutionnelle,,True,True,pertinent
,24.kg — russe,Médias régionaux,Казахстанская теннисистка Елена Рыбакина впервые выиграла финал US Open,https://24.kg/sport/388999_kazahstanskaya_tennisistka_elena_ryibakina_vpervyie_vyiigrala_final_USOpen_/,,12,E,BRUIT,False,Faible priorité,казахстан; казах,"Asie centrale: казахстан, казах; plafond V9: aucun ancrage HR principal",12,0,0,0,0,0,kazakhstan,sujet_principal,aucun,aucun,False,page_institutionnelle,,True,True,pertinent
,24.kg — russe,Médias régionaux,"Ядерная угроза, войны, санкции. Страны БРИКС приняли совместную декларацию",https://24.kg/vlast/388998_yadernaya_ugroza_voynyi_sanktsii_stranyi_briks_prinyali_sovmestnuyu_deklaratsiyu/,,12,E,BRUIT,False,Géopolitique majeure,санкции,porte régionale: aucun ancrage régional,0,0,0,0,5,7,,absent,aucun,pression_administrative,False,page_institutionnelle,,True,True,pertinent
,24.kg — russe,Médias régionaux,В странах ЕАЭС хотят роботизировать производственные предприятия,https://24.kg/tehnoblog/388994_vstranah_eaes_hotyat_robotizirovat_proizvodstvennyie_predpriyatiya/,,0,E,BRUIT,False,Faible priorité,,porte régionale: aucun ancrage régional,0,0,0,0,0,0,,absent,aucun,aucun,False,page_institutionnelle,,True,True,pertinent
,24.kg — russe,Médias régionaux,Иран направил США послание с семью условиями для открытия Ормузского пролива,https://24.kg/vlast/388992_iran_napravil_ssha_poslanie_ssemyu_usloviyami_dlya_otkryitiya_ormuzskogo_proliva/,,12,E,BRUIT,False,Géopolitique majeure,сша; иран,porte régionale: aucun ancrage régional,0,0,0,0,5,7,iran,sujet_principal,aucun,aucun,False,page_institutionnelle,,True,True,pertinent
,24.kg — russe,Médias régionaux,"Для кыргызстанцев, желающих работать в Южной Корее, продлили срок регистрации",https://24.kg/obschestvo/388991_dlya_kyirgyizstantsev_jelayuschih_rabotat_vyujnoy_koree_prodlili_srok_registratsii/,,12,E,BRUIT,False,Faible priorité,кыргызстан; кыргыз,"Asie centrale: кыргызстан, кыргыз; plafond V9: aucun ancrage HR principal",12,0,0,0,0,0,kirghizistan,sujet_principal,aucun,aucun,False,page_institutionnelle,,True,True,pertinent
,24.kg — russe,Médias régionaux,"Неделя-24: инфляция в 11,5 процента и «Бишкек Арена» за 386 миллионов долларов",https://24.kg/obschestvo/388680_nedelya-24_inflyatsiya_v115_protsenta_ibishkek_arena_za386_millionov_dollarov/,,12,E,BRUIT,False,Faible priorité,бишкек,Asie centrale: бишкек; plafond V9: aucun ancrage HR principal,12,0,0,0,0,0,kirghizistan,sujet_principal,aucun,aucun,False,page_institutionnelle,,True,True,pertinent
,24.kg — russe,Médias régionaux,Путин снова призвал расширить состав Совбеза ООН за счет стран Глобального Юга,https://24.kg/vlast/388993_putin_snova_prizval_rasshirit_sostav_sovbeza_oon_zaschet_stran_globalnogo_yuga/,,0,E,BRUIT,False,Faible priorité,,porte régionale: aucun ancrage régional,0,0,0,0,0,0,,absent,aucun,aucun,False,page_institutionnelle,,True,True,pertinent
,24.kg — russe,Médias régionaux,Названы победители 83-го Венецианского кинофестиваля,https://24.kg/obschestvo/388995_nazvanyi_pobediteli_83-go_venetsianskogo_kinofestivalya/,,0,E,BRUIT,False,Faible priorité,,porte régionale: aucun ancrage régional,0,0,0,0,0,0,,absent,aucun,aucun,False,page_institutionnelle,,True,True,pertinent
,24.kg — russe,Médias régionaux,В Кыргызстане вблизи города Манаса произошло два землетрясения,https://24.kg/proisshestvija/388990_vkyirgyizstane_vblizi_goroda_manasa_proizoshlo_dva_zemletryaseniya_/,,12,E,BRUIT,False,Faible priorité,кыргызстан; кыргыз,"Asie centrale: кыргызстан, кыргыз; plafond V9: aucun ancrage HR principal",12,0,0,0,0,0,kirghizistan,sujet_principal,aucun,aucun,False,page_institutionnelle,,True,True,pertinent
,Kaktus Media,Médias indépendants,В Бишкеке 17-летняя иностранка оставляла мужчину для попрошайничества,https://kaktus.media/doc/553178_v_bishkeke_17_letniaia_inostranka_ostavliala_myjchiny_dlia_poproshaynichestva.html,,12,E,BRUIT,False,Faible priorité,бишкек,Asie centrale: бишкек; plafond V9: aucun ancrage HR principal,12,0,0,0,0,0,kirghizistan,sujet_principal,aucun,aucun,False,page_institutionnelle,,True,True,pertinent
,Kaktus Media,Médias indépendants,В 26 крупных аэропортах России ограничили заправку самолетов,https://kaktus.media/doc/553093_v_26_krypnyh_aeroportah_rossii_ogranichili_zapravky_samoletov.html,,0,E,BRUIT,False,Faible priorité,,porte régionale: aucun ancrage régional,0,0,0,0,0,0,,absent,aucun,aucun,False,page_institutionnelle,,True,True,pertinent
,Kaktus Media,Médias indépendants,В Кыргызстане хотят обновить правила подготовки аэронавигационных карт,https://kaktus.media/doc/553175_v_kyrgyzstane_hotiat_obnovit_pravila_podgotovki_aeronavigacionnyh_kart.html,,12,E,BRUIT,False,Faible priorité,кыргызстан; кыргыз,"Asie centrale: кыргызстан, кыргыз; plafond V9: aucun ancrage HR principal",12,0,0,0,0,0,kirghizistan,sujet_principal,aucun,aucun,False,page_institutionnelle,,True,True,pertinent
,Kabar,Médias officiels (contrepoint),Zhaparov: Manas Ordo to become place where ancient history blends with new technologies 11 September 2026 19,https://en.kabar.kg/news/zhaparov-manas-ordo-to-become-place-where-ancient-history-blends-with-new-technologies/,,0,E,BRUIT,False,Histoire / culture / contexte,history,source spécialisée Asie centrale; histoire / culture; plafond V9: aucun ancrage HR principal,10,0,0,0,0,0,,absent,aucun,aucun,False,page_institutionnelle,,True,True,pertinent
,Kabar,Médias officiels (contrepoint),Vladimir Putin arrives in Kyrgyzstan on working visit 31 August 2026 70,https://en.kabar.kg/news/vladimir-putin-arrives-in-kyrgyzstan-on-working-visit/,,4,E,BRUIT,False,Économie / géopolitique ordinaire,kyrgyzstan; visit,Asie centrale: kyrgyzstan; géopolitique / économie ordinaire; plafond V9: aucun ancrage HR principal,12,0,0,0,0,2,kirghizistan,sujet_principal,aucun,aucun,False,page_institutionnelle,,True,True,pertinent
,Kabar,Médias officiels (contrepoint),Kyrgyz Parliament to consider scheduling presidential elections on September 17 26 August 2026 90,https://en.kabar.kg/news/kyrgyz-parliament-to-consider-scheduling-presidential-elections-on-september-17/,,14,E,BRUIT,False,Politique intérieure,kyrgyz; presidential; parliament; elections,Asie centrale: kyrgyz; plafond V9: aucun ancrage HR principal,12,0,0,0,2,0,kirghizistan,sujet_principal,aucun,aucun,False,page_institutionnelle,,True,True,pertinent
,Kabar,Médias officiels (contrepoint),NASA found strange holes on Mars 10 September 2026 18,https://en.kabar.kg/news/nasa-found-strange-holes-on-mars/,,10,E,BRUIT,False,Faible priorité,,source spécialisée Asie centrale; plafond V9: aucun ancrage HR principal,10,0,0,0,0,0,,absent,aucun,aucun,False,page_institutionnelle,,True,True,pertinent
,Kabar,Médias officiels (contrepoint),Trump says US is now world’s biggest oil producer 10 September 2026 13,https://en.kabar.kg/news/trump-says-us-is-now-worlds-biggest-oil-producer/,,10,E,BRUIT,False,Faible priorité,,source spécialisée Asie centrale; plafond V9: aucun ancrage HR principal,10,0,0,0,0,0,,absent,aucun,aucun,False,page_institutionnelle,,True,True,pertinent
,Kun.uz,Médias régionaux,President Shavkat Mirziyoyev meets compatriots in Seoul,https://kun.uz/en/news/2026/09/13/president-shavkat-mirziyoyev-meets-compatriots-in-seoul,,7,E,BRUIT,False,Politique intérieure,president,source spécialisée Asie centrale; plafond V9: aucun ancrage HR principal,10,0,0,0,2,0,,absent,aucun,aucun,False,page_institutionnelle,,True,True,pertinent
,Kun.uz,Médias régionaux,President of Uzbekistan arrives in Seoul,https://kun.uz/en/news/2026/09/13/president-of-uzbekistan-arrives-in-seoul,,14,E,BRUIT,False,Politique intérieure,uzbekistan; president,Asie centrale: uzbekistan; plafond V9: aucun ancrage HR principal,12,0,0,0,2,0,ouzbekistan,sujet_principal,aucun,aucun,False,page_institutionnelle,,True,True,pertinent
,Daryo.uz,Médias régionaux,"Uzbekistan’s Mirziyoyev arrives in Seoul for Central Asia–South Korea summit President Shavkat Mirziyoyev has arrived in Seoul for a three-day state visit to South Korea, where he is scheduled to hold talks with President Lee Jae Myung, meet business leaders and participate in the first Central Asia–South Korea summit. Today, 11:00",https://daryo.uz/en/2026/09/13/uzbekistans-mirziyoyev-arrives-in-seoul-ahead-of-central-asiasouth-korea-summit,,6,E,BRUIT,False,Politique intérieure,central asia; uzbekistan; president; talks; visit; summit; business,"Asie centrale: central asia, uzbekistan; géopolitique / économie ordinaire; plafond V9: sujet non-HR",12,0,0,0,2,2,"autre, ouzbekistan",sujet_principal,aucun,aucun,False,page_institutionnelle,,False,True,pertinent
,Qalampir.uz,Médias régionaux,"Агар Зеленский учрашмоқчи бўлса, Москвага келсин – Лавров",https://qalampir.uz/news/agar-zelenskiy-uchrashmok-chi-bulsa-moskvaga-kelsin-lavrov-142984,,0,E,BRUIT,False,Faible priorité,,porte régionale: aucun ancrage régional,0,0,0,0,0,0,,absent,aucun,aucun,False,page_institutionnelle,,False,True,pertinent
,Qalampir.uz,Médias régionaux,Россия Украинанинг бир нечта ҳудудларига зарбалар берди. Қурбонлар бор,https://qalampir.uz/news/rossiya-ukrainaning-bir-nechta-%D2%B3ududlariga-zarbalar-berdi-k-urbonlar-bor-142983,,12,E,BRUIT,False,Géopolitique majeure,россия,porte régionale: aucun ancrage régional,0,0,0,0,5,7,russie,sujet_principal,aucun,aucun,False,page_institutionnelle,,False,True,pertinent
,Qalampir.uz,Médias régionaux,"Сербия билан яқинлик, туғуруқхонадаги қотиллик, ошаётган йўлкира, “участковой”ларга янги ваколат – Ҳафта таҳлили",https://qalampir.uz/news/uzbekiston-serbiyaga-strategik-sherik-buldi-142968,,0,E,BRUIT,False,Faible priorité,,porte régionale: aucun ancrage régional,0,0,0,0,0,0,,absent,aucun,aucun,False,page_institutionnelle,,False,True,pertinent
,Qalampir.uz,Médias régionaux,Шавкат Мирзиёев Кореядаги ўзбекистонликлар билан мулоқот қилди,https://qalampir.uz/news/shavkat-mirziyeev-koreyadagi-uzbekistonliklar-bilan-mulok-ot-k-ildi-142982,,0,E,BRUIT,False,Faible priorité,,porte régionale: aucun ancrage régional,0,0,0,0,0,0,,absent,aucun,aucun,False,page_institutionnelle,,False,True,pertinent
,Qalampir.uz,Médias régionaux,Шавкат Мирзиёев рафиқаси билан Сеулда тантанали кутиб олинди,https://qalampir.uz/news/shavkat-mirziyeev-rafik-asi-bilan-seulda-tantali-kutib-olindi-142981,,0,E,BRUIT,False,Faible priorité,,porte régionale: aucun ancrage régional,0,0,0,0,0,0,,absent,aucun,aucun,False,page_institutionnelle,,False,True,pertinent
,Turkmen.News,Droits humains & presse,«Временный» визовый режим с Турцией длится уже пятый год,https://turkmen.news/2026/09/09/vremennyy-vizovyy-rezhim-s-turciey-dlitsa-uzhe-pyatyy-god/,,10,E,BRUIT,False,Faible priorité,,source spécialisée Asie centrale; plafond V9: aucun ancrage HR principal,10,0,0,0,0,0,,absent,aucun,aucun,False,page_institutionnelle,,True,True,pertinent
,Turkmen.News,Droits humains & presse,Из-за запрета на выезд гражданин Туркменистана ни разу не видел своего годовалого сына,https://turkmen.news/2026/09/11/iz-za-zapreta-na-vyezd-grazhdanin-turkmenistana-ni-razu-ne-videl-svoego-godovalogo-syna/,,12,E,BRUIT,False,Faible priorité,туркменистан; туркмен,"Asie centrale: туркменистан, туркмен; plafond V9: aucun ancrage HR principal",12,0,0,0,0,0,turkmenistan,sujet_principal,citoyen_ordinaire,aucun,False,page_institutionnelle,,True,True,pertinent
,Turkmen.News,Droits humains & presse,Туркменистан назвал главной угрозой своему благополучию засуху и раскрыл ООН ряд показателей,https://turkmen.news/2026/09/09/turkmenistan-nazval-glavnoy-ugrozoy-svoemu-blagopoluchiyu-zasuhu-i-raskryl-oon-ryad-pokazateley/,,12,E,BRUIT,False,Faible priorité,туркменистан; туркмен,"Asie centrale: туркменистан, туркмен; plafond V9: aucun ancrage HR principal",12,0,0,0,0,0,turkmenistan,sujet_principal,aucun,pression_administrative,False,page_institutionnelle,,True,True,pertinent
,Turkmen.News,Droits humains & presse,Вслед за посёлком Саглык под Ашхабадом сносят дачи ЖБИ и приют для животных,https://turkmen.news/2026/09/05/vsled-za-posyolkom-saglyk-pod-ashhabadom-snosyat-dachi-zhbi-i-priyut-dlya-zhivotnyh/,,12,E,BRUIT,False,Faible priorité,ашхабад,Asie centrale: ашхабад; plafond V9: aucun ancrage HR principal,12,0,0,0,0,0,turkmenistan,sujet_principal,aucun,aucun,False,page_institutionnelle,,True,True,pertinent
,Turkmen.News,Droits humains & presse,Туркменистан и ЕБРР подписали пять меморандумов о взаимопонимании,https://turkmen.news/2026/07/30/turkmenistan-i-ebrr-podpisali-pyat-memorandumov-o-vzaimoponimanii/,,12,E,BRUIT,False,Faible priorité,туркменистан; туркмен,"Asie centrale: туркменистан, туркмен; plafond V9: aucun ancrage HR principal",12,0,0,0,0,0,turkmenistan,sujet_principal,aucun,aucun,False,page_institutionnelle,,True,True,pertinent
,Turkmen.News,Droits humains & presse,Россельхознадзор запретил ввоз в Россию помидоров от 54 экспортёров из Туркменистана,https://turkmen.news/2026/07/25/rosselhoznadzor-zapretil-vvoz-v-rossiyu-pomidorov-ot-54-eksporterov-iz-turkmenistana/,,12,E,BRUIT,False,Faible priorité,туркменистан; туркмен,"Asie centrale: туркменистан, туркмен; plafond V9: aucun ancrage HR principal",12,0,0,0,0,0,turkmenistan,sujet_principal,aucun,aucun,False,page_institutionnelle,,True,True,pertinent
,Turkmen.News,Droits humains & presse,Туркменские бизнесмены потеряли товар в результате атак на склады Wildberries в России,https://turkmen.news/2026/07/25/turkmenskie-biznesmeny-poteryali-tovar-v-rezultate-atak-na-sklady-wildberries-v-rossii/,,12,E,BRUIT,False,Faible priorité,туркмен,Asie centrale: туркмен; plafond V9: aucun ancrage HR principal,12,0,0,0,0,0,turkmenistan,sujet_principal,aucun,aucun,False,page_institutionnelle,,True,True,pertinent
,Turkmen.News,Droits humains & presse,Туркменский сотовый оператор «Алтын Асыр» добавил новый телефонный код,https://turkmen.news/2026/07/17/turkmenskiy-sotovyy-operator-altyn-asyr-dobavil-novyy-telefonnyy-kod/,,12,E,BRUIT,False,Faible priorité,туркмен,Asie centrale: туркмен; plafond V9: aucun ancrage HR principal,12,0,0,0,0,0,turkmenistan,sujet_principal,aucun,aucun,False,page_institutionnelle,,True,True,pertinent
,Turkmen.News,Droits humains & presse,Гурбангулы Бердымухамедов дал интервью гостелерадиокомпании Ирана,https://turkmen.news/2026/07/10/gurbanguly-berdymuhamedov-dal-intervyu-gosteleradiokompanii-irana/,,10,E,BRUIT,False,Faible priorité,,source spécialisée Asie centrale; plafond V9: aucun ancrage HR principal,10,0,0,0,0,0,,absent,aucun,aucun,False,page_institutionnelle,,True,True,pertinent
,Turkmen.News,Droits humains & presse,В Туркменистане сменился постоянный координатор ООН,https://turkmen.news/2026/07/03/v-turkmenistane-smenilsya-postoyannyy-koordinator-oon/,,12,E,BRUIT,False,Faible priorité,туркменистан; туркмен,"Asie centrale: туркменистан, туркмен; plafond V9: aucun ancrage HR principal",12,0,0,0,0,0,turkmenistan,sujet_principal,aucun,aucun,False,page_institutionnelle,,True,True,pertinent
,Turkmen.News,Droits humains & presse,В России на порядок повысили пошлины для мигрантов,https://turkmen.news/2026/07/01/v-rossii-na-poryadok-povysili-poshliny-dlya-migrantov/,,10,E,BRUIT,False,Faible priorité,,source spécialisée Asie centrale; plafond V9: aucun ancrage HR principal,10,0,0,0,0,0,,absent,aucun,aucun,False,page_institutionnelle,,True,True,pertinent
,Turkmen.News,Droits humains & presse,Туркменистан и ЕС провели очередной раунд диалога по правам человека,https://turkmen.news/2026/06/25/turkmenistan-i-es-proveli-ocherednoy-raund-dialoga-po-pravam-cheloveka/,,12,E,BRUIT,False,Faible priorité,туркменистан; туркмен,"Asie centrale: туркменистан, туркмен; plafond V9: aucun ancrage HR principal",12,0,0,0,0,0,turkmenistan,sujet_principal,aucun,aucun,False,page_institutionnelle,,True,True,pertinent
,Turkmen.News,Droits humains & presse,В Туркменистане сразу после пятничной молитвы сменили муфтия,https://turkmen.news/2026/06/23/v-turkmenistane-srazu-posle-pyatnichnoy-molitvy-smenili-muftiya/,,12,E,BRUIT,False,Faible priorité,туркменистан; туркмен,"Asie centrale: туркменистан, туркмен; plafond V9: aucun ancrage HR principal",12,0,0,0,0,0,turkmenistan,sujet_principal,aucun,aucun,False,page_institutionnelle,,True,True,pertinent
,Turkmen.News,Droits humains & presse,Глава ТРАСЕКА связал низкую загруженность порта Туркменбаши с визовой волокитой,https://turkmen.news/2026/06/19/glava-mezhpravitelstvennoy-programmy-traseka-svyazal-nizkuyu-zagruzhennost-porta-turkmenbashi-s-vizovoy-volokitoy/,,12,E,BRUIT,False,Faible priorité,туркмен,Asie centrale: туркмен; plafond V9: aucun ancrage HR principal,12,0,0,0,0,0,turkmenistan,sujet_principal,aucun,aucun,False,page_institutionnelle,,True,True,pertinent
,Turkmen.News,Droits humains & presse,Омбудсмен и Верховный суд Туркменистана отказались помочь жертвам сексуализированного насилия,https://turkmen.news/2026/09/04/ombudsmen-i-verhovnyj-sud-turkmenistana-otkazalis-pomoch-zhertvam-seksualizirovannogo-nasiliya/,,7,E,BRUIT,False,Faible priorité,туркменистан; туркмен; суд,"Asie centrale: туркменистан, туркмен; plafond V9: aucun ancrage HR principal",12,0,0,0,0,0,turkmenistan,sujet_principal,aucun,aucun,False,page_institutionnelle,,True,True,pertinent
,Turkmen.News,Droits humains & presse,В классах школы No55 Ашхабада будет учиться до 55 учеников из-за алчности директора,https://turkmen.news/2026/09/01/v-klassah-shkoly-55-ashkhabada-budet-uchitsya-do-55-uchenikov-iz-za-alchnosti-direktora/,,12,E,BRUIT,False,Faible priorité,ашхабад,Asie centrale: ашхабад; plafond V9: aucun ancrage HR principal,12,0,0,0,0,0,turkmenistan,sujet_principal,aucun,aucun,False,page_institutionnelle,,True,True,pertinent
,Turkmen.News,Droits humains & presse,Туркменистан на несколько часов погрузился во тьму,https://turkmen.news/2026/08/31/turkmenistan-na-neskolko-chasov-pogruzilsa-vo-tmu/,,12,E,BRUIT,False,Faible priorité,туркменистан; туркмен,"Asie centrale: туркменистан, туркмен; plafond V9: aucun ancrage HR principal",12,0,0,0,0,0,turkmenistan,sujet_principal,aucun,aucun,False,page_institutionnelle,,True,True,pertinent
,Turkmen.News,Droits humains & presse,«Йодный феодал» из Балканского велаята откупился от увольнения. Производство отстаёт из-за хищений,https://turkmen.news/2026/08/28/yodnyy-feodal-iz-balkanskogo-velayata-otkupilsa-ot-uvolneniya-proizvodstvo-otstayot-iz-za-hisheniy/,,10,E,BRUIT,False,Faible priorité,,source spécialisée Asie centrale; plafond V9: aucun ancrage HR principal,10,0,0,0,0,0,,absent,aucun,aucun,False,page_institutionnelle,,True,True,pertinent
,Turkmen.News,Droits humains & presse,"Экс-главу туркменских железных дорог осудили в России на 8,5 лет за контрабанду МДМА",https://turkmen.news/2026/07/23/eks-glavu-turkmenskih-zheleznyh-dorog-osudili-v-rossii-na-8-5-let-za-kontrabandu-mdma/,,12,E,BRUIT,False,Faible priorité,туркмен,Asie centrale: туркмен; plafond V9: aucun ancrage HR principal,12,0,0,0,0,0,turkmenistan,sujet_principal,aucun,aucun,False,page_institutionnelle,,True,True,pertinent
,Turkmen.News,Droits humains & presse,В Туркменистане скончался один из создателей культа личности Туркменбаши,https://turkmen.news/2026/06/25/v-turkmenistane-skonchalsa-odin-iz-sozdateley-kulta-lichnosti-turkmenbashi/,,12,E,BRUIT,False,Faible priorité,туркменистан; туркмен,"Asie centrale: туркменистан, туркмен; plafond V9: aucun ancrage HR principal",12,0,0,0,0,0,turkmenistan,sujet_principal,aucun,aucun,False,page_institutionnelle,,True,True,pertinent
,Turkmen.News,Droits humains & presse,Туркменистан испытывает острый кадровый дефицит,https://turkmen.news/2026/08/14/turkmenistan-ispytyvaet-ostryy-kadrovyy-deficit/,,12,E,BRUIT,False,Faible priorité,туркменистан; туркмен,"Asie centrale: туркменистан, туркмен; plafond V9: aucun ancrage HR principal",12,0,0,0,0,0,turkmenistan,sujet_principal,aucun,aucun,False,page_institutionnelle,,True,True,pertinent
,Turkmen.News,Droits humains & presse,Недостаточно мраморная? Российская говядина продавалась в Туркменистане всего четыре месяца,https://turkmen.news/2026/08/12/nedostatochno-mramornaya-rossiyskaya-govyadina-prodavalas-v-turkmenistane-vsego-chetyre-mesyaca/,,12,E,BRUIT,False,Faible priorité,туркменистан; туркмен,"Asie centrale: туркменистан, туркмен; plafond V9: aucun ancrage HR principal",12,0,0,0,0,0,turkmenistan,sujet_principal,aucun,aucun,False,page_institutionnelle,,True,True,pertinent
,Turkmen.News,Droits humains & presse,Туркменистан вдвое снизил объём топлива для выезжающих за пределы страны и повысил плату за лишний литр,https://turkmen.news/2026/08/08/turkmenistan-vdvoe-snizil-obyom-topliva-dlya-vyezzhaushih-za-predely-strany-i-povysil-platu-za-lishniy-litr/,,12,E,BRUIT,False,Faible priorité,туркменистан; туркмен,"Asie centrale: туркменистан, туркмен; plafond V9: aucun ancrage HR principal",12,0,0,0,0,0,turkmenistan,sujet_principal,aucun,aucun,False,page_institutionnelle,,True,True,pertinent
,Turkmen.News,Droits humains & presse,В Каракумском этрапе врачи спасли 16-летнюю пациентку в критическом состоянии,https://turkmen.news/2026/07/22/v-karakumskom-etrape-vrachi-spasli-16-letnyuyu-pacientku-v-kriticheskom-sostoyanii/,,10,E,BRUIT,False,Faible priorité,,source spécialisée Asie centrale; plafond V9: aucun ancrage HR principal,10,0,0,0,0,0,,absent,aucun,aucun,False,page_institutionnelle,,True,True,pertinent
,Turkmen.News,Droits humains & presse,Чиновники туркменского Минздрава вымогают взятки у тяжелобольных пациентов и игнорируют запросы больниц,https://turkmen.news/2026/07/20/chinovniki-turkmenskogo-minzdrava-vymogayut-vzyatki-u-tyazhelobolnyh-pacientov-i-ignoriruyut-zaprosy-bolnic/,,14,E,BRUIT,False,Politique intérieure,туркмен; чиновники,Asie centrale: туркмен; plafond V9: aucun ancrage HR principal,12,0,0,0,2,0,turkmenistan,sujet_principal,aucun,aucun,False,page_institutionnelle,,True,True,pertinent
,Turkmen.News,Droits humains & presse,Жительнице Туркменистана с редким генетическим заболеванием нужны деньги на лечение,https://turkmen.news/2026/07/01/zhitelnice-turkmenistana-s-redkim-geneticheskim-zabolevaniem-nuzhny-dengi-na-lechenie/,,12,E,BRUIT,False,Faible priorité,туркменистан; туркмен,"Asie centrale: туркменистан, туркмен; plafond V9: aucun ancrage HR principal",12,0,0,0,0,0,turkmenistan,sujet_principal,aucun,aucun,False,page_institutionnelle,,True,True,pertinent
,Turkmen.News,Droits humains & presse,Витамин USD. В Туркменистане растёт рынок пищевых добавок сомнительной полезности,https://turkmen.news/2026/06/18/vitamin-usd-v-turkmenistane-rastyot-rynok-pishchevyh-dobavok-somnitelnoy-poleznosti/,,12,E,BRUIT,False,Faible priorité,туркменистан; туркмен,"Asie centrale: туркменистан, туркмен; plafond V9: aucun ancrage HR principal",12,0,0,0,0,0,turkmenistan,sujet_principal,aucun,aucun,False,page_institutionnelle,,True,True,pertinent
,Turkmen.News,Droits humains & presse,В Туркменистане от врачебных ошибок и халатности страдают даже пациенты-медики,https://turkmen.news/2026/05/06/v-turkmenistane-ot-vrachebnyh-oshibok-i-halatnosti-stradayut-dazhe-pacienty-mediki/,,12,E,BRUIT,False,Faible priorité,туркменистан; туркмен,"Asie centrale: туркменистан, туркмен; plafond V9: aucun ancrage HR principal",12,0,0,0,0,0,turkmenistan,sujet_principal,aucun,aucun,False,page_institutionnelle,,True,True,pertinent
,Turkmen.News,Droits humains & presse,Коррумпированная директор ашхабадской школы после проверки сохранила место,https://turkmen.news/2026/07/03/korrumpirovannaya-direktor-ashkhabadskoy-shkoly-posle-proverki-sohranila-mesto/,,12,E,BRUIT,False,Faible priorité,ашхабад,Asie centrale: ашхабад; plafond V9: aucun ancrage HR principal,12,0,0,0,0,0,turkmenistan,sujet_principal,aucun,aucun,False,page_institutionnelle,,True,True,pertinent
,Turkmen.News,Droits humains & presse,«Акула» доплавалась. Коррумпированный глава отдела образования Байрамалийского этрапа отправлен в отставку,https://turkmen.news/2026/06/16/akula-doplavalas-korrumpirovannyy-glava-otdela-obrazovaniya-bayramaliyskogo-etrapa-otpravlen-v-otstavku/,,10,E,BRUIT,False,Faible priorité,,source spécialisée Asie centrale; plafond V9: aucun ancrage HR principal,10,0,0,0,0,0,,absent,aucun,aucun,False,page_institutionnelle,,True,True,pertinent
,Turkmen.News,Droits humains & presse,"«Акула» оказалась живучей. Коррумпированному чиновнику сделали выговор, но оставили на должности",https://turkmen.news/2026/06/04/akula-okazalas-zhivuchey-korrumpirovannomu-chinovniku-sdelali-vygovor-no-ostavili-na-dolzhnosti/,,10,E,BRUIT,False,Faible priorité,,source spécialisée Asie centrale; plafond V9: aucun ancrage HR principal,10,0,0,0,0,0,,absent,aucun,aucun,False,page_institutionnelle,,True,True,pertinent
,Turkmen.News,Droits humains & presse,Директор ашхабадской школы берёт взятки. Её покрывает партнёр — замглавы МНБ,https://turkmen.news/2026/06/03/direktor-ashkhabadskoy-shkoly-beryot-vzyatki-eyo-pokryvaet-partnyor-zamglavy-mnb/,,12,E,BRUIT,False,Faible priorité,ашхабад,Asie centrale: ашхабад; plafond V9: aucun ancrage HR principal,12,0,0,0,0,0,turkmenistan,sujet_principal,aucun,aucun,False,page_institutionnelle,,True,True,pertinent
,Turkmen.News,Droits humains & presse,Из жизни пешехода в Ашхабаде. Письмо читателя о городских неудобствах,https://turkmen.news/2026/08/21/iz-zhizni-peshekhoda-v-ashkhabade-pismo-chitatelya-o-gorodskih-neudobstvah/,,12,E,BRUIT,False,Faible priorité,ашхабад,Asie centrale: ашхабад; plafond V9: aucun ancrage HR principal,12,0,0,0,0,0,turkmenistan,sujet_principal,aucun,aucun,False,page_institutionnelle,,True,True,pertinent
,Turkmen.News,Droits humains & presse,В Ашхабаде снесли несколько зданий вблизи 30-го микрорайона,https://turkmen.news/2026/08/19/v-ashkhabade-snesli-neskolko-zdaniy-vblizi-30-go-mikrorayona/,,12,E,BRUIT,False,Faible priorité,ашхабад,Asie centrale: ашхабад; plafond V9: aucun ancrage HR principal,12,0,0,0,0,0,turkmenistan,sujet_principal,aucun,aucun,False,page_institutionnelle,,True,True,pertinent
,Turkmen.News,Droits humains & presse,В Туркменабаде сгорело бывшее здание музея 19-го века,https://turkmen.news/2026/08/08/v-turkmenabade-sgorelo-byvshee-zdanie-muzeya-19-veka/,,12,E,BRUIT,False,Faible priorité,туркмен,Asie centrale: туркмен; plafond V9: aucun ancrage HR principal,12,0,0,0,0,0,turkmenistan,sujet_principal,aucun,aucun,False,page_institutionnelle,,True,True,pertinent
,Turkmen.News,Droits humains & presse,Человек с душою скрипки. Памяти Нины Мусориной,https://turkmen.news/2026/06/20/chelovek-s-dushoyu-skripki-pamyati-niny-musorinoy/,,10,E,BRUIT,False,Faible priorité,,source spécialisée Asie centrale; plafond V9: aucun ancrage HR principal,10,0,0,0,0,0,,absent,aucun,aucun,False,page_institutionnelle,,True,True,pertinent
,Turkmen.News,Droits humains & presse,"В туркменской колонии скончался актёр, сыгравший отца Туркменбаши",https://turkmen.news/2026/06/06/v-turkmenskoy-kolonii-skonchalsa-akter-sygravshyy-otsa-turkmenbashi/,,12,E,BRUIT,False,Faible priorité,туркмен,Asie centrale: туркмен; plafond V9: aucun ancrage HR principal,12,0,0,0,0,0,turkmenistan,sujet_principal,aucun,aucun,False,page_institutionnelle,,True,True,pertinent
,Turkmen.News,Droits humains & presse,Зрителей матча «Аркадаг» — «Аль-Наср» принудительно пересаживают ради студентов,https://turkmen.news/2026/01/30/zriteley-matcha-arkadag-al-nasr-prinuditelno-peresazhivayut-radi-studentov/,,10,E,BRUIT,False,Faible priorité,,source spécialisée Asie centrale; plafond V9: aucun ancrage HR principal,10,0,0,0,0,0,,absent,aucun,aucun,False,page_institutionnelle,,True,True,pertinent
,Turkmen.News,Droits humains & presse,В Туркменистане автора стихотворения про коронавирус и карантин осудили на 5 лет,https://turkmen.news/2021/11/01/youtube-activist-imprisoned/,,12,E,BRUIT,False,Faible priorité,туркменистан; туркмен,"Asie centrale: туркменистан, туркмен; plafond V9: aucun ancrage HR principal",12,0,0,0,0,0,turkmenistan,sujet_principal,aucun,aucun,False,page_institutionnelle,,True,True,pertinent
,Central Asia-Caucasus Analyst,Médias régionaux,Editorial Principles,https://www.cacianalyst.org/editorial/editorial-principles.html,,0,E,BRUIT,False,Faible priorité,,porte régionale: aucun ancrage régional,0,0,0,0,0,0,,absent,aucun,aucun,False,page_institutionnelle,,True,True,pertinent
,Central Asia-Caucasus Analyst,Médias régionaux,Analytical Articles,https://www.cacianalyst.org/publications/analytical-articles.html,,0,E,BRUIT,False,Faible priorité,,porte régionale: aucun ancrage régional,0,0,0,0,0,0,,absent,aucun,aucun,False,page_institutionnelle,,True,True,pertinent
,Central Asia-Caucasus Analyst,Médias régionaux,Feature Articles,https://www.cacianalyst.org/publications/feature-articles.html,,0,E,BRUIT,False,Faible priorité,,porte régionale: aucun ancrage régional,0,0,0,0,0,0,,absent,aucun,aucun,False,page_institutionnelle,,True,True,pertinent
,Central Asia-Caucasus Analyst,Médias régionaux,Field Reports,https://www.cacianalyst.org/publications/field-reports.html,,0,E,BRUIT,False,Faible priorité,,porte régionale: aucun ancrage régional,0,0,0,0,0,0,,absent,aucun,aucun,False,page_institutionnelle,,True,True,pertinent
,Central Asia-Caucasus Analyst,Médias régionaux,narrow Georgia’s external options,https://www.cacianalyst.org/publications/analytical-articles/item/13959-georgias-shifting-strategic-outlook-and-its-limits.html,,12,E,BRUIT,False,Faible priorité,georgia,Caucase: georgia; plafond V9: aucun ancrage HR principal,12,0,0,0,0,0,georgie,sujet_principal,aucun,aucun,False,page_institutionnelle,,True,True,pertinent
,Central Asia-Caucasus Analyst,Médias régionaux,Georgian Dream's Foreign Policy Calculus by Giorgi Gvalia and Ivane Lomidze,https://www.cacianalyst.org/publications/analytical-articles/item/13986-georgian-dreams-foreign-policy-calculus.html,,0,E,BRUIT,False,Faible priorité,,porte régionale: aucun ancrage régional,0,0,0,0,0,0,,absent,aucun,aucun,False,page_institutionnelle,,True,True,pertinent
,Central Asia-Caucasus Analyst,Médias régionaux,Uzbekistan's Next Competitive Advantage is Talent by Bruno S. Sergi and Alimnazar Islamkulov,https://www.cacianalyst.org/publications/analytical-articles/item/13985-uzbekistans-next-competitive-advantage-is-talent.html,,12,E,BRUIT,False,Faible priorité,uzbekistan,Asie centrale: uzbekistan; plafond V9: aucun ancrage HR principal,12,0,0,0,0,0,ouzbekistan,sujet_principal,aucun,aucun,False,page_institutionnelle,,True,True,pertinent
,Central Asia-Caucasus Analyst,Médias régionaux,How Russia Won the Hybrid War in Georgia — and What the West Got Wrong,https://www.cacianalyst.org/publications/feature-articles/item/13974-how-russia-won-the-hybrid-war-in-georgia-—-and-what-the-west-got-wrong.html,,27,E,FAIBLE,False,Géopolitique majeure,georgia; central asia; kazakhstan; uzbekistan; kyrgyzstan; tajikistan; caucasus; south caucasus; armenia; azerbaijan; war; russia,Caucase: georgia; géographie confirmée dans le corps; plafond V9: aucun ancrage HR principal,15,0,0,0,5,7,"georgie, russie, autre, kazakhstan, ouzbekistan, kirghizistan, tadjikistan, armenie, azerbaidjan, iran, afghanistan",sujet_principal,aucun,aucun,False,page_institutionnelle,,True,True,pertinent
,Central Asia-Caucasus Analyst,Médias régionaux,Georgia’s Technology Export Sector: Growth Drivers and Structural Constraints,https://www.cacianalyst.org/publications/feature-articles/item/13956-georgia’s-technology-export-sector-growth-drivers-and-structural-constraints.html,,12,E,BRUIT,False,Faible priorité,georgia; technology,Caucase: georgia; plafond V9: aucun ancrage HR principal,12,0,0,0,0,0,georgie,sujet_principal,aucun,aucun,False,page_institutionnelle,,True,True,pertinent
,Central Asia-Caucasus Analyst,Médias régionaux,Uzbekistan Tourism: The Quality Imperative,https://www.cacianalyst.org/publications/feature-articles/item/13936-uzbekistan-tourism-the-quality-imperative.html,,12,E,BRUIT,False,Faible priorité,uzbekistan; tourism,Asie centrale: uzbekistan; plafond V9: sujet non-HR,12,0,0,0,0,0,ouzbekistan,sujet_principal,aucun,aucun,False,page_institutionnelle,,True,True,pertinent
,Azernews,Médias régionaux,"Kalbajar to add 1,465 new apartments as reconstruction accelerates Business 10:02",https://www.azernews.az/business/263796.html,,0,E,BRUIT,False,Faible priorité,business,porte régionale: aucun ancrage régional,0,0,0,0,0,0,,absent,aucun,aucun,False,page_institutionnelle,,True,True,pertinent
,Azernews,Médias régionaux,Tokayev reiterates invitation for Trump to visit Kazakhstan World 09:00,https://www.azernews.az/region/263792.html,,4,E,BRUIT,False,Économie / géopolitique ordinaire,kazakhstan; visit,Asie centrale: kazakhstan; géopolitique / économie ordinaire; plafond V9: aucun ancrage HR principal,12,0,0,0,0,2,kazakhstan,sujet_principal,aucun,aucun,False,page_institutionnelle,,True,True,pertinent
,Azernews,Médias régionaux,Hormuz and Bab al-Mandab: Iran’s two pressure points on global trade Analysis 08:30,https://www.azernews.az/analysis/263746.html,,12,E,BRUIT,False,Géopolitique majeure,iran; trade,porte régionale: aucun ancrage régional,0,0,0,0,5,7,iran,sujet_principal,aucun,aucun,False,page_institutionnelle,,True,True,pertinent
,Azernews,Médias régionaux,Iran sets seven conditions for reopening Strait of Hormuz World 08:00,https://www.azernews.az/region/263791.html,,12,E,BRUIT,False,Géopolitique majeure,iran,porte régionale: aucun ancrage régional,0,0,0,0,5,7,iran,sujet_principal,aucun,aucun,False,page_institutionnelle,,True,True,pertinent
,Azernews,Médias régionaux,Ukraine plans trilateral peace talks for October 2026 World 12 September 23:07,https://www.azernews.az/region/263789.html,,2,E,BRUIT,False,Géopolitique majeure,ukraine; talks,géopolitique / économie ordinaire; porte régionale: aucun ancrage régional,0,0,0,0,5,7,,absent,aucun,aucun,False,page_institutionnelle,,True,True,pertinent
,Azernews,Médias régionaux,"AI agents could ""take over the internet"" within a year, Anthropic CEO warns World 12 September 22:33",https://www.azernews.az/region/263788.html,,0,E,BRUIT,False,Faible priorité,,porte régionale: aucun ancrage régional,0,0,0,0,0,0,,absent,aucun,aucun,False,page_institutionnelle,,True,True,pertinent
,Azernews,Médias régionaux,"Iran, Oman reach final agreement on Strait of Hormuz shipping route World 12 September 21:37",https://www.azernews.az/region/263786.html,,12,E,BRUIT,False,Géopolitique majeure,iran,porte régionale: aucun ancrage régional,0,0,0,0,5,7,iran,sujet_principal,aucun,aucun,False,page_institutionnelle,,True,True,pertinent
,Azernews,Médias régionaux,Japan athletics championship hit by suspected food poisoning incident World 12 September 21:09,https://www.azernews.az/region/263785.html,,0,E,BRUIT,False,Faible priorité,,porte régionale: aucun ancrage régional,0,0,0,0,0,0,,absent,aucun,aucun,False,page_institutionnelle,,True,True,pertinent
,Azernews,Médias régionaux,"US forces redirected 100 commercial ships, CENTCOM reports",https://www.azernews.az/region/263784.html,,0,E,BRUIT,False,Faible priorité,,porte régionale: aucun ancrage régional,0,0,0,0,0,0,,absent,aucun,aucun,False,page_institutionnelle,,True,True,pertinent
,Azernews,Médias régionaux,Greece records highest asylum application rate in EU,https://www.azernews.az/region/263783.html,,0,E,BRUIT,False,Faible priorité,,porte régionale: aucun ancrage régional,0,0,0,0,0,0,,absent,aucun,aucun,False,page_institutionnelle,,True,True,pertinent
,Azernews,Médias régionaux,"Nearly 2,700 delegates attend Climate Week in Baku",https://www.azernews.az/nation/263782.html,,12,E,BRUIT,False,Faible priorité,baku; climate,Caucase: baku; plafond V9: aucun ancrage HR principal,12,0,0,0,0,0,azerbaidjan,sujet_principal,aucun,aucun,False,page_institutionnelle,,True,True,pertinent
,Azernews,Médias régionaux,Israeli minister pushes Europe to accept thousands of Palestinians,https://www.azernews.az/region/263781.html,,0,E,BRUIT,False,Politique intérieure,minister,porte régionale: aucun ancrage régional,0,0,0,0,2,0,,absent,aucun,aucun,False,page_institutionnelle,,True,True,pertinent
,Azernews,Médias régionaux,Iraqi PM orders probe after attacks on Saudi Arabia,https://www.azernews.az/region/263780.html,,0,E,BRUIT,False,Faible priorité,,porte régionale: aucun ancrage régional,0,0,0,0,0,0,,absent,aucun,aucun,False,page_institutionnelle,,True,True,pertinent
,Azernews,Médias régionaux,"From Paris to Vilnius, the matryoshka politics of old divisions [OPINION]",https://www.azernews.az/analysis/263776.html,,0,E,BRUIT,False,Faible priorité,,porte régionale: aucun ancrage régional,0,0,0,0,0,0,,absent,aucun,aucun,False,page_institutionnelle,,True,True,pertinent
,Azernews,Médias régionaux,"Diplomats visit ""Istisu"" mineral water plant in Kalbajar [PHOTOS]",https://www.azernews.az/nation/263779.html,,0,E,BRUIT,False,Économie / géopolitique ordinaire,visit,géopolitique / économie ordinaire; porte régionale: aucun ancrage régional,0,0,0,0,0,2,,absent,aucun,aucun,False,page_institutionnelle,,True,True,pertinent
,Azernews,Médias régionaux,AI raises growing concerns among leading mathematicians,https://www.azernews.az/region/263778.html,,0,E,BRUIT,False,Faible priorité,,porte régionale: aucun ancrage régional,0,0,0,0,0,0,,absent,aucun,aucun,False,page_institutionnelle,,True,True,pertinent
,Azernews,Médias régionaux,Masoud Pezeshkian calls for protection of peaceful nuclear facilities,https://www.azernews.az/region/263777.html,,0,E,BRUIT,False,Faible priorité,,porte régionale: aucun ancrage régional,0,0,0,0,0,0,,absent,aucun,aucun,False,page_institutionnelle,,True,True,pertinent
,Azernews,Médias régionaux,"Baku, Ankara strengthen coordination on diaspora affairs",https://www.azernews.az/nation/263775.html,,12,E,BRUIT,False,Faible priorité,baku,Caucase: baku; plafond V9: sujet non-HR,12,0,0,0,0,0,azerbaidjan,sujet_principal,aucun,aucun,False,page_institutionnelle,,True,True,pertinent
,Azernews,Médias régionaux,"Athens, Bucharest deepen energy connectivity",https://www.azernews.az/region/263774.html,,0,E,BRUIT,False,Faible priorité,,porte régionale: aucun ancrage régional,0,0,0,0,0,0,,absent,aucun,aucun,False,page_institutionnelle,,True,True,pertinent
,Azernews,Médias régionaux,"Strait of Hormuz crisis will be resolved, Trump says",https://www.azernews.az/region/263773.html,,0,E,BRUIT,False,Faible priorité,,porte régionale: aucun ancrage régional,0,0,0,0,0,0,,absent,aucun,aucun,False,page_institutionnelle,,True,True,pertinent
,Azernews,Médias régionaux,Foreign diplomats visit historic monuments in Aghdara and Kalbajar [PHOTOS],https://www.azernews.az/nation/263772.html,,0,E,BRUIT,False,Économie / géopolitique ordinaire,visit,géopolitique / économie ordinaire; porte régionale: aucun ancrage régional,0,0,0,0,0,2,,absent,aucun,aucun,False,page_institutionnelle,,True,True,pertinent
,Azernews,Médias régionaux,Romania launches large-scale military exercise amid Black Sea tensions,https://www.azernews.az/region/263771.html,,0,E,BRUIT,False,Faible priorité,,porte régionale: aucun ancrage régional,0,0,0,0,0,0,,absent,aucun,aucun,False,page_institutionnelle,,True,True,pertinent
,Azernews,Médias régionaux,Iraq closes two major border crossings with Iran,https://www.azernews.az/region/263769.html,,12,E,BRUIT,False,Géopolitique majeure,iran,porte régionale: aucun ancrage régional,0,0,0,0,5,7,iran,sujet_principal,aucun,aucun,False,page_institutionnelle,,True,True,pertinent
,Azernews,Médias régionaux,Zelenskyy signals readiness to meet Putin at G20 summit,https://www.azernews.az/region/263770.html,,0,E,BRUIT,False,Économie / géopolitique ordinaire,summit,géopolitique / économie ordinaire; porte régionale: aucun ancrage régional,0,0,0,0,0,2,,absent,aucun,aucun,False,page_institutionnelle,,True,True,pertinent
,Azernews,Médias régionaux,Hikmet Hajiyev highlights Albanian Christian heritage during diplomatic tour,https://www.azernews.az/nation/263768.html,,0,E,BRUIT,False,Faible priorité,,porte régionale: aucun ancrage régional,0,0,0,0,0,0,,absent,aucun,aucun,False,page_institutionnelle,,True,True,pertinent
,Azernews,Médias régionaux,Azeri Light oil price rises to $120 per barrel,https://www.azernews.az/oil_and_gas/263767.html,,0,E,BRUIT,False,Faible priorité,,porte régionale: aucun ancrage régional,0,0,0,0,0,0,,absent,aucun,aucun,False,page_institutionnelle,,True,True,pertinent
,Azernews,Médias régionaux,Saudi Arabia halts East-West oil pipeline operations after attack,https://www.azernews.az/region/263766.html,,0,E,BRUIT,False,Faible priorité,,porte régionale: aucun ancrage régional,0,0,0,0,0,0,,absent,aucun,aucun,False,page_institutionnelle,,True,True,pertinent
,Azernews,Médias régionaux,Armenia may raise Russian base rent if Moscow increases gas prices,https://www.azernews.az/region/263765.html,,12,E,BRUIT,False,Faible priorité,armenia,Caucase: armenia; plafond V9: aucun ancrage HR principal,12,0,0,0,0,0,armenie,sujet_principal,aucun,aucun,False,page_institutionnelle,,True,True,pertinent
,Azernews,Médias régionaux,Diplomatic corps representatives to visit Aghdara and Kalbajar,https://www.azernews.az/nation/263764.html,,0,E,BRUIT,False,Économie / géopolitique ordinaire,visit,géopolitique / économie ordinaire; porte régionale: aucun ancrage régional,0,0,0,0,0,2,,absent,aucun,aucun,False,page_institutionnelle,,True,True,pertinent
,Azernews,Médias régionaux,North Korea conducts missile launch toward Sea of Japan,https://www.azernews.az/region/263763.html,,0,E,BRUIT,False,Faible priorité,,porte régionale: aucun ancrage régional,0,0,0,0,0,0,,absent,aucun,aucun,False,page_institutionnelle,,True,True,pertinent
,Azernews,Médias régionaux,South Korea opens 2027 Global Korea Scholarship applications for Azerbaijani students,https://www.azernews.az/culture/263729.html,,0,E,BRUIT,False,Faible priorité,,porte régionale: aucun ancrage régional,0,0,0,0,0,0,,absent,aucun,aucun,False,page_institutionnelle,,True,True,pertinent
,Azernews,Médias régionaux,Armenian Security Council Secretary denies reports of upcoming visit to Baku,https://www.azernews.az/region/263739.html,,4,E,BRUIT,False,Économie / géopolitique ordinaire,baku; visit,Caucase: baku; géopolitique / économie ordinaire; plafond V9: aucun ancrage HR principal,12,0,0,0,0,2,azerbaidjan,sujet_principal,aucun,aucun,False,page_institutionnelle,,True,True,pertinent
,Azernews,Médias régionaux,Vučić announces resignation ahead of October snap elections,https://www.azernews.az/region/263749.html,,2,E,BRUIT,False,Politique intérieure,elections,porte régionale: aucun ancrage régional,0,0,0,0,2,0,,absent,aucun,aucun,False,page_institutionnelle,,True,True,pertinent
,Azernews,Médias régionaux,Pashinyan says Karki not part of Armenia’s internationally recognized territory,https://www.azernews.az/karabakh/263744.html,,12,E,BRUIT,False,Faible priorité,armenia,Caucase: armenia; plafond V9: aucun ancrage HR principal,12,0,0,0,0,0,armenie,sujet_principal,aucun,aucun,False,page_institutionnelle,,True,True,pertinent
,Azernews,Médias régionaux,"Azerbaijan, Türkiye seek to connect Eurasia through energy networks, minister says",https://www.azernews.az/nation/263741.html,,14,E,BRUIT,False,Politique intérieure,azerbaijan; minister,Caucase: azerbaijan; plafond V9: aucun ancrage HR principal,12,0,0,0,2,0,azerbaidjan,sujet_principal,aucun,aucun,False,page_institutionnelle,,True,True,pertinent
,Azernews,Médias régionaux,Azerbaijan showcases its cuisine at Int'l Gastronomy Village in Paris [PHOTOS],https://www.azernews.az/culture/263743.html,,12,E,BRUIT,False,Faible priorité,azerbaijan,Caucase: azerbaijan; plafond V9: aucun ancrage HR principal,12,0,0,0,0,0,azerbaidjan,sujet_principal,aucun,aucun,False,page_institutionnelle,,True,True,pertinent
,Azernews,Médias régionaux,Kadyrov urges house-to-house checks of ‘suspicious’ Chechens ahead of elections,https://www.azernews.az/region/263725.html,,2,E,BRUIT,False,Politique intérieure,elections,porte régionale: aucun ancrage régional,0,0,0,0,2,0,,absent,aucun,aucun,False,page_institutionnelle,,True,True,pertinent
,Azernews,Médias régionaux,Germany may restrict AfD access to classified NATO war plan,https://www.azernews.az/region/263738.html,,12,E,BRUIT,False,Géopolitique majeure,war,porte régionale: aucun ancrage régional,0,0,0,0,5,7,,absent,aucun,aucun,False,page_institutionnelle,,True,True,pertinent
,Azernews,Médias régionaux,"China’s economy faces new challenges: too much production, too little demand",https://www.azernews.az/analysis/263674.html,,12,E,BRUIT,False,Géopolitique majeure,china,porte régionale: aucun ancrage régional,0,0,0,0,5,7,,absent,aucun,aucun,False,page_institutionnelle,,True,True,pertinent
,Azernews,Médias régionaux,Pashinyan says Armenia will diversify gas supplies regardless of price increases,https://www.azernews.az/region/263740.html,,12,E,BRUIT,False,Faible priorité,armenia,Caucase: armenia; plafond V9: aucun ancrage HR principal,12,0,0,0,0,0,armenie,sujet_principal,aucun,aucun,False,page_institutionnelle,,True,True,pertinent
,Azernews,Médias régionaux,Kremlin warns Lithuania of nuclear risks over potential weapons deployment,https://www.azernews.az/region/263737.html,,0,E,BRUIT,False,Faible priorité,,porte régionale: aucun ancrage régional,0,0,0,0,0,0,,absent,aucun,aucun,False,page_institutionnelle,,True,True,pertinent
,Azernews,Médias régionaux,US diesel prices surge to record high as crude stocks fall,https://www.azernews.az/oil_and_gas/263730.html,,0,E,BRUIT,False,Faible priorité,,porte régionale: aucun ancrage régional,0,0,0,0,0,0,,absent,aucun,aucun,False,page_institutionnelle,,True,True,pertinent
,Azernews,Médias régionaux,Swiss intelligence service releases documents on Nazi ‘Angel of Death’ Josef Mengele,https://www.azernews.az/region/263722.html,,0,E,BRUIT,False,Faible priorité,intelligence service,porte régionale: aucun ancrage régional,0,0,0,0,0,0,,absent,aucun,aucun,False,page_institutionnelle,,True,True,pertinent
,Azernews,Médias régionaux,Carpet Museum presents 'Legend of Pomegranate' exhibition [PHOTOS],https://www.azernews.az/culture/263734.html,,0,E,BRUIT,False,Faible priorité,,porte régionale: aucun ancrage régional,0,0,0,0,0,0,,absent,aucun,aucun,False,page_institutionnelle,,True,True,pertinent
,Azernews,Médias régionaux,U.S. expands support for Saudi Arabia amid escalating Houthi conflict,https://www.azernews.az/region/263720.html,,12,E,BRUIT,False,Géopolitique majeure,conflict,porte régionale: aucun ancrage régional,0,0,0,0,5,7,,absent,aucun,aucun,False,page_institutionnelle,,True,True,pertinent
,Azernews,Médias régionaux,Trump vows to block Democrats’ ‘Bad Initiatives’ if they retake Congress,https://www.azernews.az/region/263716.html,,0,E,BRUIT,False,Faible priorité,,porte régionale: aucun ancrage régional,0,0,0,0,0,0,,absent,aucun,aucun,False,page_institutionnelle,,True,True,pertinent
,Azernews,Médias régionaux,"Baku, Ankara discuss energy agenda of strategic alliance [PHOTOS]",https://www.azernews.az/nation/263736.html,,12,E,BRUIT,False,Faible priorité,baku,Caucase: baku; plafond V9: aucun ancrage HR principal,12,0,0,0,0,0,azerbaidjan,sujet_principal,aucun,aucun,False,page_institutionnelle,,True,True,pertinent
,Azernews,Médias régionaux,Gold holds elevated levels despite decline in precious metals,https://www.azernews.az/business/263724.html,,0,E,BRUIT,False,Faible priorité,,porte régionale: aucun ancrage régional,0,0,0,0,0,0,,absent,aucun,aucun,False,page_institutionnelle,,True,True,pertinent
,Azernews,Médias régionaux,Netanyahu’s former adviser breaks silence on affair that shook his early career,https://www.azernews.az/region/263719.html,,0,E,BRUIT,False,Faible priorité,,porte régionale: aucun ancrage régional,0,0,0,0,0,0,,absent,aucun,aucun,False,page_institutionnelle,,True,True,pertinent
,Azernews,Médias régionaux,EU envoy finally visits Karabakh as Europe joins diplomatic tour,https://www.azernews.az/nation/263732.html,,0,E,BRUIT,False,Faible priorité,,porte régionale: aucun ancrage régional,0,0,0,0,0,0,,absent,aucun,aucun,False,page_institutionnelle,,True,True,pertinent
,Azernews,Médias régionaux,Man injured in landmine explosion in Azerbaijan’s Aghdara district,https://www.azernews.az/events/263728.html,,12,E,BRUIT,False,Faible priorité,azerbaijan,Caucase: azerbaijan; plafond V9: aucun ancrage HR principal,12,0,0,0,0,0,azerbaidjan,sujet_principal,aucun,aucun,False,page_institutionnelle,,True,True,pertinent
,Azernews,Médias régionaux,Moody’s sees Azerbaijani banks as least exposed to regional geopolitical risks,https://www.azernews.az/business/263715.html,,12,E,BRUIT,False,Géopolitique majeure,geopolitical,porte régionale: aucun ancrage régional,0,0,0,0,5,7,,absent,aucun,aucun,False,page_institutionnelle,,True,True,pertinent
,Azernews,Médias régionaux,"Azerbaijan, Cambodia move closer to double taxation deal",https://www.azernews.az/business/263727.html,,12,E,BRUIT,False,Faible priorité,azerbaijan,Caucase: azerbaijan; plafond V9: aucun ancrage HR principal,12,0,0,0,0,0,azerbaidjan,sujet_principal,aucun,aucun,False,page_institutionnelle,,True,True,pertinent
,Azernews,Médias régionaux,Electronic admission opens for arts education in liberated territories,https://www.azernews.az/culture/263711.html,,0,E,BRUIT,False,Faible priorité,education,porte régionale: aucun ancrage régional,0,0,0,0,0,0,,absent,aucun,aucun,False,page_institutionnelle,,True,True,pertinent
,Azernews,Médias régionaux,Ozon logistics centre damaged in reported drone attack in Saratov [PHOTOS/VIDEO],https://www.azernews.az/region/263721.html,,0,E,BRUIT,False,Faible priorité,,porte régionale: aucun ancrage régional,0,0,0,0,0,0,,absent,aucun,aucun,False,page_institutionnelle,,True,True,pertinent
,Azernews,Médias régionaux,Ukrainian forces launch missile strike on Volgograd,https://www.azernews.az/region/263710.html,,0,E,BRUIT,False,Faible priorité,,porte régionale: aucun ancrage régional,0,0,0,0,0,0,,absent,aucun,aucun,False,page_institutionnelle,,True,True,pertinent
,Azernews,Médias régionaux,"Anthropic warns of growing AI use in cyberespionage, propaganda and military operations",https://www.azernews.az/region/263713.html,,0,E,BRUIT,False,Faible priorité,,porte régionale: aucun ancrage régional,0,0,0,0,0,0,,absent,aucun,aucun,False,page_institutionnelle,,True,True,pertinent
,Azernews,Médias régionaux,US congressman says Armenia-Azerbaijan peace deal could be signed during Trump’s term,https://www.azernews.az/karabakh/263717.html,,12,E,BRUIT,False,Faible priorité,armenia; azerbaijan,"Caucase: armenia, azerbaijan; plafond V9: aucun ancrage HR principal",12,0,0,0,0,0,"armenie, azerbaidjan",sujet_principal,aucun,aucun,False,page_institutionnelle,,True,True,pertinent
,Azernews,Médias régionaux,Hikmet Hajiyev says Karabakh and East Zangezur are experiencing renaissance,https://www.azernews.az/nation/263709.html,,0,E,BRUIT,False,Faible priorité,,porte régionale: aucun ancrage régional,0,0,0,0,0,0,,absent,aucun,aucun,False,page_institutionnelle,,True,True,pertinent
,Azernews,Médias régionaux,Caspian is no longer a barrier between Azerbaijan and Central Asia,https://www.azernews.az/analysis/263712.html,,12,E,BRUIT,False,Faible priorité,central asia; azerbaijan,Asie centrale: central asia; plafond V9: aucun ancrage HR principal,12,0,0,0,0,0,"autre, azerbaidjan",sujet_principal,aucun,aucun,False,page_institutionnelle,,True,True,pertinent
,Azernews,Médias régionaux,Diplomatic corps begins two-day visit to Karabakh and East Zangezur [PHOTOS],https://www.azernews.az/nation/263708.html,,0,E,BRUIT,False,Économie / géopolitique ordinaire,visit,géopolitique / économie ordinaire; porte régionale: aucun ancrage régional,0,0,0,0,0,2,,absent,aucun,aucun,False,page_institutionnelle,,True,True,pertinent
,Azernews,Médias régionaux,Azeri Light oil price rises to $119.54 per barrel,https://www.azernews.az/oil_and_gas/263707.html,,0,E,BRUIT,False,Faible priorité,,porte régionale: aucun ancrage régional,0,0,0,0,0,0,,absent,aucun,aucun,False,page_institutionnelle,,True,True,pertinent
,Azernews,Médias régionaux,Magyar: We want a stronger EU,https://www.azernews.az/region/263703.html,,0,E,BRUIT,False,Faible priorité,,porte régionale: aucun ancrage régional,0,0,0,0,0,0,,absent,aucun,aucun,False,page_institutionnelle,,True,True,pertinent
,Azernews,Médias régionaux,TAP expansion strengthens Azerbaijan-Albania energy links,https://www.azernews.az/analysis/263700.html,,12,E,BRUIT,False,Faible priorité,azerbaijan,Caucase: azerbaijan; plafond V9: aucun ancrage HR principal,12,0,0,0,0,0,azerbaidjan,sujet_principal,aucun,aucun,False,page_institutionnelle,,True,True,pertinent
,Azernews,Médias régionaux,China: Attempts to restore UN's Iran sanctions 'unlawful',https://www.azernews.az/region/263702.html,,12,E,BRUIT,False,Géopolitique majeure,sanctions; china; iran,porte régionale: aucun ancrage régional,0,0,0,0,5,7,iran,sujet_principal,aucun,aucun,False,page_institutionnelle,,True,True,pertinent
,Azernews,Médias régionaux,Algeria closes airspace to UAE aircraft after severing diplomatic ties,https://www.azernews.az/region/263706.html,,0,E,BRUIT,False,Faible priorité,,porte régionale: aucun ancrage régional,0,0,0,0,0,0,,absent,aucun,aucun,False,page_institutionnelle,,True,True,pertinent
,Azernews,Médias régionaux,"Wheat, peppers and tomatoes to grow on Moon",https://www.azernews.az/region/263694.html,,0,E,BRUIT,False,Faible priorité,,porte régionale: aucun ancrage régional,0,0,0,0,0,0,,absent,aucun,aucun,False,page_institutionnelle,,True,True,pertinent
,Azernews,Médias régionaux,Houthis seize strategic Yemeni port city near Bab el-Mandeb,https://www.azernews.az/region/263705.html,,0,E,BRUIT,False,Faible priorité,,porte régionale: aucun ancrage régional,0,0,0,0,0,0,,absent,aucun,aucun,False,page_institutionnelle,,True,True,pertinent
,Azernews,Médias régionaux,Swedish museums hit record attendance this summer,https://www.azernews.az/region/263696.html,,0,E,BRUIT,False,Faible priorité,,porte régionale: aucun ancrage régional,0,0,0,0,0,0,,absent,aucun,aucun,False,page_institutionnelle,,True,True,pertinent
,Azernews,Médias régionaux,Türkiye's Central Bank seen holding rates as easing outlook looms,https://www.azernews.az/region/263680.html,,0,E,BRUIT,False,Faible priorité,,porte régionale: aucun ancrage régional,0,0,0,0,0,0,,absent,aucun,aucun,False,page_institutionnelle,,True,True,pertinent
,Azernews,Médias régionaux,Germany moves to expel 150 Russian diplomatic personnel after Leipzig Airport incident,https://www.azernews.az/region/263704.html,,0,E,BRUIT,False,Faible priorité,airport,porte régionale: aucun ancrage régional,0,0,0,0,0,0,,absent,aucun,aucun,False,page_institutionnelle,,True,True,pertinent
,Trend News Agency,Médias régionaux,Premium MasterCard card circulation in Kazakhstan falls 7% year-on-year 09:17 (UTC+04) Kazakhstan,https://www.trend.az/casia/kazakhstan/4223323.html,,12,E,BRUIT,False,Faible priorité,kazakhstan,Asie centrale: kazakhstan; plafond V9: aucun ancrage HR principal,12,0,0,0,0,0,kazakhstan,sujet_principal,aucun,aucun,False,page_institutionnelle,,False,True,pertinent
,Trend News Agency,Médias régionaux,Weekly review of Azerbaijan's foreign exchange market 08:00 (UTC+04) Azerbaijan,https://www.trend.az/azerbaijan/4223216.html,,12,E,BRUIT,False,Faible priorité,azerbaijan; market,Caucase: azerbaijan; plafond V9: aucun ancrage HR principal,12,0,0,0,0,0,azerbaidjan,sujet_principal,aucun,aucun,False,page_institutionnelle,,False,True,pertinent
,Trend News Agency,Médias régionaux,Premium China’s factory deflation gap persists between upstream and consumer goods 07:09 (UTC+04) World,https://www.trend.az/world/4223314.html,,12,E,BRUIT,False,Géopolitique majeure,china,porte régionale: aucun ancrage régional,0,0,0,0,5,7,,absent,aucun,aucun,False,page_institutionnelle,,False,True,pertinent
,Trend News Agency,Médias régionaux,Premium Iran's agricultural lending skyrockets by over 74% 06:24 (UTC+04) Iran,https://www.trend.az/iran/4223344.html,,12,E,BRUIT,False,Géopolitique majeure,iran,porte régionale: aucun ancrage régional,0,0,0,0,5,7,iran,sujet_principal,aucun,aucun,False,page_institutionnelle,,False,True,pertinent
,Trend News Agency,Médias régionaux,Uzbekistan's imports surge 17.8% to $29.6B in 7M2026 05:20 (UTC+04) Uzbekistan,https://www.trend.az/casia/uzbekistan/4223407.html,,12,E,BRUIT,False,Faible priorité,uzbekistan,Asie centrale: uzbekistan; plafond V9: aucun ancrage HR principal,12,0,0,0,0,0,ouzbekistan,sujet_principal,aucun,aucun,False,page_institutionnelle,,False,True,pertinent
,Trend News Agency,Médias régionaux,Premium EDB reports on volume of overdue loans in Kyrgyzstan 05:15 (UTC+04) Kyrgyzstan,https://www.trend.az/casia/kyrgyzstan/4223299.html,,12,E,BRUIT,False,Faible priorité,kyrgyzstan,Asie centrale: kyrgyzstan; plafond V9: aucun ancrage HR principal,12,0,0,0,0,0,kirghizistan,sujet_principal,aucun,aucun,False,page_institutionnelle,,False,True,pertinent
,Trend News Agency,Médias régionaux,Premium Azterminalcomplex announces tender for maintenance and repair work 04:20 (UTC+04) Azerbaijan,https://www.trend.az/azerbaijan/4223240.html,,12,E,BRUIT,False,Faible priorité,azerbaijan,Caucase: azerbaijan; plafond V9: aucun ancrage HR principal,12,0,0,0,0,0,azerbaidjan,sujet_principal,aucun,aucun,False,page_institutionnelle,,False,True,pertinent
,Trend News Agency,Médias régionaux,Kyrgyzstan reports higher retail trade turnover in 1H2026 03:31 (UTC+04) Kyrgyzstan,https://www.trend.az/casia/kyrgyzstan/4223401.html,,12,E,BRUIT,False,Faible priorité,kyrgyzstan; trade,Asie centrale: kyrgyzstan; plafond V9: aucun ancrage HR principal,12,0,0,0,0,0,kirghizistan,sujet_principal,aucun,aucun,False,page_institutionnelle,,False,True,pertinent
,Trend News Agency,Médias régionaux,Premium EDB reports increase in loan issuance in Kyrgyzstan 02:16 (UTC+04) Kyrgyzstan,https://www.trend.az/casia/kyrgyzstan/4223298.html,,12,E,BRUIT,False,Faible priorité,kyrgyzstan,Asie centrale: kyrgyzstan; plafond V9: aucun ancrage HR principal,12,0,0,0,0,0,kirghizistan,sujet_principal,aucun,aucun,False,page_institutionnelle,,False,True,pertinent
,Trend News Agency,Médias régionaux,Kazakhstan steps up tourism development as investment pours into sector 01:36 (UTC+04) Kazakhstan,https://www.trend.az/casia/kazakhstan/4223410.html,,4,E,BRUIT,False,Économie / géopolitique ordinaire,kazakhstan; investment; development; tourism,Asie centrale: kazakhstan; géopolitique / économie ordinaire; plafond V9: sujet non-HR,12,0,0,0,0,2,kazakhstan,sujet_principal,aucun,aucun,False,page_institutionnelle,,False,True,pertinent
,Trend News Agency,Médias régionaux,Another honey festival held in Azerbaijan's Kalbajar (PHOTO) 12 September 20:53 (UTC+04) Society,https://www.trend.az/azerbaijan/society/4223375.html,,12,E,BRUIT,False,Faible priorité,azerbaijan; festival,Caucase: azerbaijan; plafond V9: aucun ancrage HR principal,12,0,0,0,0,0,azerbaidjan,sujet_principal,aucun,aucun,False,page_institutionnelle,,False,True,pertinent
,Jamestown Foundation,Sécurité & géopolitique (think tanks),Powered by GDPR Cookie Compliance,https://wordpress.org/plugins/gdpr-cookie-compliance/,,0,E,BRUIT,False,Faible priorité,,porte régionale: aucun ancrage régional,0,0,0,0,0,0,,absent,aucun,aucun,False,page_institutionnelle,,False,True,pertinent
,Chatham House,Sécurité & géopolitique (think tanks),September sale: Get 20% off individual memberships with code SS26 or SS26GIFT for gift memberships.,https://www.chathamhouse.org/members-and-partners/individual-membership,,0,E,BRUIT,False,Faible priorité,sale,bruit; porte régionale: aucun ancrage régional,0,0,0,0,0,0,,absent,aucun,aucun,False,page_institutionnelle,,False,True,pertinent
,Chatham House,Sécurité & géopolitique (think tanks),Central Africa,https://www.chathamhouse.org/regions/africa/central-africa,,0,E,BRUIT,False,Faible priorité,,porte régionale: aucun ancrage régional,0,0,0,0,0,0,,absent,aucun,aucun,False,page_institutionnelle,,False,True,pertinent
,Chatham House,Sécurité & géopolitique (think tanks),East Africa,https://www.chathamhouse.org/regions/africa/east-africa,,0,E,BRUIT,False,Faible priorité,,porte régionale: aucun ancrage régional,0,0,0,0,0,0,,absent,aucun,aucun,False,page_institutionnelle,,False,True,pertinent
,Chatham House,Sécurité & géopolitique (think tanks),Horn of Africa,https://www.chathamhouse.org/regions/africa/horn-africa,,0,E,BRUIT,False,Faible priorité,,porte régionale: aucun ancrage régional,0,0,0,0,0,0,,absent,aucun,aucun,False,page_institutionnelle,,False,True,pertinent
,Chatham House,Sécurité & géopolitique (think tanks),Southern Africa,https://www.chathamhouse.org/regions/africa/southern-africa,,0,E,BRUIT,False,Faible priorité,,porte régionale: aucun ancrage régional,0,0,0,0,0,0,,absent,aucun,aucun,False,page_institutionnelle,,False,True,pertinent
,Chatham House,Sécurité & géopolitique (think tanks),West Africa,https://www.chathamhouse.org/regions/africa/west-africa,,0,E,BRUIT,False,Faible priorité,,porte régionale: aucun ancrage régional,0,0,0,0,0,0,,absent,aucun,aucun,False,page_institutionnelle,,False,True,pertinent
,Chatham House,Sécurité & géopolitique (think tanks),Central America and Caribbean,https://www.chathamhouse.org/regions/americas/central-america-and-caribbean,,0,E,BRUIT,False,Faible priorité,,porte régionale: aucun ancrage régional,0,0,0,0,0,0,,absent,aucun,aucun,False,page_institutionnelle,,False,True,pertinent
,Chatham House,Sécurité & géopolitique (think tanks),South America,https://www.chathamhouse.org/regions/americas/south-america,,0,E,BRUIT,False,Faible priorité,,porte régionale: aucun ancrage régional,0,0,0,0,0,0,,absent,aucun,aucun,False,page_institutionnelle,,False,True,pertinent
,Chatham House,Sécurité & géopolitique (think tanks),United States of America,https://www.chathamhouse.org/regions/americas/united-states-america,,12,E,BRUIT,False,Géopolitique majeure,united states,porte régionale: aucun ancrage régional,0,0,0,0,5,7,,absent,aucun,aucun,False,page_institutionnelle,,False,True,pertinent
,Chatham House,Sécurité & géopolitique (think tanks),Korean peninsula,https://www.chathamhouse.org/regions/asia-pacific/korean-peninsula,,0,E,BRUIT,False,Faible priorité,,porte régionale: aucun ancrage régional,0,0,0,0,0,0,,absent,aucun,aucun,False,page_institutionnelle,,False,True,pertinent
,Chatham House,Sécurité & géopolitique (think tanks),South Asia,https://www.chathamhouse.org/regions/asia-pacific/south-asia,,0,E,BRUIT,False,Faible priorité,,porte régionale: aucun ancrage régional,0,0,0,0,0,0,,absent,aucun,aucun,False,page_institutionnelle,,False,True,pertinent
,Chatham House,Sécurité & géopolitique (think tanks),Southeast Asia,https://www.chathamhouse.org/regions/asia-pacific/southeast-asia,,0,E,BRUIT,False,Faible priorité,,porte régionale: aucun ancrage régional,0,0,0,0,0,0,,absent,aucun,aucun,False,page_institutionnelle,,False,True,pertinent
,Chatham House,Sécurité & géopolitique (think tanks),The Pacific,https://www.chathamhouse.org/regions/asia-pacific/pacific,,0,E,BRUIT,False,Faible priorité,,porte régionale: aucun ancrage régional,0,0,0,0,0,0,,absent,aucun,aucun,False,page_institutionnelle,,False,True,pertinent
,Chatham House,Sécurité & géopolitique (think tanks),Central and Eastern Europe,https://www.chathamhouse.org/regions/europe/central-and-eastern-europe,,0,E,BRUIT,False,Faible priorité,,porte régionale: aucun ancrage régional,0,0,0,0,0,0,,absent,aucun,aucun,False,page_institutionnelle,,False,True,pertinent
,Chatham House,Sécurité & géopolitique (think tanks),United Kingdom,https://www.chathamhouse.org/regions/europe/united-kingdom,,0,E,BRUIT,False,Faible priorité,,porte régionale: aucun ancrage régional,0,0,0,0,0,0,,absent,aucun,aucun,False,page_institutionnelle,,False,True,pertinent
,Chatham House,Sécurité & géopolitique (think tanks),View regions A-Z,https://www.chathamhouse.org/regions/a-z,,0,E,BRUIT,False,Faible priorité,,porte régionale: aucun ancrage régional,0,0,0,0,0,0,,absent,aucun,aucun,False,page_institutionnelle,,False,True,pertinent
,Chatham House,Sécurité & géopolitique (think tanks),Upcoming events,https://www.chathamhouse.org/events/upcoming,,0,E,BRUIT,False,Faible priorité,,porte régionale: aucun ancrage régional,0,0,0,0,0,0,,absent,aucun,aucun,False,page_institutionnelle,,False,True,pertinent
,Chatham House,Sécurité & géopolitique (think tanks),Past events,https://www.chathamhouse.org/events/past,,0,E,BRUIT,False,Faible priorité,,porte régionale: aucun ancrage régional,0,0,0,0,0,0,,absent,aucun,aucun,False,page_institutionnelle,,False,True,pertinent
,Chatham House,Sécurité & géopolitique (think tanks),Event recordings,https://www.chathamhouse.org/events/past/recording/1,,0,E,BRUIT,False,Faible priorité,,porte régionale: aucun ancrage régional,0,0,0,0,0,0,,absent,aucun,aucun,False,page_institutionnelle,,False,True,pertinent
,Chatham House,Sécurité & géopolitique (think tanks),Research publications,https://www.chathamhouse.org/publications/research-publications,,0,E,BRUIT,False,Faible priorité,,porte régionale: aucun ancrage régional,0,0,0,0,0,0,,absent,aucun,aucun,False,page_institutionnelle,,False,True,pertinent
,Chatham House,Sécurité & géopolitique (think tanks),The World Today magazine,https://www.chathamhouse.org/publications/the-world-today/2026-06,,0,E,BRUIT,False,Faible priorité,,porte régionale: aucun ancrage régional,0,0,0,0,0,0,,absent,aucun,aucun,False,page_institutionnelle,,False,True,pertinent
,Chatham House,Sécurité & géopolitique (think tanks),International Affairs journal,https://www.chathamhouse.org/publications/international-affairs-journal,,0,E,BRUIT,False,Faible priorité,,porte régionale: aucun ancrage régional,0,0,0,0,0,0,,absent,aucun,aucun,False,page_institutionnelle,,False,True,pertinent
,Chatham House,Sécurité & géopolitique (think tanks),Corporate membership,https://www.chathamhouse.org/members-and-partners/corporate-membership,,0,E,BRUIT,False,Faible priorité,,porte régionale: aucun ancrage régional,0,0,0,0,0,0,,absent,aucun,aucun,False,page_institutionnelle,,False,True,pertinent
,Chatham House,Sécurité & géopolitique (think tanks),Corporate partnerships,https://www.chathamhouse.org/members-and-partners/corporate-partnerships,,0,E,BRUIT,False,Faible priorité,,porte régionale: aucun ancrage régional,0,0,0,0,0,0,,absent,aucun,aucun,False,page_institutionnelle,,False,True,pertinent
,Chatham House,Sécurité & géopolitique (think tanks),Gift membership,https://www.chathamhouse.org/members-and-partners/gift-membership,,0,E,BRUIT,False,Faible priorité,,porte régionale: aucun ancrage régional,0,0,0,0,0,0,,absent,aucun,aucun,False,page_institutionnelle,,False,True,pertinent
,Chatham House,Sécurité & géopolitique (think tanks),Leadership Masterclass Programme,https://www.chathamhouse.org/academy/leadership-masterclass-programme,,0,E,BRUIT,False,Faible priorité,,porte régionale: aucun ancrage régional,0,0,0,0,0,0,,absent,aucun,aucun,False,page_institutionnelle,,False,True,pertinent
,Chatham House,Sécurité & géopolitique (think tanks),Geopolitical Leadership Intensive,https://www.chathamhouse.org/academy/geopolitical-leadership-intensive,,12,E,BRUIT,False,Géopolitique majeure,geopolitical,porte régionale: aucun ancrage régional,0,0,0,0,5,7,,absent,aucun,aucun,False,page_institutionnelle,,False,True,pertinent
,Chatham House,Sécurité & géopolitique (think tanks),Common Futures Conversations,https://www.chathamhouse.org/academy/common-futures-conversations,,0,E,BRUIT,False,Faible priorité,,porte régionale: aucun ancrage régional,0,0,0,0,0,0,,absent,aucun,aucun,False,page_institutionnelle,,False,True,pertinent
,Chatham House,Sécurité & géopolitique (think tanks),"How did 9/11 shape the world we live in? In an extended edition of our weekly Independent Thinking podcast, we look back over a quarter of a century to examine the longer-term consequences of 9/11. Audio Published 11 September 2026 45 minute listen",https://www.chathamhouse.org/2026/09/how-did-911-shape-world-we-live,,0,E,BRUIT,False,Faible priorité,,porte régionale: aucun ancrage régional,0,0,0,0,0,0,,absent,aucun,aucun,False,page_institutionnelle,,False,True,pertinent
,Chatham House,Sécurité & géopolitique (think tanks),Expert comment The India–China reset will continue at the BRICS summit So will disagreement over the purpose of BRICS. 8 September 2026 3 minute READ,https://www.chathamhouse.org/2026/09/india-china-reset-will-continue-brics-summit,,2,E,BRUIT,False,Géopolitique majeure,china; summit,géopolitique / économie ordinaire; porte régionale: aucun ancrage régional,0,0,0,0,5,7,,absent,aucun,aucun,False,page_institutionnelle,,False,True,pertinent
,Chatham House,Sécurité & géopolitique (think tanks),"Expert comment Can the UK escape the public debt trap? The UK’s mix of high fiscal deficits, rising bond yields, anaemic growth, high taxes and an impatient electorate can only be solved with politically brave choices. 10 September 2026 3 minute READ",https://www.chathamhouse.org/2026/09/can-uk-escape-public-debt-trap,,0,E,BRUIT,False,Faible priorité,,porte régionale: aucun ancrage régional,0,0,0,0,0,0,,absent,aucun,aucun,False,page_institutionnelle,,False,True,pertinent
,Chatham House,Sécurité & géopolitique (think tanks),Expert comment What the US midterms could mean for Trump’s power The Democrats are projected to make big gains in November’s midterm elections. But this will not necessarily constrain President Trump. 9 September 2026 3 minute READ,https://www.chathamhouse.org/2026/09/what-us-midterms-could-mean-trumps-power,,0,E,BRUIT,False,Politique intérieure,president; elections,porte régionale: aucun ancrage régional,0,0,0,0,2,0,,absent,aucun,aucun,False,page_institutionnelle,,False,True,pertinent
,Chatham House,Sécurité & géopolitique (think tanks),Find out more,https://www.chathamhouse.org/members-and-partners/corporate-membership?corporate-membership-banner=,,0,E,BRUIT,False,Faible priorité,,porte régionale: aucun ancrage régional,0,0,0,0,0,0,,absent,aucun,aucun,False,page_institutionnelle,,False,True,pertinent
,Chatham House,Sécurité & géopolitique (think tanks),"China Analysing China’s foreign, domestic and economic policy, bilateral relations, and its role in global governance, trade and the international order.",https://www.chathamhouse.org/regions/asia-pacific/china,,2,E,BRUIT,False,Géopolitique majeure,china; bilateral relations; trade,géopolitique / économie ordinaire; porte régionale: aucun ancrage régional,0,0,0,0,5,7,,absent,aucun,aucun,False,page_institutionnelle,,False,True,pertinent
,Chatham House,Sécurité & géopolitique (think tanks),Expert comment North Korea’s military partnership with Russia has consequences far beyond Ukraine North Korea is emerging as Russia’s reserve arsenal – and potentially its reserve army. This deepening partnership has strengthened Pyongyang’s military capabilities and its strategic position in East Asia. 9 September 2026 3 minute READ,https://www.chathamhouse.org/2026/09/north-koreas-military-partnership-russia-has-consequences-far-beyond-ukraine,,12,E,BRUIT,False,Géopolitique majeure,russia; ukraine,porte régionale: aucun ancrage régional,0,0,0,0,5,7,russie,sujet_principal,aucun,aucun,False,page_institutionnelle,,False,True,pertinent
,Chatham House,Sécurité & géopolitique (think tanks),"Expert comment Canada's retaliatory tariffs put Trump's trade strategy to the test US–Canada trade war will test not only economic strength but also political will. On the latter, Canada may have an advantage. 9 September 2026 3 minute READ",https://www.chathamhouse.org/2026/09/canadas-retaliatory-tariffs-put-trumps-trade-strategy-test,,12,E,BRUIT,False,Géopolitique majeure,war; trade,porte régionale: aucun ancrage régional,0,0,0,0,5,7,,absent,aucun,aucun,False,page_institutionnelle,,False,True,pertinent
,Chatham House,Sécurité & géopolitique (think tanks),"Expert comment The AfD’s victory in Saxony-Anhalt marks a turning point for Germany – but perspective is important Ulrich Siegmund’s highly successful campaign points to a more durable AfD electorate and flags the tests ahead for Chancellor Merz’s government, the CDU and the federal institutions that have shaped post-war German democracy. 7 September 2026 3 minute READ",https://www.chathamhouse.org/2026/09/afds-victory-saxony-anhalt-marks-turning-point-germany-perspective-important,,7,E,BRUIT,False,Politique intérieure,government; war,porte régionale: aucun ancrage régional,0,0,0,0,5,7,,absent,aucun,aucun,False,page_institutionnelle,,False,True,pertinent
,Chatham House,Sécurité & géopolitique (think tanks),"Audio What is the United Nations for? On this week’s episode of Independent Thinking, our experts discuss the issues facing the United Nations ahead of the 81st General Assembly. 4 September 2026 35 minute listen",https://www.chathamhouse.org/2026/09/what-united-nations-for-independent-thinking-podcast,,0,E,BRUIT,False,Faible priorité,,porte régionale: aucun ancrage régional,0,0,0,0,0,0,,absent,aucun,aucun,False,page_institutionnelle,,False,True,pertinent
,Chatham House,Sécurité & géopolitique (think tanks),"Expert comment Banning UK trade with illegal Israeli settlements is long overdue It would be a natural extension of current UK positions, and parliament’s cross-party Foreign Affairs Committee has recommended a formal ban for over a year. 4 September 2026 3 minute READ",https://www.chathamhouse.org/2026/09/banning-uk-trade-illegal-israeli-settlements-long-overdue,,0,E,BRUIT,False,Politique intérieure,parliament; trade,porte régionale: aucun ancrage régional,0,0,0,0,2,0,,absent,aucun,aucun,False,page_institutionnelle,,False,True,pertinent
,Chatham House,Sécurité & géopolitique (think tanks),"Expert comment Is China’s humanoid robot industry a bubble? The market debut of Unitree, China’s leading humanoid robot company, has stoked fears that Beijing’s ambitions for robots exceed demand. Until humanoid robots reach their ‘ChatGPT moment’ those worries will remain. 3 September 2026 3 minute READ",https://www.chathamhouse.org/2026/09/chinas-humanoid-robot-industry-bubble,,12,E,BRUIT,False,Géopolitique majeure,china; market; industry,porte régionale: aucun ancrage régional,0,0,0,0,5,7,,absent,aucun,aucun,False,page_institutionnelle,,False,True,pertinent
,Chatham House,Sécurité & géopolitique (think tanks),"Expert comment Critical minerals need secure supply chains – increasingly that depends on responsible production More than half of critical minerals worldwide are located under or near Indigenous lands. Community protests have interrupted production, so the business case for taking human rights seriously is becoming stronger and stronger. 1 September 2026 3 minute READ",https://www.chathamhouse.org/2026/09/critical-minerals-need-secure-supply-chains-increasingly-depends-responsible-production,,8,E,BRUIT,False,Politique intérieure,human rights; protests; business,porte régionale: aucun ancrage régional,0,0,0,4,4,0,,absent,aucun,aucun,False,page_institutionnelle,,False,True,pertinent
,Chatham House,Sécurité & géopolitique (think tanks),Expert comment Can Pakistan’s foreign policy ambitions survive its domestic challenges? Pakistan’s plans for geopolitical influence will rest on its ability to resolve internal conflict. 1 September 2026 3 minute READ,https://www.chathamhouse.org/2026/09/can-pakistans-foreign-policy-ambitions-survive-its-domestic-challenges,,12,E,BRUIT,False,Géopolitique majeure,conflict; geopolitical,porte régionale: aucun ancrage régional,0,0,0,0,5,7,,absent,aucun,aucun,False,page_institutionnelle,,False,True,pertinent
,Chatham House,Sécurité & géopolitique (think tanks),"Other resource Annual Review 2025–26 Explore highlights from our work over the past year, including research, events, and impact. 1 September 2026 1 minute READ",https://www.chathamhouse.org/2026/09/annual-review-2025-26,,0,E,BRUIT,False,Faible priorité,,porte régionale: aucun ancrage régional,0,0,0,0,0,0,,absent,aucun,aucun,False,page_institutionnelle,,False,True,pertinent
,Chatham House,Sécurité & géopolitique (think tanks),"Expert comment The ‘reverse Kindleberger Trap’: reasons to worry about the next financial crisis A US crisis is very likely to be associated with a capital outflow, rather than a capital inflow, with the result that the dollar could weaken substantially against other currencies. 1 September 2026 3 minute READ",https://www.chathamhouse.org/2026/09/reverse-kindleberger-trap-reasons-worry-about-next-financial-crisis,,0,E,BRUIT,False,Faible priorité,,porte régionale: aucun ancrage régional,0,0,0,0,0,0,,absent,aucun,aucun,False,page_institutionnelle,,False,True,pertinent
,Chatham House,Sécurité & géopolitique (think tanks),"Audio Iran, Gaza, Trump and Netanyahu: Understanding the Middle East’s crises In this week’s episode of Independent Thinking, our experts discuss the big picture in the Middle East and how the various conflicts are shaping relations in the region. 28 August 2026 35 minute listen",https://www.chathamhouse.org/2026/08/iran-gaza-trump-netanyahu-understanding-middle-easts-crises-independent-thinking-podcast,,12,E,BRUIT,False,Géopolitique majeure,iran,porte régionale: aucun ancrage régional,0,0,0,0,5,7,iran,sujet_principal,aucun,aucun,False,page_institutionnelle,,False,True,pertinent
,Chatham House,Sécurité & géopolitique (think tanks),"Policy paper What the Burnham government should do in its foreign policy The new government must avoid its predecessors’ habit of trying to do everything. Priorities should include advancing the UK–EU reset talks, defending the Euro-Atlantic area, and working with the EU to address Chinese economic competition. 27 August 2026",https://www.chathamhouse.org/2026/08/what-burnham-government-should-do-its-foreign-policy,,0,E,BRUIT,False,Politique intérieure,government; talks,géopolitique / économie ordinaire; porte régionale: aucun ancrage régional,0,0,0,0,2,2,,absent,aucun,aucun,False,page_institutionnelle,,False,True,pertinent
,Chatham House,Sécurité & géopolitique (think tanks),"Research paper What Haitians want from the next phase of UN and international support A new survey of 1,332 Haitians reveals aspirations for better education and healthcare in addition to improvements in security, as well as opposition to amnesty for gang members, a desire for early elections, and suspicion of any potential political bargain that could enable gang leaders to enter government. 25 August 2026",https://www.chathamhouse.org/2026/08/what-haitians-want-next-phase-un-and-international-support,,0,E,BRUIT,False,Politique intérieure,government; elections; opposition; education,porte régionale: aucun ancrage régional,0,0,0,0,2,0,,absent,aucun,aucun,False,page_institutionnelle,,False,True,pertinent
,Chatham House,Sécurité & géopolitique (think tanks),"Expert comment Nigeria will need more than a bigger army to tackle security challenges Without accompanying reforms, the risk is that President Tinubu’s plan only makes Nigeria’s army bigger but not better. 25 August 2026 3 minute READ",https://www.chathamhouse.org/2026/08/nigeria-will-need-more-bigger-army-tackle-security-challenges,,0,E,BRUIT,False,Politique intérieure,president,porte régionale: aucun ancrage régional,0,0,0,0,2,0,,absent,aucun,aucun,False,page_institutionnelle,,False,True,pertinent
,Chatham House,Sécurité & géopolitique (think tanks),"Audio The summer of '26: A turning point for the climate crisis? In this week’s episode of Independent Thinking, our experts discuss the record-breaking temperatures seen across Europe this summer and what it means for the climate crisis. 21 August 2026 35 minute listen",https://www.chathamhouse.org/2026/08/summer-26-turning-point-climate-crisis-independent-thinking-podcast,,0,E,BRUIT,False,Faible priorité,climate,porte régionale: aucun ancrage régional,0,0,0,0,0,0,,absent,aucun,aucun,False,page_institutionnelle,,False,True,pertinent
,Chatham House,Sécurité & géopolitique (think tanks),Audio Africa Aware: What can Lagos teach us about Africa’s emerging megacities? Lagos State Governor HE Babajide Olusola Sanwo-Olu discusses how Lagos is developing solutions to manage rapid population growth and deliver infrastructure at scale – all catered to its unique context. 20 August 2026 25 minute listen,https://www.chathamhouse.org/2026/08/africa-aware-what-can-lagos-teach-us-about-africas-emerging-megacities,,0,E,BRUIT,False,Faible priorité,infrastructure,porte régionale: aucun ancrage régional,0,0,0,0,0,0,,absent,aucun,aucun,False,page_institutionnelle,,False,True,pertinent
,Chatham House,Sécurité & géopolitique (think tanks),"News release 2026 Chatham House Prize awarded to the women of Afghanistan The prize is presented to ‘the person, persons, or organization deemed to have made the most significant contribution to the improvement of international relations’. 20 August 2026 2 minute READ",https://www.chathamhouse.org/2026/08/2026-chatham-house-prize-awarded-women-afghanistan,,12,E,BRUIT,False,Géopolitique majeure,afghanistan,porte régionale: aucun ancrage régional,0,0,0,0,5,7,afghanistan,sujet_principal,femme,aucun,False,page_institutionnelle,,False,True,pertinent
,Chatham House,Sécurité & géopolitique (think tanks),"Expert comment Melting ice and power shifts: Europe and Canada should seize their Arctic moment As geopolitical competition heats up in the Arctic, security and science must go hand in hand. 19 August 2026 3 minute READ",https://www.chathamhouse.org/2026/08/melting-ice-and-power-shifts-europe-and-canada-should-seize-their-arctic-moment,,12,E,BRUIT,False,Géopolitique majeure,geopolitical,porte régionale: aucun ancrage régional,0,0,0,0,5,7,,absent,aucun,aucun,False,page_institutionnelle,,False,True,pertinent
,Chatham House,Sécurité & géopolitique (think tanks),"Expert comment Wildfires and extreme heat show climate change is now Europe’s biggest security threat The continent is increasingly vulnerable to arson attacks, while climate disasters are diverting militaries from other threats. Policymakers must respond with a security-based approach to climate change. 18 August 2026 3 minute READ",https://www.chathamhouse.org/2026/08/wildfires-and-extreme-heat-show-climate-change-now-europes-biggest-security-threat,,14,E,BRUIT,False,Géopolitique majeure,threats; security threat; climate,porte régionale: aucun ancrage régional,0,0,2,0,5,7,,absent,aucun,pression_administrative,False,page_institutionnelle,,False,True,pertinent
,Chatham House,Sécurité & géopolitique (think tanks),"Audio The foreign policy challenges Labour can’t ignore In this week’s episode of Independent Thinking, our experts discuss the foreign policy challenges facing UK prime minister Andy Burnham. 14 August 2026 30 minute listen",https://www.chathamhouse.org/2026/08/foreign-policy-challenges-labour-cant-ignore-independent-thinking-podcast,,0,E,BRUIT,False,Politique intérieure,prime minister; minister,porte régionale: aucun ancrage régional,0,0,0,0,2,0,,absent,aucun,aucun,False,page_institutionnelle,,False,True,pertinent
,Chatham House,Sécurité & géopolitique (think tanks),"Expert comment Should Egypt join the Mecca Pact? Egypt may yet join Saudi Arabia, Turkey and Pakistan in their mutual defence pact. But for now, Cairo is continuing its cautious approach as it seeks to avoid taking sides. 14 August 2026 3 minute READ",https://www.chathamhouse.org/2026/08/should-egypt-join-mecca-pact,,0,E,BRUIT,False,Faible priorité,,porte régionale: aucun ancrage régional,0,0,0,0,0,0,,absent,aucun,aucun,False,page_institutionnelle,,False,True,pertinent
,Chatham House,Sécurité & géopolitique (think tanks),"Expert comment China, Kimi K3 and WAICO: Can Beijing win the AI race and make the rules too? As its AI models catch up to US rivals, China wants to set the rules that govern AI use. 13 August 2026 3 minute READ",https://www.chathamhouse.org/2026/08/china-kimi-k3-and-waico-can-beijing-win-ai-race-and-make-rules-too,,12,E,BRUIT,False,Géopolitique majeure,china,porte régionale: aucun ancrage régional,0,0,0,0,5,7,,absent,aucun,aucun,False,page_institutionnelle,,False,True,pertinent
,Chatham House,Sécurité & géopolitique (think tanks),Expert comment Why Carney’s pipeline gamble is a bad bet for Canadian taxpayers Tensions with the US and Alberta are leading Prime Minister Carney to back new oil and gas infrastructure. Smoothing the path to electrification would be a better use of public funds. 13 August 2026 3 minute READ,https://www.chathamhouse.org/2026/08/why-carneys-pipeline-gamble-bad-bet-canadian-taxpayers,,0,E,BRUIT,False,Politique intérieure,prime minister; minister; infrastructure,porte régionale: aucun ancrage régional,0,0,0,0,2,0,,absent,aucun,aucun,False,page_institutionnelle,,False,True,pertinent
,Chatham House,Sécurité & géopolitique (think tanks),Expert comment Can negotiations between Venezuela’s government and opposition succeed? Two initial meetings sent a worrying signal and Venezuelans are frustrated. The US must apply real pressure for talks to make progress. 11 August 2026 3 minute READ,https://www.chathamhouse.org/2026/08/can-negotiations-between-venezuelas-government-and-opposition-succeed,,0,E,BRUIT,False,Politique intérieure,government; opposition; talks,géopolitique / économie ordinaire; porte régionale: aucun ancrage régional,0,0,0,0,2,2,,absent,aucun,aucun,False,page_institutionnelle,,False,True,pertinent
,Chatham House,Sécurité & géopolitique (think tanks),Expert comment Zambia’s election: President Hichilema must preserve his country’s democratic reputation In opposition Hichilema made international friends as a champion of democracy. In power he must resist tipping the scales in favour of his party. 10 August 2026 3 minute READ,https://www.chathamhouse.org/2026/08/zambias-election-president-hichilema-must-preserve-his-countrys-democratic-reputation,,0,E,BRUIT,False,Politique intérieure,president; election; opposition,porte régionale: aucun ancrage régional,0,0,0,0,2,0,,absent,aucun,aucun,False,page_institutionnelle,,False,True,pertinent
,Chatham House,Sécurité & géopolitique (think tanks),"Audio Is the AI boom about to bust? In this week’s episode of Independent Thinking, our experts explore the US-China race for AI leadership and the likelihood of an AI crash 7 August 2026 40 minute listen",https://www.chathamhouse.org/2026/08/ai-boom-about-bust-independent-thinking-podcast,,12,E,BRUIT,False,Géopolitique majeure,china,porte régionale: aucun ancrage régional,0,0,0,0,5,7,,absent,aucun,aucun,False,page_institutionnelle,,False,True,pertinent
,Chatham House,Sécurité & géopolitique (think tanks),"Expert comment Can the UN close the global AI gap? Can UN AI governance bridge the widening digital divide between AI superpowers, middle powers, and developing countries? 7 August 2026 3 minute READ",https://www.chathamhouse.org/2026/08/can-un-close-global-ai-gap,,0,E,BRUIT,False,Faible priorité,,porte régionale: aucun ancrage régional,0,0,0,0,0,0,,absent,aucun,aucun,False,page_institutionnelle,,False,True,pertinent
,Chatham House,Sécurité & géopolitique (think tanks),"Expert comment Trump’s summer of tariffs means trade uncertainty is here to stay The Trump administration has pushed through another round of tariffs. While they are being challenged in the courts, unpredictable and costly US trade policy is here to stay. 7 August 2026 3 minute READ",https://www.chathamhouse.org/2026/08/trumps-summer-tariffs-means-trade-uncertainty-here-stay,,0,E,BRUIT,False,Faible priorité,trade,porte régionale: aucun ancrage régional,0,0,0,0,0,0,,absent,aucun,aucun,False,page_institutionnelle,,False,True,pertinent
,Chatham House,Sécurité & géopolitique (think tanks),Panel In person and Online BRICS and the future of global power Learn whether BRICS can turn growing influence into geopolitical impact. 16 September 2026 — 12:00 TO 13:00 BST,https://www.chathamhouse.org/events/all/standard-event/brics-and-future-global-power,,12,E,BRUIT,False,Géopolitique majeure,geopolitical,porte régionale: aucun ancrage régional,0,0,0,0,5,7,,absent,aucun,aucun,False,page_institutionnelle,,False,True,pertinent
,Chatham House,Sécurité & géopolitique (think tanks),Address In person and Online Botswana's future: Vice President Gaolathe on economic resilience amid global uncertainty Hear Vice President Ndaba Nkosinathi Gaolathe set out Botswana’s priorities for inclusive economic reform. 17 September 2026 — 14:30 TO 15:30 BST,https://www.chathamhouse.org/events/all/standard-event/botswanas-future-vice-president-gaolathe-economic-resilience-amid-global,,0,E,BRUIT,False,Politique intérieure,president,porte régionale: aucun ancrage régional,0,0,0,0,2,0,,absent,aucun,aucun,False,page_institutionnelle,,False,True,pertinent
,Chatham House,Sécurité & géopolitique (think tanks),Panel In person and Online US at 250: Separation vs. concentration of power – America’s enduring constitutional debate The third session in the US at 250 mini-series explores how checks and balances continue to shape American democracy. 17 September 2026 — 17:00 TO 18:00 BST,https://www.chathamhouse.org/events/all/standard-event/us-250-separation-vs-concentration-power-americas-enduring-constitutional,,8,E,BRUIT,False,État de droit / espace civique,,état de droit / concentration du pouvoir; porte régionale: aucun ancrage régional,0,0,0,0,0,0,,absent,aucun,aucun,False,page_institutionnelle,,False,True,pertinent
,Chatham House,Sécurité & géopolitique (think tanks),"Webinar Online How will young voters shape Morocco’s political future? As Moroccans head into their first election since Gen-Z protests swept the country, experts will discuss the forces shaping youth participation, and whether activism will influence Morocco’s political future. 22 September 2026 — 14:00 TO 15:00 BST",https://www.chathamhouse.org/events/all/standard-event/how-will-young-voters-shape-moroccos-political-future,,2,E,BRUIT,False,Politique intérieure,election; protests,porte régionale: aucun ancrage régional,0,0,0,0,2,0,,absent,aucun,aucun,False,page_institutionnelle,,False,True,pertinent
,Chatham House,Sécurité & géopolitique (think tanks),"Webinar Online Zambia's 2026 election: A test of democratic resilience Discover what the election aftermath means for politics, policy and investment. 22 September 2026 — 14:00 TO 15:00 BST",https://www.chathamhouse.org/events/all/standard-event/zambias-2026-election-test-democratic-resilience,,0,E,BRUIT,False,Politique intérieure,election; investment,géopolitique / économie ordinaire; porte régionale: aucun ancrage régional,0,0,0,0,2,2,,absent,aucun,aucun,False,page_institutionnelle,,False,True,pertinent
,Chatham House,Sécurité & géopolitique (think tanks),"Panel In person and Online What to learn from Russia's State Duma elections Following Russia’s parliamentary vote, experts assess what the results reveal about Russia’s future direction and the durability of President Putin’s system. 22 September 2026 — 17:00 TO 18:00 BST",https://www.chathamhouse.org/events/all/standard-event/what-learn-russias-state-duma-elections,,7,E,BRUIT,False,Politique intérieure,president; parliamentary; elections; russia,porte régionale: aucun ancrage régional,0,0,0,0,5,7,russie,sujet_principal,aucun,aucun,False,page_institutionnelle,,False,True,pertinent
,Chatham House,Sécurité & géopolitique (think tanks),"Webinar Online Uzbekistan: assessing 10 years of rule under Mirziyoyev Hear from experts on the successes, shortcomings and future direction of Uzbekistan’s economic and reform agenda under President Mirziyoyev. 23 September 2026 — 14:00 TO 15:00 BST",https://www.chathamhouse.org/events/all/standard-event/uzbekistan-assessing-10-years-rule-under-mirziyoyev,,14,E,BRUIT,False,Politique intérieure,uzbekistan; president,Asie centrale: uzbekistan; plafond V9: sujet non-HR,12,0,0,0,2,0,ouzbekistan,sujet_principal,aucun,aucun,False,page_institutionnelle,,False,True,pertinent
,Chatham House,Sécurité & géopolitique (think tanks),"Webinar Online The Lake Chad Basin: Restoring regional security cooperation Why regional cooperation matters in addressing the convergence of insurgency, displacement, and climate stress. 28 September 2026 — 15:00 TO 16:00 BST",https://www.chathamhouse.org/events/all/standard-event/lake-chad-basin-restoring-regional-security-cooperation,,12,E,BRUIT,False,Géopolitique majeure,security cooperation; insurgency; climate,porte régionale: aucun ancrage régional,0,0,0,0,5,7,,absent,aucun,aucun,False,page_institutionnelle,,False,True,pertinent
,Chatham House,Sécurité & géopolitique (think tanks),"Webinar Online After the revolutions: The outlook for South Asia’s Gen Z-inspired governments Learn how economic distress, political dysfunction and demographic pressures are shaping South Asia’s youth movements - and to what extent their expectations are being met by their leaders. 29 September 2026 — 12:00 TO 13:00 BST",https://www.chathamhouse.org/events/all/standard-event/after-revolutions-outlook-south-asias-gen-z-inspired-governments,,0,E,BRUIT,False,Faible priorité,,porte régionale: aucun ancrage régional,0,0,0,0,0,0,,absent,aucun,aucun,False,page_institutionnelle,,False,True,pertinent
,Chatham House,Sécurité & géopolitique (think tanks),"Panel In person and Online US at 250: Interest vs. principle – the debate about America’s values To what extent do America’s values shape its foreign policy? Join this expert discussion, and final in the US at 250 mini-series, about the principles that should underpin US global leadership - and how they are perceived around the world. A drinks reception will follow. 6 October 2026 — 17:00 TO 18:00 BST",https://www.chathamhouse.org/events/all/standard-event/us-250-interest-vs-principle-debate-about-americas-values,,0,E,BRUIT,False,Faible priorité,,porte régionale: aucun ancrage régional,0,0,0,0,0,0,,absent,aucun,aucun,False,page_institutionnelle,,False,True,pertinent
,Chatham House,Sécurité & géopolitique (think tanks),Panel In person and Online Reckoning or rhetoric: Is now the time for reparative justice on the global stage? Hear from leading voices on what a landmark UN resolution means for the future of global reparations. 15 October 2026 — 18:00 TO 19:00 BST,https://www.chathamhouse.org/events/all/members-event/reckoning-or-rhetoric-now-time-reparative-justice-global-stage,,0,E,BRUIT,False,Faible priorité,,porte régionale: aucun ancrage régional,0,0,0,0,0,0,,absent,aucun,aucun,False,page_institutionnelle,,False,True,pertinent
,Chatham House,Sécurité & géopolitique (think tanks),"Panel In person and Online US midterm elections 2026: what happens next? Come and listen to first-hand analysis from Chatham House experts who will examine how the midterms might reshape US politics, foreign policy and the 2028 presidential race. 3 November 2026 — 18:00 TO 19:00 GMT",https://www.chathamhouse.org/events/all/standard-event/us-midterm-elections-2026-what-happens-next,,2,E,BRUIT,False,Politique intérieure,presidential; elections,porte régionale: aucun ancrage régional,0,0,0,0,2,0,,absent,aucun,aucun,False,page_institutionnelle,,False,True,pertinent
,Chatham House,Sécurité & géopolitique (think tanks),Panel In person Film screening: Amerigo: The Search for the American Dream Join this screening of a new documentary exploring the evolving reality of the American Dream as the USA celebrates its 250th anniversary. 5 November 2026 — 17:30 TO 18:30 GMT,https://www.chathamhouse.org/events/all/standard-event/film-screening-amerigo-search-american-dream,,0,E,BRUIT,False,Histoire / culture / contexte,anniversary,histoire / culture; porte régionale: aucun ancrage régional,0,0,0,0,0,0,,absent,aucun,aucun,False,page_institutionnelle,,False,True,pertinent
,Chatham House,Sécurité & géopolitique (think tanks),"Conference In person Competition policy conference 2026 As economic security, industrial strategy and geopolitical rivalry reshape merger control and market regulation, the competition policy conference brings together regulators, business leaders and academic experts to examine where competition law is heading next. 17 November 2026 — 10:00 TO 18:00 GMT",https://www.chathamhouse.org/events/all/conference/competition-policy-conference-2026,,2,E,BRUIT,False,Géopolitique majeure,geopolitical; conference; business; market,géopolitique / économie ordinaire; porte régionale: aucun ancrage régional,0,0,0,0,5,7,,absent,aucun,aucun,False,page_institutionnelle,,False,True,pertinent
,Chatham House,Sécurité & géopolitique (think tanks),Conference Chatham House Berlin conference 2026 Securing Europe’s strategic autonomy in a volatile world 25 November 2026 TO 26 November 2026 — 08:00 TO 17:00 GMT,https://www.chathamhouse.org/events/all/standard-event/chatham-house-berlin-conference-2026,,0,E,BRUIT,False,Économie / géopolitique ordinaire,conference,géopolitique / économie ordinaire; porte régionale: aucun ancrage régional,0,0,0,0,0,2,,absent,aucun,aucun,False,page_institutionnelle,,False,True,pertinent
,Chatham House,Sécurité & géopolitique (think tanks),"Address In person and Online H.R. McMaster, President Trump's former National Security Advisor, discusses America's future security challenges Hear from one of America’s leading security and military thinkers on China, Europe, Iran and the future of US global leadership in an increasingly contested world. 10 December 2026 — 09:00 TO 10:00 GMT",https://www.chathamhouse.org/events/all/standard-event/hr-mcmaster-president-trumps-former-national-security-advisor-discusses,,7,E,BRUIT,False,Politique intérieure,president; china; iran; national security,porte régionale: aucun ancrage régional,0,0,0,0,5,7,iran,sujet_principal,aucun,aucun,False,page_institutionnelle,,False,True,pertinent
,Chatham House,Sécurité & géopolitique (think tanks),"Conference In person and Online Security and defence conference 2027 As defence spending and geopolitical rivalry reshape global security, the Security and Defence Conference 2027 brings together leaders to navigate strategic uncertainty. 3 March 2027 TO 4 March 2027 — 09:00 TO 12:30 GMT",https://www.chathamhouse.org/events/all/conference/security-and-defence-conference-2027,,2,E,BRUIT,False,Géopolitique majeure,geopolitical; conference,géopolitique / économie ordinaire; porte régionale: aucun ancrage régional,0,0,0,0,5,7,,absent,aucun,aucun,False,page_institutionnelle,,False,True,pertinent
,Chatham House,Sécurité & géopolitique (think tanks),"Panel In person and Online What would a ceasefire in Ukraine mean for Europe and the world? Join this event to learn about the implications of a ceasefire for Ukraine, Europe, Russia – and global security. 8 September 2026 — 13:00 TO 14:00 BST",https://www.chathamhouse.org/events/all/standard-event/what-would-ceasefire-ukraine-mean-europe-and-world,,12,E,BRUIT,False,Géopolitique majeure,ceasefire; russia; ukraine,porte régionale: aucun ancrage régional,0,0,0,0,5,7,russie,sujet_principal,aucun,aucun,False,page_institutionnelle,,False,True,pertinent
,Chatham House,Sécurité & géopolitique (think tanks),"Address In person and Online Elina Valtonen, Minister for Foreign Affairs of Finland, on whether Europe can compete in the age of AI Hear from Finland’s foreign minister on how Europe can innovate, build strength and compete in artificial intelligence. 3 September 2026 — 11:00 TO 12:00 BST",https://www.chathamhouse.org/events/all/standard-event/elina-valtonen-minister-foreign-affairs-finland-whether-europe-can,,0,E,BRUIT,False,Politique intérieure,minister; foreign minister,géopolitique / économie ordinaire; porte régionale: aucun ancrage régional,0,0,0,0,2,2,,absent,aucun,aucun,False,page_institutionnelle,,False,True,pertinent
,Chatham House,Sécurité & géopolitique (think tanks),"Webinar Recording Iceland’s EU referendum: Implications for EU enlargement and Arctic security As Iceland votes on whether to reopen discussions on EU accession, learn what the outcome could mean for the EU’s future direction and strategic competition across the High North. 1 September 2026 — 14:00 TO 15:00 BST",https://www.chathamhouse.org/events/all/standard-event/icelands-eu-referendum-implications-eu-enlargement-and-arctic-security,,2,E,BRUIT,False,Politique intérieure,referendum,porte régionale: aucun ancrage régional,0,0,0,0,2,0,,absent,aucun,aucun,False,page_institutionnelle,,False,True,pertinent
,Chatham House,Sécurité & géopolitique (think tanks),"Panel Recording Perspectives from Ankara: The security and defence implications of the NATO Summit Understand how summit commitments on defence spending, innovation and industrial capacity can strengthen NATO’s future security posture. 22 July 2026 — 17:00 TO 18:15 BST",https://www.chathamhouse.org/events/all/standard-event/perspectives-ankara-security-and-defence-implications-nato-summit,,0,E,BRUIT,False,Économie / géopolitique ordinaire,summit,géopolitique / économie ordinaire; porte régionale: aucun ancrage régional,0,0,0,0,0,2,,absent,aucun,aucun,False,page_institutionnelle,,False,True,pertinent
,Chatham House,Sécurité & géopolitique (think tanks),"Panel Recording US at 250: Trade vs. Protectionism – America’s enduring economic debate Join us at Chatham House for the second in the US at 250 mini-series. This discussion assesses America’s struggle to balance independence, openness, and strategic competition in the global economy. 15 July 2026 — 17:00 TO 18:00 BST",https://www.chathamhouse.org/events/all/standard-event/us-250-trade-vs-protectionism-americas-enduring-economic-debate,,0,E,BRUIT,False,Faible priorité,trade,porte régionale: aucun ancrage régional,0,0,0,0,0,0,,absent,aucun,aucun,False,page_institutionnelle,,False,True,pertinent
,Chatham House,Sécurité & géopolitique (think tanks),"Webinar Recording Zambia’s 2026 election: What is at stake? As the campaign enters its final stage, hear from analysts about what voters, investors and democratic groups should watch out for. 15 July 2026 — 12:00 TO 13:00 BST",https://www.chathamhouse.org/events/all/standard-event/zambias-2026-election-what-stake,,2,E,BRUIT,False,Politique intérieure,election,porte régionale: aucun ancrage régional,0,0,0,0,2,0,,absent,aucun,aucun,False,page_institutionnelle,,False,True,pertinent
,Chatham House,Sécurité & géopolitique (think tanks),"Webinar Recording How should Ukraine prepare for peace while fighting the war? Discover how Ukraine plans to deliver elections and ensure an inclusive, democratic transition after the war with Russia. 14 July 2026 — 15:00 TO 16:00 BST",https://www.chathamhouse.org/events/all/standard-event/how-should-ukraine-prepare-peace-while-fighting-war,,12,E,BRUIT,False,Politique intérieure,elections; war; russia; ukraine,porte régionale: aucun ancrage régional,0,0,0,0,5,7,russie,sujet_principal,aucun,aucun,False,page_institutionnelle,,False,True,pertinent
,Chatham House,Sécurité & géopolitique (think tanks),"Panel Recording Iran, the ceasefire and the Gulf: what comes next Learn how the war with the US and Israel has affected Iran’s diplomacy, security outlook, and internal politics. 13 July 2026 — 17:00 TO 18:00 BST",https://www.chathamhouse.org/events/all/standard-event/iran-ceasefire-and-gulf-what-comes-next,,12,E,BRUIT,False,Géopolitique majeure,war; ceasefire; iran,porte régionale: aucun ancrage régional,0,0,0,0,5,7,iran,sujet_principal,aucun,aucun,False,page_institutionnelle,,False,True,pertinent
,Chatham House,Sécurité & géopolitique (think tanks),"Panel Recording From values to action: Where do LGBTIQ+ rights sit in UK foreign policy? In an increasingly contested world order and with global threats to LGBTIQ+ rights, experts discuss a path forward for LGBTIQ+ rights and the rule of law in UK foreign policy. This panel discussion will be followed by a reception and networking. 30 June 2026 — 17:30 TO 19:30 BST",https://www.chathamhouse.org/events/all/standard-event/values-action-where-do-lgbtiq-rights-sit-uk-foreign-policy,,18,E,BRUIT,False,État de droit / espace civique,rule of law; threats,état de droit / concentration du pouvoir; porte régionale: aucun ancrage régional,0,0,3,4,3,0,,absent,aucun,pression_administrative,False,page_institutionnelle,,False,True,pertinent
,Chatham House,Sécurité & géopolitique (think tanks),"Panel Recording Can cities and states lead the shift to climate resilience? Hear from mayors, governors and regional leaders driving climate action and resilience from the ground up. 24 June 2026 — 17:00 TO 18:00 BST",https://www.chathamhouse.org/events/all/standard-event/can-cities-and-states-lead-shift-climate-resilience,,0,E,BRUIT,False,Faible priorité,climate,porte régionale: aucun ancrage régional,0,0,0,0,0,0,,absent,aucun,aucun,False,page_institutionnelle,,False,True,pertinent
,Chatham House,Sécurité & géopolitique (think tanks),"Panel Recording Europe after Nord Stream: The limits of energy security As the debate continues in Brussels over how to defend infrastructure and strengthen energy independence, hear from experts on how Europe is facing up to this ongoing risk. 23 June 2026 — 12:00 TO 13:00 BST",https://www.chathamhouse.org/events/all/standard-event/europe-after-nord-stream-limits-energy-security,,5,E,BRUIT,False,Faible priorité,infrastructure,porte régionale: aucun ancrage régional,0,5,0,0,0,0,,absent,aucun,aucun,False,page_institutionnelle,,False,True,pertinent
,Chatham House,Sécurité & géopolitique (think tanks),Panel Recording Making the case for COP in a fractured geopolitical environment Leaders of the world’s foremost climate conference - COP - set out how environmental diplomacy can still deliver. 22 June 2026 — 17:00 TO 18:00 BST,https://www.chathamhouse.org/events/all/standard-event/making-case-cop-fractured-geopolitical-environment,,2,E,BRUIT,False,Géopolitique majeure,geopolitical; conference; climate; environment,géopolitique / économie ordinaire; porte régionale: aucun ancrage régional,0,0,0,0,5,7,,absent,aucun,aucun,False,page_institutionnelle,,False,True,pertinent
,Chatham House,Sécurité & géopolitique (think tanks),Address Recording Brexit 10 years on: Michel Barnier and the future of UK-EU relations Join a fascinating discussion with the EU’s former chief Brexit negotiator to assess a decade of change and the future of EU-UK relations. 22 June 2026 — 10:00 TO 11:00 BST,https://www.chathamhouse.org/events/all/standard-event/brexit-10-years-michel-barnier-and-future-uk-eu-relations,,0,E,BRUIT,False,Faible priorité,,porte régionale: aucun ancrage régional,0,0,0,0,0,0,,absent,aucun,aucun,False,page_institutionnelle,,False,True,pertinent
,Chatham House,Sécurité & géopolitique (think tanks),"Panel Recording How might an African credit rating agency improve the continent's financing conditions? This panel discussion, held in collaboration with the Konrad Adenauer Stiftung, assesses the potential impact of the African Credit Rating Agency on reducing borrowing costs and lowering barriers to financing for African countries. 16 June 2026 — 16:00 TO 17:30 BST",https://www.chathamhouse.org/events/all/standard-event/how-might-african-credit-rating-agency-improve-continents-financing-0,,0,E,BRUIT,False,Faible priorité,,porte régionale: aucun ancrage régional,0,0,0,0,0,0,,absent,aucun,aucun,False,page_institutionnelle,,False,True,pertinent
,Chatham House,Sécurité & géopolitique (think tanks),"Webinar Recording What is necessary to return Venezuela to stable economic growth and democracy after the US operation? How to bring credible elections, rule of law and economic recovery to Venezuela. 16 June 2026 — 16:00 TO 17:30 BST",https://www.chathamhouse.org/events/all/standard-event/what-necessary-return-venezuela-stable-economic-growth-and-democracy,,16,E,BRUIT,False,État de droit / espace civique,rule of law; elections; economic growth,état de droit / concentration du pouvoir; porte régionale: aucun ancrage régional,0,0,0,4,4,0,,absent,aucun,aucun,False,page_institutionnelle,,False,True,pertinent
,Chatham House,Sécurité & géopolitique (think tanks),"Panel Recording New advocates and the future of international human rights As governments and multilateral institutions retreat, a new generation of advocates is reshaping the debate and proposing reform. 15 June 2026 — 16:00 TO 17:00 BST",https://www.chathamhouse.org/events/all/standard-event/new-advocates-and-future-international-human-rights,,7,E,BRUIT,False,Faible priorité,human rights,porte régionale: aucun ancrage régional,0,0,0,4,3,0,,absent,aucun,aucun,False,page_institutionnelle,,False,True,pertinent
,Chatham House,Sécurité & géopolitique (think tanks),Panel Recording Targeting medics on the battlefield: addressing the crisis through law and practice Experts clarify international humanitarian law and promote compliance by identifying practical measures for its effective implementation. 11 June 2026 — 17:00 TO 18:15 BST,https://www.chathamhouse.org/events/all/standard-event/targeting-medics-battlefield-addressing-crisis-through-law-and-practice,,0,E,BRUIT,False,Faible priorité,,porte régionale: aucun ancrage régional,0,0,0,0,0,0,,absent,aucun,aucun,False,page_institutionnelle,,False,True,pertinent
,Chatham House,Sécurité & géopolitique (think tanks),"Panel Recording AI, work, and the future of global competitiveness Learn what LinkedIn data reveals about AI, growth and workforce change. 9 June 2026 — 11:00 TO 13:00 BST",https://www.chathamhouse.org/events/all/standard-event/ai-work-and-future-global-competitiveness,,0,E,BRUIT,False,Faible priorité,,porte régionale: aucun ancrage régional,0,0,0,0,0,0,,absent,aucun,aucun,False,page_institutionnelle,,False,True,pertinent
,Chatham House,Sécurité & géopolitique (think tanks),"Webinar Recording Armenia’s pivotal election: What is at stake? Experts examine the tensions facing Armenian democracy, the election’s importance for the peace process with Azerbaijan, and the role of external actors, including Russia and the West. 3 June 2026 — 14:00 TO 15:00 BST",https://www.chathamhouse.org/events/all/standard-event/armenias-pivotal-election-what-stake-0,,24,E,FAIBLE,False,Politique intérieure,armenia; azerbaijan; election; russia,"Caucase: armenia, azerbaijan; plafond V9: aucun ancrage HR principal",12,0,0,0,5,7,"armenie, azerbaidjan, russie",sujet_principal,aucun,aucun,False,page_institutionnelle,,False,True,pertinent
,Chatham House,Sécurité & géopolitique (think tanks),"Address Recording Navigating a changing global order: Ghana’s strategic priorities Join us as HE John Dramani Mahama, President of the Republic of Ghana, reflects on how Ghana is navigating an increasingly multipolar world while promoting African agency and regional stability. 1 June 2026 — 17:00 TO 18:00 BST",https://www.chathamhouse.org/events/all/standard-event/navigating-changing-global-order-ghanas-strategic-priorities,,0,E,BRUIT,False,Politique intérieure,president,porte régionale: aucun ancrage régional,0,0,0,0,2,0,,absent,aucun,aucun,False,page_institutionnelle,,False,True,pertinent
,Chatham House,Sécurité & géopolitique (think tanks),Panel Recording US at 250: Internationalism vs. isolationism – America’s enduring foreign policy debate This session explores the competing ideas shaping American foreign policy and how it will evolve in the years ahead. A reception will follow this event. 27 May 2026 — 17:00 TO 18:00 BST,https://www.chathamhouse.org/events/all/standard-event/us-250-internationalism-vs-isolationism-americas-enduring-foreign-policy,,0,E,BRUIT,False,Faible priorité,,porte régionale: aucun ancrage régional,0,0,0,0,0,0,,absent,aucun,aucun,False,page_institutionnelle,,False,True,pertinent
,Chatham House,Sécurité & géopolitique (think tanks),"Address Recording Dr Fatih Birol, IEA Executive Director, on the Strait of Hormuz crisis and global energy security Fatih Birol assesses how Middle East tensions are reshaping global energy markets and economic stability. 21 May 2026 — 12:00 TO 13:00 BST",https://www.chathamhouse.org/events/all/standard-event/dr-fatih-birol-iea-executive-director-strait-hormuz-crisis-and-global,,0,E,BRUIT,False,Faible priorité,,porte régionale: aucun ancrage régional,0,0,0,0,0,0,,absent,aucun,aucun,False,page_institutionnelle,,False,True,pertinent
,Chatham House,Sécurité & géopolitique (think tanks),Panel Recording From destruction to recovery: Building Ukraine’s future prosperity Half day conference on the war-time recovery of Ukraine and necessary policies to support its long-term prosperity building on the experience and analysis of both Chatham House and the EBRD. 14 May 2026 — 13:45 TO 19:15 BST,https://www.chathamhouse.org/events/all/standard-event/destruction-recovery-building-ukraines-future-prosperity,,2,E,BRUIT,False,Géopolitique majeure,war; ukraine; conference,géopolitique / économie ordinaire; porte régionale: aucun ancrage régional,0,0,0,0,5,7,,absent,aucun,aucun,False,page_institutionnelle,,False,True,pertinent
,Chatham House,Sécurité & géopolitique (think tanks),Panel Recording How can African institutions deliver in the Great Lakes peace process? What can the African Union and regional bodies do to deliver durable peace in the Great Lakes? 12 May 2026 — 14:30 TO 16:00 BST,https://www.chathamhouse.org/events/all/standard-event/how-can-african-institutions-deliver-great-lakes-peace-process,,0,E,BRUIT,False,Faible priorité,,porte régionale: aucun ancrage régional,0,0,0,0,0,0,,absent,aucun,aucun,False,page_institutionnelle,,False,True,pertinent
,Chatham House,Sécurité & géopolitique (think tanks),"Panel Recording The Australian model: Navigating the US–China divide with Malcolm Turnbull Chatham House welcomes Malcolm Turnbull, former Prime Minister of Australia, to draw on his experience managing the full arc of Australia’s complex foreign relations. 11 May 2026 — 16:00 TO 17:00 BST",https://www.chathamhouse.org/events/all/standard-event/australian-model-navigating-us-china-divide-malcolm-turnbull,,7,E,BRUIT,False,Politique intérieure,prime minister; china; minister,porte régionale: aucun ancrage régional,0,0,0,0,5,7,,absent,aucun,aucun,False,page_institutionnelle,,False,True,pertinent
,Chatham House,Sécurité & géopolitique (think tanks),"Panel Recording The new Eurasian chessboard: Power, connectivity and strategic resources Join us for an expert panel exploring how the EU, the UK, the US, and Turkey can navigate great power competition in Central Asia and harness the region’s growing strategic and economic potential. 5 May 2026 — 13:30 TO 14:30 BST",https://www.chathamhouse.org/events/all/standard-event/new-eurasian-chessboard-power-connectivity-and-strategic-resources,,12,E,BRUIT,False,Faible priorité,central asia,Asie centrale: central asia; plafond V9: sujet non-HR,12,0,0,0,0,0,autre,sujet_principal,aucun,aucun,False,page_institutionnelle,,False,True,pertinent
,Chatham House,Sécurité & géopolitique (think tanks),Panel Recording Canada’s foreign and energy policy: In conversation with the Premier of Alberta Premier Danielle Smith discusses Alberta’s vision for Canada’s role in the world at a moment of acute external pressure and internal debate. 30 April 2026 — 16:00 TO 17:00 BST,https://www.chathamhouse.org/events/all/standard-event/canadas-foreign-and-energy-policy-conversation-premier-alberta,,0,E,BRUIT,False,Faible priorité,,porte régionale: aucun ancrage régional,0,0,0,0,0,0,,absent,aucun,aucun,False,page_institutionnelle,,False,True,pertinent
,Chatham House,Sécurité & géopolitique (think tanks),"Panel Recording Justice for Ukraine: Supporting survivors of war crimes and building international solidarity Following the launch of the Special Tribunal for the Crime of Aggression, the Register of Damage and the Claims Commission in The Hague, experts explore how a comprehensive transitional justice policy can bolster survivor support and global solidarity with Ukraine. 27 April 2026 — 14:00 TO 15:30 BST",https://www.chathamhouse.org/events/all/standard-event/justice-ukraine-supporting-survivors-war-crimes-and-building,,12,E,BRUIT,False,Géopolitique majeure,war; ukraine,porte régionale: aucun ancrage régional,0,0,0,0,5,7,,absent,aucun,aucun,False,page_institutionnelle,,False,True,pertinent
,Chatham House,Sécurité & géopolitique (think tanks),Panel Recording ‘Parliaments in dialogue’: Bringing Westminster and Brussels closer together to defend Europe Join us at Chatham House to hear from UK and European parliamentarians and defence experts about how to improve defence cooperation between Britain and Europe. 23 April 2026 — 17:30 TO 18:30 BST,https://www.chathamhouse.org/events/all/standard-event/parliaments-dialogue-bringing-westminster-and-brussels-closer-together,,0,E,BRUIT,False,Faible priorité,,porte régionale: aucun ancrage régional,0,0,0,0,0,0,,absent,aucun,aucun,False,page_institutionnelle,,False,True,pertinent
,Chatham House,Sécurité & géopolitique (think tanks),"Panel Recording The not‐so‐special relationship? Can UK-US relations survive Trump 2.0? The House of Lords International Relations and Defence Committee chaired by Lord Robertson joins us at Chatham House from 12:00 to 13:00 BST. The session will explore the future of UK-US relations, amid long‐term US policy shifts and recent political upheavals. The room is full, but you can watch online. 22 April 2026 — 12:00 TO 13:00 BST",https://www.chathamhouse.org/events/all/standard-event/not-so-special-relationship-can-uk-us-relations-survive-trump-20,,0,E,BRUIT,False,Faible priorité,,porte régionale: aucun ancrage régional,0,0,0,0,0,0,,absent,aucun,aucun,False,page_institutionnelle,,False,True,pertinent
,Chatham House,Sécurité & géopolitique (think tanks),[email protected],https://www.chathamhouse.org/cdn-cgi/l/email-protection,,0,E,BRUIT,False,Faible priorité,,porte régionale: aucun ancrage régional,0,0,0,0,0,0,,absent,aucun,aucun,False,page_institutionnelle,,False,True,pertinent
,Atlantic Council,Sécurité & géopolitique (think tanks),Twitter / X,https://twitter.com/intent/tweet?url=https%3A%2F%2Fwww.atlanticcouncil.org%2F&text=Atlantic+Council+%26%238211%3B+Shaping+the+global+future+together,,0,E,BRUIT,False,Faible priorité,,porte régionale: aucun ancrage régional,0,0,0,0,0,0,,absent,aucun,aucun,False,page_institutionnelle,,False,True,pertinent
,Atlantic Council,Sécurité & géopolitique (think tanks),Signature events and flagships,https://www.atlanticcouncil.org/events/signature-events-and-flagships,,0,E,BRUIT,False,Faible priorité,,porte régionale: aucun ancrage régional,0,0,0,0,0,0,,absent,aucun,aucun,False,page_institutionnelle,,False,True,pertinent
,Atlantic Council,Sécurité & géopolitique (think tanks),Freedom and Prosperity,https://www.atlanticcouncil.org/politics-diplomacy/freedom-and-prosperity/,,0,E,BRUIT,False,Faible priorité,,porte régionale: aucun ancrage régional,0,0,0,0,0,0,,absent,aucun,aucun,False,page_institutionnelle,,False,True,pertinent
,Atlantic Council,Sécurité & géopolitique (think tanks),Nuclear Deterrence,https://www.atlanticcouncil.org/security-defense/nuclear-deterrence/,,0,E,BRUIT,False,Faible priorité,,porte régionale: aucun ancrage régional,0,0,0,0,0,0,,absent,aucun,aucun,False,page_institutionnelle,,False,True,pertinent
,Atlantic Council,Sécurité & géopolitique (think tanks),All Africa,https://www.atlanticcouncil.org/region/africa,,0,E,BRUIT,False,Faible priorité,,porte régionale: aucun ancrage régional,0,0,0,0,0,0,,absent,aucun,aucun,False,page_institutionnelle,,False,True,pertinent
,Atlantic Council,Sécurité & géopolitique (think tanks),Democratic Republic of the Congo,https://www.atlanticcouncil.org/region/democratic-repubic-congo/,,5,E,BRUIT,False,Faible priorité,,porte régionale: aucun ancrage régional,0,5,0,0,0,0,,absent,aucun,aucun,False,page_institutionnelle,,False,True,pertinent
,Atlantic Council,Sécurité & géopolitique (think tanks),East Africa,https://www.atlanticcouncil.org/region/east-africa/,,0,E,BRUIT,False,Faible priorité,,porte régionale: aucun ancrage régional,0,0,0,0,0,0,,absent,aucun,aucun,False,page_institutionnelle,,False,True,pertinent
,Atlantic Council,Sécurité & géopolitique (think tanks),North & West Africa,https://www.atlanticcouncil.org/region/north-and-west-africa/,,0,E,BRUIT,False,Faible priorité,,porte régionale: aucun ancrage régional,0,0,0,0,0,0,,absent,aucun,aucun,False,page_institutionnelle,,False,True,pertinent
,Atlantic Council,Sécurité & géopolitique (think tanks),South & Central Africa,https://www.atlanticcouncil.org/region/south-central-africa/,,0,E,BRUIT,False,Faible priorité,,porte régionale: aucun ancrage régional,0,0,0,0,0,0,,absent,aucun,aucun,False,page_institutionnelle,,False,True,pertinent
,Atlantic Council,Sécurité & géopolitique (think tanks),South Africa,https://www.atlanticcouncil.org/region/south-africa/,,0,E,BRUIT,False,Faible priorité,,porte régionale: aucun ancrage régional,0,0,0,0,0,0,,absent,aucun,aucun,False,page_institutionnelle,,False,True,pertinent
,Atlantic Council,Sécurité & géopolitique (think tanks),All Americas,https://www.atlanticcouncil.org/region/americas,,0,E,BRUIT,False,Faible priorité,,porte régionale: aucun ancrage régional,0,0,0,0,0,0,,absent,aucun,aucun,False,page_institutionnelle,,False,True,pertinent
,Atlantic Council,Sécurité & géopolitique (think tanks),United States and Canada,https://www.atlanticcouncil.org/region/united-states-canada/,,12,E,BRUIT,False,Géopolitique majeure,united states,porte régionale: aucun ancrage régional,0,0,0,0,5,7,,absent,aucun,aucun,False,page_institutionnelle,,False,True,pertinent
,Atlantic Council,Sécurité & géopolitique (think tanks),Latin America,https://www.atlanticcouncil.org/region/latin-america/,,0,E,BRUIT,False,Faible priorité,,porte régionale: aucun ancrage régional,0,0,0,0,0,0,,absent,aucun,aucun,False,page_institutionnelle,,False,True,pertinent
,Atlantic Council,Sécurité & géopolitique (think tanks),Central America,https://www.atlanticcouncil.org/region/central-america/,,0,E,BRUIT,False,Faible priorité,,porte régionale: aucun ancrage régional,0,0,0,0,0,0,,absent,aucun,aucun,False,page_institutionnelle,,False,True,pertinent
,Atlantic Council,Sécurité & géopolitique (think tanks),Europe & Eurasia,https://www.atlanticcouncil.org/region/europe-eurasia,,0,E,BRUIT,False,Faible priorité,,porte régionale: aucun ancrage régional,0,0,0,0,0,0,,absent,aucun,aucun,False,page_institutionnelle,,False,True,pertinent
,Atlantic Council,Sécurité & géopolitique (think tanks),European Union,https://www.atlanticcouncil.org/region/european-union/,,12,E,BRUIT,False,Géopolitique majeure,european union,porte régionale: aucun ancrage régional,0,0,0,0,5,7,,absent,aucun,aucun,False,page_institutionnelle,,False,True,pertinent
,Atlantic Council,Sécurité & géopolitique (think tanks),The Balkans,https://www.atlanticcouncil.org/region/balkans/,,0,E,BRUIT,False,Faible priorité,,porte régionale: aucun ancrage régional,0,0,0,0,0,0,,absent,aucun,aucun,False,page_institutionnelle,,False,True,pertinent
,Atlantic Council,Sécurité & géopolitique (think tanks),The Caucasus,https://www.atlanticcouncil.org/region/the-caucasus/,,12,E,BRUIT,False,Faible priorité,caucasus,Caucase: caucasus; plafond V9: aucun ancrage HR principal,12,0,0,0,0,0,autre,sujet_principal,aucun,aucun,False,page_institutionnelle,,False,True,pertinent
,Atlantic Council,Sécurité & géopolitique (think tanks),Northern Europe,https://www.atlanticcouncil.org/region/northern-europe/,,0,E,BRUIT,False,Faible priorité,,porte régionale: aucun ancrage régional,0,0,0,0,0,0,,absent,aucun,aucun,False,page_institutionnelle,,False,True,pertinent
,Atlantic Council,Sécurité & géopolitique (think tanks),United Kingdom,https://www.atlanticcouncil.org/region/united-kingdom/,,0,E,BRUIT,False,Faible priorité,,porte régionale: aucun ancrage régional,0,0,0,0,0,0,,absent,aucun,aucun,False,page_institutionnelle,,False,True,pertinent
,Atlantic Council,Sécurité & géopolitique (think tanks),All Indo-Pacific,https://www.atlanticcouncil.org/region/indo-pacific,,0,E,BRUIT,False,Faible priorité,,porte régionale: aucun ancrage régional,0,0,0,0,0,0,,absent,aucun,aucun,False,page_institutionnelle,,False,True,pertinent
,Atlantic Council,Sécurité & géopolitique (think tanks),Middle East,https://www.atlanticcouncil.org/region/middle-east/,,0,E,BRUIT,False,Faible priorité,,porte régionale: aucun ancrage régional,0,0,0,0,0,0,,absent,aucun,aucun,False,page_institutionnelle,,False,True,pertinent
,Atlantic Council,Sécurité & géopolitique (think tanks),The Gulf,https://www.atlanticcouncil.org/region/the-gulf/,,0,E,BRUIT,False,Faible priorité,,porte régionale: aucun ancrage régional,0,0,0,0,0,0,,absent,aucun,aucun,False,page_institutionnelle,,False,True,pertinent
,Atlantic Council,Sécurité & géopolitique (think tanks),North Africa,https://www.atlanticcouncil.org/region/north-africa/,,0,E,BRUIT,False,Faible priorité,,porte régionale: aucun ancrage régional,0,0,0,0,0,0,,absent,aucun,aucun,False,page_institutionnelle,,False,True,pertinent
,Atlantic Council,Sécurité & géopolitique (think tanks),Saudi Arabia,https://www.atlanticcouncil.org/region/saudi-arabia/,,0,E,BRUIT,False,Faible priorité,,porte régionale: aucun ancrage régional,0,0,0,0,0,0,,absent,aucun,aucun,False,page_institutionnelle,,False,True,pertinent
,Atlantic Council,Sécurité & géopolitique (think tanks),Adrienne Arsht Latin America Center,https://www.atlanticcouncil.org/programs/adrienne-arsht-latin-america-center/,,0,E,BRUIT,False,Faible priorité,,porte régionale: aucun ancrage régional,0,0,0,0,0,0,,absent,aucun,aucun,False,page_institutionnelle,,False,True,pertinent
,Atlantic Council,Sécurité & géopolitique (think tanks),Africa Center,https://www.atlanticcouncil.org/programs/africa-center/,,0,E,BRUIT,False,Faible priorité,,porte régionale: aucun ancrage régional,0,0,0,0,0,0,,absent,aucun,aucun,False,page_institutionnelle,,False,True,pertinent
,Atlantic Council,Sécurité & géopolitique (think tanks),Atlantic Council Turkey Program,https://www.atlanticcouncil.org/programs/atlantic-council-turkey-program/,,0,E,BRUIT,False,Faible priorité,,porte régionale: aucun ancrage régional,0,0,0,0,0,0,,absent,aucun,aucun,False,page_institutionnelle,,False,True,pertinent
,Atlantic Council,Sécurité & géopolitique (think tanks),Climate Resilience Center,https://www.atlanticcouncil.org/programs/climate-resilience-center/,,0,E,BRUIT,False,Faible priorité,climate,porte régionale: aucun ancrage régional,0,0,0,0,0,0,,absent,aucun,aucun,False,page_institutionnelle,,False,True,pertinent
,Atlantic Council,Sécurité & géopolitique (think tanks),Cyber Statecraft Initiative,https://www.atlanticcouncil.org/programs/cyber-statecraft-initiative/,,0,E,BRUIT,False,Faible priorité,,porte régionale: aucun ancrage régional,0,0,0,0,0,0,,absent,aucun,aucun,False,page_institutionnelle,,False,True,pertinent
,Atlantic Council,Sécurité & géopolitique (think tanks),Digital Forensic Research Lab,https://www.atlanticcouncil.org/programs/digital-forensic-research-lab/,,0,E,BRUIT,False,Faible priorité,,porte régionale: aucun ancrage régional,0,0,0,0,0,0,,absent,aucun,aucun,False,page_institutionnelle,,False,True,pertinent
,Atlantic Council,Sécurité & géopolitique (think tanks),Eurasia Center,https://www.atlanticcouncil.org/programs/eurasia-center/,,0,E,BRUIT,False,Faible priorité,,porte régionale: aucun ancrage régional,0,0,0,0,0,0,,absent,aucun,aucun,False,page_institutionnelle,,False,True,pertinent
,Atlantic Council,Sécurité & géopolitique (think tanks),Europe Center,https://www.atlanticcouncil.org/programs/europe-center/,,0,E,BRUIT,False,Faible priorité,,porte régionale: aucun ancrage régional,0,0,0,0,0,0,,absent,aucun,aucun,False,page_institutionnelle,,False,True,pertinent
,Atlantic Council,Sécurité & géopolitique (think tanks),Freedom and Prosperity Center,https://www.atlanticcouncil.org/programs/freedom-and-prosperity-center/,,0,E,BRUIT,False,Faible priorité,,porte régionale: aucun ancrage régional,0,0,0,0,0,0,,absent,aucun,aucun,False,page_institutionnelle,,False,True,pertinent
,Atlantic Council,Sécurité & géopolitique (think tanks),GeoEconomics Center,https://www.atlanticcouncil.org/programs/geoeconomics-center/,,0,E,BRUIT,False,Faible priorité,,porte régionale: aucun ancrage régional,0,0,0,0,0,0,,absent,aucun,aucun,False,page_institutionnelle,,False,True,pertinent
,Atlantic Council,Sécurité & géopolitique (think tanks),GeoTech Center,https://www.atlanticcouncil.org/programs/geotech-center/,,0,E,BRUIT,False,Faible priorité,,porte régionale: aucun ancrage régional,0,0,0,0,0,0,,absent,aucun,aucun,False,page_institutionnelle,,False,True,pertinent
,Atlantic Council,Sécurité & géopolitique (think tanks),Global China Hub,https://www.atlanticcouncil.org/programs/global-china-hub/,,12,E,BRUIT,False,Géopolitique majeure,china,porte régionale: aucun ancrage régional,0,0,0,0,5,7,,absent,aucun,aucun,False,page_institutionnelle,,False,True,pertinent
,Atlantic Council,Sécurité & géopolitique (think tanks),Global Energy Center,https://www.atlanticcouncil.org/programs/global-energy-center/,,0,E,BRUIT,False,Faible priorité,,porte régionale: aucun ancrage régional,0,0,0,0,0,0,,absent,aucun,aucun,False,page_institutionnelle,,False,True,pertinent
,Atlantic Council,Sécurité & géopolitique (think tanks),Millennium Leadership Program,https://www.atlanticcouncil.org/programs/millennium-leadership-program/,,0,E,BRUIT,False,Faible priorité,,porte régionale: aucun ancrage régional,0,0,0,0,0,0,,absent,aucun,aucun,False,page_institutionnelle,,False,True,pertinent
,Atlantic Council,Sécurité & géopolitique (think tanks),Rafik Hariri Center & Middle East programs,https://www.atlanticcouncil.org/programs/middle-east-programs/,,0,E,BRUIT,False,Faible priorité,,porte régionale: aucun ancrage régional,0,0,0,0,0,0,,absent,aucun,aucun,False,page_institutionnelle,,False,True,pertinent
,Atlantic Council,Sécurité & géopolitique (think tanks),Scowcroft Center for Strategy and Security,https://www.atlanticcouncil.org/programs/scowcroft-center-for-strategy-and-security/,,0,E,BRUIT,False,Faible priorité,,porte régionale: aucun ancrage régional,0,0,0,0,0,0,,absent,aucun,aucun,False,page_institutionnelle,,False,True,pertinent
,Atlantic Council,Sécurité & géopolitique (think tanks),"The state of terrorism, 25 years after 9/11",https://www.atlanticcouncil.org/dispatches/the-state-of-terrorism-25-years-after-9-11/,,12,E,BRUIT,False,Géopolitique majeure,terrorism,porte régionale: aucun ancrage régional,0,0,0,0,5,7,,absent,aucun,aucun,False,page_institutionnelle,,False,True,pertinent
,Atlantic Council,Sécurité & géopolitique (think tanks),"Economics The IMF’s boost to China’s currency is costing the world, ten years later Economics",https://www.atlanticcouncil.org/blogs/econographics/the-imfs-boost-to-chinas-currency-is-costing-the-world-ten-years-later/,,12,E,BRUIT,False,Géopolitique majeure,china,porte régionale: aucun ancrage régional,0,0,0,0,5,7,,absent,aucun,aucun,False,page_institutionnelle,,False,True,pertinent
,Atlantic Council,Sécurité & géopolitique (think tanks),Resilience The most valuable legacy that the 9/11 generation can leave behind Resilience,https://www.atlanticcouncil.org/dispatches/the-most-valuable-legacy-that-the-9-11-generation-can-leave-behind/,,0,E,BRUIT,False,Faible priorité,,porte régionale: aucun ancrage régional,0,0,0,0,0,0,,absent,aucun,aucun,False,page_institutionnelle,,False,True,pertinent
,Atlantic Council,Sécurité & géopolitique (think tanks),"The Atlantic imperative The Council launched in 1961, just as the Cold War threatened to turn hot.",https://www.atlanticcouncil.org/content-series/the-atlantic-council-at-60/the-atlantic-imperative/,,14,E,BRUIT,False,Géopolitique majeure,threatened; war; cold war,porte régionale: aucun ancrage régional,0,0,2,0,5,7,,absent,aucun,pression_administrative,False,page_institutionnelle,,False,True,pertinent
,Atlantic Council,Sécurité & géopolitique (think tanks),Dispatches Experts react: Will Trump’s Operation Economic Outcast isolate Iran? by Atlantic Council experts Our experts weigh in on the US Treasury’s newest measures intended “to sever every remaining economic lifeline sustaining” the Iranian regime.,https://www.atlanticcouncil.org/dispatches/experts-react-will-trumps-operation-economic-outcast-isolate-iran/,,12,E,BRUIT,False,Géopolitique majeure,iran,porte régionale: aucun ancrage régional,0,0,0,0,5,7,iran,sujet_principal,aucun,aucun,False,page_institutionnelle,,False,True,pertinent
,Atlantic Council,Sécurité & géopolitique (think tanks),"The Big Story A misguided war, a flawed deal, and a dangerous future. Here’s what to do next on Iran. by William F. Wechsler Trump should embrace a new negotiating approach, a new emphasis on regional security and deterrence, and a new commitment to preparing for the future.",https://www.atlanticcouncil.org/content-series/the-big-story/a-misguided-war-a-flawed-deal-and-a-dangerous-future-heres-what-to-do-next-on-iran/,,12,E,BRUIT,False,Géopolitique majeure,war; iran,porte régionale: aucun ancrage régional,0,0,0,0,5,7,iran,sujet_principal,aucun,aucun,False,page_institutionnelle,,False,True,pertinent
,Atlantic Council,Sécurité & géopolitique (think tanks),Register to watch,https://www.atlanticcouncil.org/event/2026-atlantic-council-global-citizen-awards/,,0,E,BRUIT,False,Faible priorité,,porte régionale: aucun ancrage régional,0,0,0,0,0,0,,absent,aucun,aucun,False,page_institutionnelle,,False,True,pertinent
,Atlantic Council,Sécurité & géopolitique (think tanks),Trump Tariff Tracker,https://www.atlanticcouncil.org/programs/geoeconomics-center/trump-tariff-tracker/,,0,E,BRUIT,False,Faible priorité,,porte régionale: aucun ancrage régional,0,0,0,0,0,0,,absent,aucun,aucun,False,page_institutionnelle,,False,True,pertinent
,Atlantic Council,Sécurité & géopolitique (think tanks),2025/2026 Annual Report,https://www.atlanticcouncil.org/in-depth-research-reports/report/2025-annual-report/,,0,E,BRUIT,False,Faible priorité,,porte régionale: aucun ancrage régional,0,0,0,0,0,0,,absent,aucun,aucun,False,page_institutionnelle,,False,True,pertinent
,Atlantic Council,Sécurité & géopolitique (think tanks),"Latin America The future of Venezuela Following the US capture of Nicolás Maduro, Atlantic Council experts are analyzing the next steps for Venezuela and the global ramifications. Read More",https://www.atlanticcouncil.org/region/venezuela/,,0,E,BRUIT,False,Faible priorité,,porte régionale: aucun ancrage régional,0,0,0,0,0,0,,absent,aucun,aucun,False,page_institutionnelle,,False,True,pertinent
,Atlantic Council,Sécurité & géopolitique (think tanks),"Issue Brief Updating the Democratic Transition Framework to chart a way forward in Venezuela by Geoff Ramsey To seize the opportunity for a democratic transition in Venezuela in the wake of Nicolás Maduro’s January capture, the United States should update a power-sharing framework proposed in 2020 to serve as a road map for the restoration of Venezuela’s democratic institutions.",https://www.atlanticcouncil.org/in-depth-research-reports/issue-brief/democratic-transition-framework-chart-forward-venezuela/,,12,E,BRUIT,False,Géopolitique majeure,united states,porte régionale: aucun ancrage régional,0,0,0,0,5,7,,absent,aucun,aucun,False,page_institutionnelle,,False,True,pertinent
,Atlantic Council,Sécurité & géopolitique (think tanks),"Dispatches Venezuela’s earthquakes have deepened this century’s biggest economic crisis by Henry Shuldiner , Ignacio Albe Given the historic deterioration of Venezuela’s economy, post-earthquake recovery will be especially costly, complex, and urgent.",https://www.atlanticcouncil.org/dispatches/venezuelas-earthquakes-have-deepened-this-centurys-biggest-economic-crisis/,,0,E,BRUIT,False,Faible priorité,,porte régionale: aucun ancrage régional,0,0,0,0,0,0,,absent,aucun,aucun,False,page_institutionnelle,,False,True,pertinent
,Atlantic Council,Sécurité & géopolitique (think tanks),"Dispatches What it feels like under a Russian missile attack, and what the US can do about it by Clara Kaluderovic An Atlantic Council fellow shares her first-hand account of being under attack in Kyiv as ballistic missiles struck.",https://www.atlanticcouncil.org/dispatches/what-it-feels-like-under-a-russian-missile-attack-and-what-the-us-can-do-about-it/,,0,E,BRUIT,False,Faible priorité,,porte régionale: aucun ancrage régional,0,0,0,0,0,0,,absent,aucun,aucun,False,page_institutionnelle,,False,True,pertinent
,Atlantic Council,Sécurité & géopolitique (think tanks),"UkraineAlert As pressure mounts on Putin, Russia is escalating against Ukraine’s allies by Peter Dickinson With the Russian army struggling to advance in Ukraine and Ukrainian strikes increasing inside Russia, Putin is escalating his gray zone campaign against Kyiv’s European allies in a bid to deprive Ukraine of vital support and rescue his faltering invasion, writes Peter Dickinson.",https://www.atlanticcouncil.org/blogs/ukrainealert/as-pressure-mounts-on-putin-russia-is-escalating-against-ukraines-allies/,,12,E,BRUIT,False,Géopolitique majeure,invasion; russia; ukraine,porte régionale: aucun ancrage régional,0,0,0,0,5,7,russie,sujet_principal,aucun,aucun,False,page_institutionnelle,,False,True,pertinent
,CSIS,Sécurité & géopolitique (think tanks),Critical Minerals Security Program,https://www.csis.org/programs/critical-minerals-security-program,,0,E,BRUIT,False,Faible priorité,,porte régionale: aucun ancrage régional,0,0,0,0,0,0,,absent,aucun,aucun,False,page_institutionnelle,,False,True,pertinent
,CSIS,Sécurité & géopolitique (think tanks),Global Foresight: Geopolitical Risk and Scenario Planning,https://www.csis.org/index%2Ephp/executive-education/courses/global-foresight-geopolitical-risk-and-scenario-planning,,12,E,BRUIT,False,Géopolitique majeure,geopolitical,porte régionale: aucun ancrage régional,0,0,0,0,5,7,,absent,aucun,aucun,False,page_institutionnelle,,False,True,pertinent
,CSIS,Sécurité & géopolitique (think tanks),Adapting to the New Terrorism Landscape 25 Years After 9/11,https://www.csis.org/analysis/adapting-new-terrorism-landscape-25-years-after-911,,12,E,BRUIT,False,Géopolitique majeure,terrorism,porte régionale: aucun ancrage régional,0,0,0,0,5,7,,absent,aucun,aucun,False,page_institutionnelle,,False,True,pertinent
,CSIS,Sécurité & géopolitique (think tanks),Polysilicon and the Merits of Trade Measures as Industrial Policy,https://www.csis.org/index%2Ephp/analysis/polysilicon-and-merits-trade-measures-industrial-policy,,0,E,BRUIT,False,Faible priorité,trade,porte régionale: aucun ancrage régional,0,0,0,0,0,0,,absent,aucun,aucun,False,page_institutionnelle,,False,True,pertinent
,CSIS,Sécurité & géopolitique (think tanks),From Shahed to Geran: How Russia Continues to Reinvent the One-Way Attack Drone,https://www.csis.org/analysis/shahed-geran-how-russia-continues-reinvent-one-way-attack-drone,,12,E,BRUIT,False,Géopolitique majeure,russia,porte régionale: aucun ancrage régional,0,0,0,0,5,7,russie,sujet_principal,aucun,aucun,False,page_institutionnelle,,False,True,pertinent
,CSIS,Sécurité & géopolitique (think tanks),Where’s the Beef This Time?,https://www.csis.org/analysis/wheres-beef-time,,0,E,BRUIT,False,Faible priorité,,porte régionale: aucun ancrage régional,0,0,0,0,0,0,,absent,aucun,aucun,False,page_institutionnelle,,False,True,pertinent
,CSIS,Sécurité & géopolitique (think tanks),Blurred Orbits: Inside China’s Commercial Space Expansion,https://www.csis.org/index%2ephp/analysis/blurred-orbits-inside-chinas-commercial-space-expansion,,12,E,BRUIT,False,Géopolitique majeure,china,porte régionale: aucun ancrage régional,0,0,0,0,5,7,,absent,aucun,aucun,False,page_institutionnelle,,False,True,pertinent
,CSIS,Sécurité & géopolitique (think tanks),Rare Earth Export Restrictions One Year Later,https://www.csis.org/index%2ephp/analysis/rare-earth-export-restrictions-one-year-later,,0,E,BRUIT,False,Faible priorité,,porte régionale: aucun ancrage régional,0,0,0,0,0,0,,absent,aucun,aucun,False,page_institutionnelle,,False,True,pertinent
,Stimson Center,Sécurité & géopolitique (think tanks),Tactical Nukes Are a Gateway Drug to Armageddon,https://www.bloomberg.com/opinion/articles/2026-09-02/tactical-nukes-are-a-gateway-drug-to-armageddon,,0,E,BRUIT,False,Faible priorité,,porte régionale: aucun ancrage régional,0,0,0,0,0,0,,absent,aucun,aucun,False,page_institutionnelle,,False,True,pertinent
,Caspian Policy Center,Sécurité & géopolitique (think tanks),uzbekistan Grid Limitations and Blackouts: Why does Central Asia Keep Losing Power? The region’s latest major blackout on August 14 knocked out power across four of the five Central Asian states,https://www.caspianpolicy.org/research/uzbekistan/grid-limitations-and-blackouts-why-does-central-asia-keep-losing-power,,12,E,BRUIT,False,Faible priorité,central asia; central asian; uzbekistan,"Asie centrale: central asia, central asian, uzbekistan; plafond V9: aucun ancrage HR principal",12,0,0,0,0,0,"autre, ouzbekistan",sujet_principal,aucun,aucun,False,page_institutionnelle,,False,True,pertinent
,Institute for European Politics,Sécurité & géopolitique (think tanks),"Julian Plottka spricht mit der DW über die Rolle des deutschen Bundespräsidenten 21.06.2026 Snippet Presse www.dw.com Zum Besuch des deutschen Bundespräsidenten in Usbekistan wurde Julian Plottka von der Deutschen Welle interviewt und sprach über die vorwiegend repräsentative Funktion des Bundespräsidenten, über die Gestaltung der deutschen Außenpolitik und die Zentralasien-Politik Deutschlands.",https://www.dw.com/ru/kurs-na-sblizenie-zacem-prezident-frg-stajnmajer-priezzal-v-taskent/a-77629753,,0,E,BRUIT,False,Faible priorité,,porte régionale: aucun ancrage régional,0,0,0,0,0,0,,absent,aucun,aucun,False,page_institutionnelle,,False,True,pertinent
,TASS,Médias officiels (contrepoint),Vladimir Putin's visit to India Putin to wrap up three-day India visit with BRICS outreach summit,https://tass.com/politics/2186869,,0,E,BRUIT,False,Économie / géopolitique ordinaire,visit; summit,géopolitique / économie ordinaire; porte régionale: aucun ancrage régional,0,0,0,0,0,2,,absent,aucun,aucun,False,page_institutionnelle,,False,True,pertinent
,TASS,Médias officiels (contrepoint),Over 60 UAVs destroyed while repelling attack on Russia’s Rostov Region,https://tass.com/emergencies/2186881,,12,E,BRUIT,False,Géopolitique majeure,russia,porte régionale: aucun ancrage régional,0,0,0,0,5,7,russie,sujet_principal,aucun,aucun,False,page_institutionnelle,,False,True,pertinent
,TASS,Médias officiels (contrepoint),More than 30 missing after ferry sinks north of Vanuatu,https://tass.com/emergencies/2186871,,0,E,BRUIT,False,Faible priorité,,porte régionale: aucun ancrage régional,0,0,0,0,0,0,,absent,aucun,aucun,False,page_institutionnelle,,False,True,pertinent
,TASS,Médias officiels (contrepoint),"Military operation in Ukraine Three DPR civilians killed, 13 wounded in Ukraine’s attacks on DPR in past day",https://tass.com/emergencies/2186827,,12,E,BRUIT,False,Géopolitique majeure,military operation; ukraine,porte régionale: aucun ancrage régional,0,0,0,0,5,7,,absent,citoyen_ordinaire,aucun,False,page_institutionnelle,,False,True,pertinent
,TASS,Médias officiels (contrepoint),BRICS Bank contributes to development of organization — Putin,https://tass.com/politics/2186485,,0,E,BRUIT,False,Faible priorité,development,porte régionale: aucun ancrage régional,0,0,0,0,0,0,,absent,aucun,aucun,False,page_institutionnelle,,False,True,pertinent
,TASS,Médias officiels (contrepoint),"Kushner understands Russia's position, conveyed its peace plan to Kiev — Dmitriev",https://tass.com/politics/2186861,,12,E,BRUIT,False,Géopolitique majeure,russia,porte régionale: aucun ancrage régional,0,0,0,0,5,7,russie,sujet_principal,aucun,aucun,False,page_institutionnelle,,False,True,pertinent
,TASS,Médias officiels (contrepoint),"Ukraine crisis US believes Russia, Ukraine want to find way to settle conflict — Kushner",https://tass.com/world/2186851,,12,E,BRUIT,False,Géopolitique majeure,conflict; russia; ukraine,porte régionale: aucun ancrage régional,0,0,0,0,5,7,russie,sujet_principal,aucun,aucun,False,page_institutionnelle,,False,True,pertinent
,TASS,Médias officiels (contrepoint),Higher gas prices in Europe are price of globalist ideology — Dmitriev,https://tass.com/politics/2186843,,0,E,BRUIT,False,Faible priorité,,porte régionale: aucun ancrage régional,0,0,0,0,0,0,,absent,aucun,aucun,False,page_institutionnelle,,False,True,pertinent
,TASS,Médias officiels (contrepoint),Strait of Hormuz developments Iran hands over to US list of conditions for reopening Strait of Hormuz — agency,https://tass.com/world/2186797,,12,E,BRUIT,False,Géopolitique majeure,iran,porte régionale: aucun ancrage régional,0,0,0,0,5,7,iran,sujet_principal,aucun,aucun,False,page_institutionnelle,,False,True,pertinent
,TASS,Médias officiels (contrepoint),Press review: Ukraine seeks donors outside EU as Europe faces prolonged fuel price surge,https://tass.com/pressreview/2185901,,12,E,BRUIT,False,Géopolitique majeure,ukraine,porte régionale: aucun ancrage régional,0,0,0,0,5,7,,absent,aucun,aucun,False,page_institutionnelle,,False,True,pertinent
,TASS,Médias officiels (contrepoint),"Military operation in Ukraine Zelensky travels, while Russian leadership has domestic matters to attend to — Lavrov",https://tass.com/politics/2186763,,12,E,BRUIT,False,Géopolitique majeure,military operation; ukraine,porte régionale: aucun ancrage régional,0,0,0,0,5,7,,absent,aucun,aucun,False,page_institutionnelle,,False,True,pertinent
,TASS,Médias officiels (contrepoint),BRICS nations reiterate commitment to reforming global governance — declaration,https://tass.com/world/2186673,,0,E,BRUIT,False,Faible priorité,,porte régionale: aucun ancrage régional,0,0,0,0,0,0,,absent,aucun,aucun,False,page_institutionnelle,,False,True,pertinent
,TASS,Médias officiels (contrepoint),US president expects war with Iran to end ‘very soon’,https://tass.com/world/2186603,,7,E,BRUIT,False,Politique intérieure,president; war; iran,porte régionale: aucun ancrage régional,0,0,0,0,5,7,iran,sujet_principal,aucun,aucun,False,page_institutionnelle,,False,True,pertinent
,TASS,Médias officiels (contrepoint),Many BRICS nations understand mistakes of current European authorities — Kremlin,https://tass.com/politics/2186601,,0,E,BRUIT,False,Politique intérieure,authorities,porte régionale: aucun ancrage régional,0,0,0,0,2,0,,absent,aucun,aucun,False,page_institutionnelle,,False,True,pertinent
,TASS,Médias officiels (contrepoint),China to host 19th BRICS summit in 2027 — Xi Jinping,https://tass.com/world/2186591,,2,E,BRUIT,False,Géopolitique majeure,china; summit,géopolitique / économie ordinaire; porte régionale: aucun ancrage régional,0,0,0,0,5,7,,absent,aucun,aucun,False,page_institutionnelle,,False,True,pertinent
,TASS,Médias officiels (contrepoint),BRICS nations agree on final declaration of 18th summit — NDTV,https://tass.com/world/2186545,,0,E,BRUIT,False,Économie / géopolitique ordinaire,summit,géopolitique / économie ordinaire; porte régionale: aucun ancrage régional,0,0,0,0,0,2,,absent,aucun,aucun,False,page_institutionnelle,,False,True,pertinent
,TASS,Médias officiels (contrepoint),Ships passing through Bab el-Mandeb Strait as normal — Houthi official,https://tass.com/world/2186543,,0,E,BRUIT,False,Faible priorité,,porte régionale: aucun ancrage régional,0,0,0,0,0,0,,absent,aucun,aucun,False,page_institutionnelle,,False,True,pertinent
,TASS,Médias officiels (contrepoint),"Vladimir Putin's visit to India Dynamic domestic markets, rapid urbanization drive BRICS success — Putin",https://tass.com/politics/2186195,,0,E,BRUIT,False,Économie / géopolitique ordinaire,visit,géopolitique / économie ordinaire; porte régionale: aucun ancrage régional,0,0,0,0,0,2,,absent,aucun,aucun,False,page_institutionnelle,,False,True,pertinent
,TASS,Médias officiels (contrepoint),Belarusian leader confirms his readiness to discuss various areas of cooperation with US,https://tass.com/world/2186201,,0,E,BRUIT,False,Faible priorité,,porte régionale: aucun ancrage régional,0,0,0,0,0,0,,absent,aucun,aucun,False,page_institutionnelle,,False,True,pertinent
,TASS,Médias officiels (contrepoint),Official launch of 5G communication in Russia: what is known,https://tass.com/economy/2186199,,12,E,BRUIT,False,Géopolitique majeure,russia,porte régionale: aucun ancrage régional,0,0,0,0,5,7,russie,sujet_principal,aucun,aucun,False,page_institutionnelle,,False,True,pertinent
,TASS,Médias officiels (contrepoint),FACTBOX: BRICS association profile,https://tass.com/world/2186149,,0,E,BRUIT,False,Faible priorité,,porte régionale: aucun ancrage régional,0,0,0,0,0,0,,absent,aucun,aucun,False,page_institutionnelle,,False,True,pertinent
,Izvestia,Médias officiels (contrepoint),Важное В Кремле сообщили об ожидании трехсторонней встречи по Украине,https://iz.ru/2166219/2026-09-13/v-kremle-soobshchili-ob-ozhidanii-trekhstoronnei-vstrechi-v-obozrimoi-perspektive,,0,E,BRUIT,False,Faible priorité,,porte régionale: aucun ancrage régional,0,0,0,0,0,0,,absent,aucun,aucun,False,page_institutionnelle,,False,True,pertinent
,Izvestia,Médias officiels (contrepoint),Два человека погибли и шесть пострадали при атаке БПЛА на Нижнекамск,https://iz.ru/2166216/2026-09-13/dva-cheloveka-pogibli-i-shest-postradali-pri-atake-bpla-na-nizhnekamsk,,0,E,BRUIT,False,Faible priorité,,porte régionale: aucun ancrage régional,0,0,0,0,0,0,,absent,aucun,aucun,False,page_institutionnelle,,False,True,pertinent
,Izvestia,Médias officiels (contrepoint),Что произошло за ночь 13 сентября. Главное,https://iz.ru/2166198/chto-proizoshlo-za-noch-13-sentiabria-glavnoe-izi,,0,E,BRUIT,False,Faible priorité,,porte régionale: aucun ancrage régional,0,0,0,0,0,0,,absent,aucun,aucun,False,page_institutionnelle,,False,True,pertinent
,Izvestia,Médias officiels (contrepoint),Один человек погиб и более 30 пропали без вести при крушении парома у Вануату,https://iz.ru/2166197/odin-chelovek-pogib-i-bolee-30-propali-bez-vesti-pri-krushenii-paroma-u-vanuatu-izi,,0,E,BRUIT,False,Faible priorité,,porte régionale: aucun ancrage régional,0,0,0,0,0,0,,absent,aucun,aucun,False,page_institutionnelle,,False,True,pertinent
,Izvestia,Médias officiels (contrepoint),Адвокат сообщила о возможном лишении сына доцента Каменевой наследства,https://iz.ru/2166207/2026-09-13/advokat-soobshchila-o-vozmozhnom-lishenii-syna-dotcenta-kamenevoi-nasledstva,,0,E,BRUIT,False,Faible priorité,,porte régionale: aucun ancrage régional,0,0,0,0,0,0,,absent,avocat,aucun,False,page_institutionnelle,,False,True,pertinent
,Izvestia,Médias officiels (contrepoint),На Украине 45 депутатов IX созыва Верховной рады обвинили в коррупции 09:01,https://iz.ru/2166222/na-ukraine-45-deputatov-ix-sozyva-verkhovnoi-rady-obvinili-v-korruptcii-izi?main_click=,,0,E,BRUIT,False,Faible priorité,,porte régionale: aucun ancrage régional,0,0,0,0,0,0,,absent,aucun,aucun,False,page_institutionnelle,,False,True,pertinent
,Izvestia,Médias officiels (contrepoint),Нарколог объяснила причину набора веса из-за употребления алкоголя 08:58,https://iz.ru/2166193/narkolog-nazvala-skrytuiu-prichinu-nabora-vesa-iz-za-alkogolia-izi?main_click=,,0,E,BRUIT,False,Faible priorité,,porte régionale: aucun ancrage régional,0,0,0,0,0,0,,absent,aucun,aucun,False,page_institutionnelle,,False,True,pertinent
,Izvestia,Médias officiels (contrepoint),ВС РФ поразили связанные с грузоперевозками из Европы объекты ж/д на Украине 08:56,https://iz.ru/2166230/2026-09-13/vs-rf-porazili-sviazannye-s-gruzoperevozkami-iz-evropy-obekty-zhd-na-ukraine?main_click=,,0,E,BRUIT,False,Faible priorité,,porte régionale: aucun ancrage régional,0,0,0,0,0,0,,absent,aucun,aucun,False,page_institutionnelle,,False,True,pertinent
,Izvestia,Médias officiels (contrepoint),ВС РФ поразили логистические центры поставок военных грузов на Украине 08:52,https://iz.ru/2166228/2026-09-13/vs-rf-porazili-logisticheskie-tcentry-postavok-voennykh-gruzov-na-ukraine?main_click=,,0,E,BRUIT,False,Faible priorité,,porte régionale: aucun ancrage régional,0,0,0,0,0,0,,absent,aucun,aucun,False,page_institutionnelle,,False,True,pertinent
,Izvestia,Médias officiels (contrepoint),В России впервые введут ГОСТ на автомобильные карбюраторы 08:44,https://iz.ru/2166201/v-rossii-vpervye-vvedut-gost-na-avtomobilnye-karbiuratory-izi?main_click=,,0,E,BRUIT,False,Faible priorité,,porte régionale: aucun ancrage régional,0,0,0,0,0,0,,absent,aucun,aucun,False,page_institutionnelle,,False,True,pertinent
,Izvestia,Médias officiels (contrepoint),Путин прибыл на саммит БРИКС+ в Нью-Дели 08:36,https://iz.ru/2166226/2026-09-13/putin-pribyl-na-sammit-briks-v-niu-deli?main_click=,,0,E,BRUIT,False,Faible priorité,,porte régionale: aucun ancrage régional,0,0,0,0,0,0,,absent,aucun,aucun,False,page_institutionnelle,,False,True,pertinent
,Izvestia,Médias officiels (contrepoint),Эндокринолог назвала три привычки для снижения риска диабета у детей 08:30,https://iz.ru/2165129/2026-09-13/endokrinolog-nazvala-tri-privychki-dlia-snizheniia-riska-diabeta-u-detei?main_click=,,0,E,BRUIT,False,Faible priorité,,porte régionale: aucun ancrage régional,0,0,0,0,0,0,,absent,aucun,aucun,False,page_institutionnelle,,False,True,pertinent
,Izvestia,Médias officiels (contrepoint),В подполье рассказали о передаче украинцами ВС России данных об объектах ВПК 08:29,https://iz.ru/2166209/v-podpole-rasskazali-o-peredache-vs-rossii-dannykh-ob-obektakh-vpk-izi?main_click=,,0,E,BRUIT,False,Faible priorité,,porte régionale: aucun ancrage régional,0,0,0,0,0,0,,absent,aucun,aucun,False,page_institutionnelle,,False,True,pertinent
,Izvestia,Médias officiels (contrepoint),Ушаков заявил о лучшем понимании США позиции РФ после диалога с Путиным 08:25,https://iz.ru/2166225/2026-09-13/ushakov-zaiavil-o-luchshem-ponimanii-ssha-pozitcii-rf-posle-dialoga-s-putinym?main_click=,,12,E,BRUIT,False,Géopolitique majeure,сша,porte régionale: aucun ancrage régional,0,0,0,0,5,7,,absent,aucun,aucun,False,page_institutionnelle,,False,True,pertinent
,Izvestia,Médias officiels (contrepoint),Наследный принц ОАЭ подтвердил Путину готовность принять переговоры по Украине 08:23,https://iz.ru/2166224/2026-09-13/naslednyi-printc-oae-podtverdil-putinu-gotovnost-priniat-peregovory-po-ukraine?main_click=,,0,E,BRUIT,False,Faible priorité,,porte régionale: aucun ancrage régional,0,0,0,0,0,0,,absent,aucun,aucun,False,page_institutionnelle,,False,True,pertinent
,Izvestia,Médias officiels (contrepoint),ВСУ не смогли прорвать окружение в Харьковской области 08:22,https://iz.ru/2166204/vsu-ne-smogli-prorvat-okruzhenie-v-kharkovskoi-oblasti-izi?main_click=,,0,E,BRUIT,False,Faible priorité,,porte régionale: aucun ancrage régional,0,0,0,0,0,0,,absent,aucun,aucun,False,page_institutionnelle,,False,True,pertinent
,Izvestia,Médias officiels (contrepoint),Психолог рассказала о влиянии шоколада на настроение и работу мозга 08:15,https://iz.ru/2166192/psikholog-rasskazala-o-vliianii-shokolada-na-nastroenie-i-rabotu-mozga-izi?main_click=,,0,E,BRUIT,False,Faible priorité,,porte régionale: aucun ancrage régional,0,0,0,0,0,0,,absent,aucun,aucun,False,page_institutionnelle,,False,True,pertinent
,Izvestia,Médias officiels (contrepoint),Песков сообщил о мерах по безопасности Калининградской области на фоне угроз НАТО 08:10,https://iz.ru/2166220/peskov-rasskazal-o-merakh-rf-radi-bezopasnosti-kaliningradskoi-oblasti?main_click=,,2,E,BRUIT,False,Faible priorité,угроз,porte régionale: aucun ancrage régional,0,0,2,0,0,0,,absent,aucun,pression_administrative,False,page_institutionnelle,,False,True,pertinent
,Izvestia,Médias officiels (contrepoint),Более 60 дронов уничтожено над Ростовской областью за ночь 08:05,https://iz.ru/2166215/2026-09-13/bolee-60-dronov-unichtozheno-nad-rostovskoi-oblastiu-za-noch?main_click=,,0,E,BRUIT,False,Faible priorité,,porte régionale: aucun ancrage régional,0,0,0,0,0,0,,absent,aucun,aucun,False,page_institutionnelle,,False,True,pertinent
,Izvestia,Médias officiels (contrepoint),В Кремле сообщили об ожидании трехсторонней встречи в обозримой перспективе 08:00,https://iz.ru/2166219/2026-09-13/v-kremle-soobshchili-ob-ozhidanii-trekhstoronnei-vstrechi-v-obozrimoi-perspektive?main_click=,,0,E,BRUIT,False,Faible priorité,,porte régionale: aucun ancrage régional,0,0,0,0,0,0,,absent,aucun,aucun,False,page_institutionnelle,,False,True,pertinent
,Izvestia,Médias officiels (contrepoint),Трихолог назвала причины зуда кожи головы без перхоти 08:00,https://iz.ru/2164491/2026-09-13/trikholog-nazvala-prichiny-zuda-kozhi-golovy-bez-perkhoti?main_click=,,0,E,BRUIT,False,Faible priorité,,porte régionale: aucun ancrage régional,0,0,0,0,0,0,,absent,aucun,aucun,False,page_institutionnelle,,False,True,pertinent
,Izvestia,Médias officiels (contrepoint),Два человека погибли и шесть пострадали при атаке БПЛА на Нижнекамск 07:50,https://iz.ru/2166216/2026-09-13/dva-cheloveka-pogibli-i-shest-postradali-pri-atake-bpla-na-nizhnekamsk?main_click=,,0,E,BRUIT,False,Faible priorité,,porte régionale: aucun ancrage régional,0,0,0,0,0,0,,absent,aucun,aucun,False,page_institutionnelle,,False,True,pertinent
,Izvestia,Médias officiels (contrepoint),В Новосибирской области в результате ДТП с 15-летним водителем погиб подросток 07:41,https://iz.ru/2166208/2026-09-13/v-novosibirskoi-oblasti-v-rezultate-dtp-s-15-letnim-voditelem-pogib-podrostok?main_click=,,0,E,BRUIT,False,Faible priorité,,porte régionale: aucun ancrage régional,0,0,0,0,0,0,,absent,aucun,aucun,False,page_institutionnelle,,False,True,pertinent
,Izvestia,Médias officiels (contrepoint),Песков разъяснил слова Путина о возможном вводе западных войск на Украину 07:41,https://iz.ru/2166212/2026-09-13/peskov-raziasnil-slova-putina-o-vozmozhnom-vvode-zapadnykh-voisk-na-ukrainu?main_click=,,0,E,BRUIT,False,Faible priorité,,porte régionale: aucun ancrage régional,0,0,0,0,0,0,,absent,aucun,aucun,False,page_institutionnelle,,False,True,pertinent
,Izvestia,Médias officiels (contrepoint),Эксперт заявил о нехватке лекарств у окруженных боевиков ВСУ в Волчанском котле 07:31,https://iz.ru/2166206/ekspert-zaiavil-o-nekhvatke-lekarstv-u-okruzhennykh-boevikov-vsu-v-volchanskom-kotle-izi?main_click=,,0,E,BRUIT,False,Faible priorité,,porte régionale: aucun ancrage régional,0,0,0,0,0,0,,absent,aucun,aucun,False,page_institutionnelle,,False,True,pertinent
,Izvestia,Médias officiels (contrepoint),Россиянам дали советы по выбору сладкой и полезной тыквы 07:30,https://iz.ru/2164679/2026-09-13/rossiianam-dali-sovety-po-vyboru-sladkoi-i-poleznoi-tykvy?main_click=,,0,E,BRUIT,False,Faible priorité,,porte régionale: aucun ancrage régional,0,0,0,0,0,0,,absent,aucun,aucun,False,page_institutionnelle,,False,True,pertinent
,Izvestia,Médias officiels (contrepoint),Адвокат сообщила о возможном лишении сына доцента Каменевой наследства 07:29,https://iz.ru/2166207/2026-09-13/advokat-soobshchila-o-vozmozhnom-lishenii-syna-dotcenta-kamenevoi-nasledstva?main_click=,,0,E,BRUIT,False,Faible priorité,,porte régionale: aucun ancrage régional,0,0,0,0,0,0,,absent,avocat,aucun,False,page_institutionnelle,,False,True,pertinent
,Izvestia,Médias officiels (contrepoint),Что произошло за ночь 13 сентября. Главное 07:25,https://iz.ru/2166198/chto-proizoshlo-za-noch-13-sentiabria-glavnoe-izi?main_click=,,0,E,BRUIT,False,Faible priorité,,porte régionale: aucun ancrage régional,0,0,0,0,0,0,,absent,aucun,aucun,False,page_institutionnelle,,False,True,pertinent
,Izvestia,Médias officiels (contrepoint),Один человек погиб и более 30 пропали без вести при крушении парома у Вануату 07:21,https://iz.ru/2166197/odin-chelovek-pogib-i-bolee-30-propali-bez-vesti-pri-krushenii-paroma-u-vanuatu-izi?main_click=,,0,E,BRUIT,False,Faible priorité,,porte régionale: aucun ancrage régional,0,0,0,0,0,0,,absent,aucun,aucun,False,page_institutionnelle,,False,True,pertinent
,Izvestia,Médias officiels (contrepoint),В Минздраве перечислили симптомы для обращения к кардиологу 07:15,https://iz.ru/2166199/2026-09-13/v-minzdrave-perechislili-simptomy-dlia-obrashcheniia-k-kardiologu?main_click=,,0,E,BRUIT,False,Faible priorité,,porte régionale: aucun ancrage régional,0,0,0,0,0,0,,absent,aucun,aucun,False,page_institutionnelle,,False,True,pertinent
,Izvestia,Médias officiels (contrepoint),Общество Потребление алкоголя в России достигло минимума с 1996 года,https://iz.ru/2166170/potreblenie-alkogolia-v-rossii-dostiglo-minimuma-s-1996-goda,,0,E,BRUIT,False,Faible priorité,,porte régionale: aucun ancrage régional,0,0,0,0,0,0,,absent,aucun,aucun,False,page_institutionnelle,,False,True,pertinent
,Izvestia,Médias officiels (contrepoint),Армия ВС РФ поразили связанные с грузоперевозками из Европы объекты ж/д на Украине,https://iz.ru/2166230/vs-rf-porazili-zadeistvovannye-v-gruzoperevozke-iz-evropy-zhd-obekty-na-ukraine,,0,E,BRUIT,False,Faible priorité,,porte régionale: aucun ancrage régional,0,0,0,0,0,0,,absent,aucun,aucun,False,page_institutionnelle,,False,True,pertinent
,Izvestia,Médias officiels (contrepoint),Мир Дом детства Трампа в Нью-Йорке продали почти за $2 млн,https://iz.ru/2166145/dom-detstva-trampa-v-niu-jorke-prodali-pochti-za-2-mln-izi,,0,E,BRUIT,False,Faible priorité,,porte régionale: aucun ancrage régional,0,0,0,0,0,0,,absent,aucun,aucun,False,page_institutionnelle,,False,True,pertinent
,Izvestia,Médias officiels (contrepoint),Мир Наследный принц ОАЭ подтвердил Путину готовность принять переговоры по Украине,https://iz.ru/2166224/ushakov-zaiavil-o-gotovnosti-oae-dat-ploshchadku-dlia-peregovorov-po-ukraine,,0,E,BRUIT,False,Faible priorité,,porte régionale: aucun ancrage régional,0,0,0,0,0,0,,absent,aucun,aucun,False,page_institutionnelle,,False,True,pertinent
,Izvestia,Médias officiels (contrepoint),Общество Синоптики спрогнозировали облачность и до +19 градусов в Москве 13 сентября,https://iz.ru/2166168/2026-09-13/sinoptiki-sprognozirovali-oblachnost-i-do-19-gradusov-v-moskve-13-sentiabria,,0,E,BRUIT,False,Faible priorité,,porte régionale: aucun ancrage régional,0,0,0,0,0,0,,absent,aucun,aucun,False,page_institutionnelle,,False,True,pertinent
,Izvestia,Médias officiels (contrepoint),"Мир Во Франции раскритиковали выделение Евросоюзом €6,1 млрд Украине",https://iz.ru/2166147/vo-frantcii-raskritikovali-vydelenie-es-eu61-mlrd-ukraine,,0,E,BRUIT,False,Faible priorité,,porte régionale: aucun ancrage régional,0,0,0,0,0,0,,absent,aucun,aucun,False,page_institutionnelle,,False,True,pertinent
,Izvestia,Médias officiels (contrepoint),Спорт Казахстанская теннисистка Рыбакина обыграла Соболенко в финале US Open,https://iz.ru/2166155/kazakhstanskaia-tennisistka-rybakina-obygrala-belorusku-sobolenko-v-finale-us-open,,12,E,BRUIT,False,Faible priorité,казахстан; казах,"Asie centrale: казахстан, казах; plafond V9: aucun ancrage HR principal",12,0,0,0,0,0,kazakhstan,sujet_principal,aucun,aucun,False,page_institutionnelle,,False,True,pertinent
,Izvestia,Médias officiels (contrepoint),Армия Белоусов поздравил военнослужащих с Днем танкиста,https://iz.ru/2166150/belousov-pozdravil-voennosluzhashchikh-s-dnem-tankista-izi,,0,E,BRUIT,False,Faible priorité,,porte régionale: aucun ancrage régional,0,0,0,0,0,0,,absent,aucun,aucun,False,page_institutionnelle,,False,True,pertinent
,Izvestia,Médias officiels (contrepoint),Общество Пропавшая в Архызе группа из шести туристов найдена,https://iz.ru/2166146/propavshaia-v-arkhyze-gruppa-iz-shesti-turistov-naidena,,0,E,BRUIT,False,Faible priorité,,porte régionale: aucun ancrage régional,0,0,0,0,0,0,,absent,aucun,aucun,False,page_institutionnelle,,False,True,pertinent
,Izvestia,Médias officiels (contrepoint),Мир Два человека погибли в результате стрельбы на детской площадке в Нью-Йорке,https://iz.ru/2166142/dva-cheloveka-pogibli-v-rezultate-strelby-na-detskoi-ploshchadke-v-niu-jorke,,0,E,BRUIT,False,Faible priorité,,porte régionale: aucun ancrage régional,0,0,0,0,0,0,,absent,aucun,aucun,False,page_institutionnelle,,False,True,pertinent
,Izvestia,Médias officiels (contrepoint),Мир Зеленский заявил о нужде Украины в 100–120 ракетах Patriot зимой,https://iz.ru/2166137/zelenskii-zaiavil-o-nuzhde-v-100-120-raketakh-patriot-ezhemesiachno-zimoi-izi,,0,E,BRUIT,False,Faible priorité,,porte régionale: aucun ancrage régional,0,0,0,0,0,0,,absent,aucun,aucun,False,page_institutionnelle,,False,True,pertinent
,Izvestia,Médias officiels (contrepoint),Мир В Венгрии прошла акция против антироссийской политики властей,https://iz.ru/2166136/v-vengrii-proshla-aktciia-protiv-antirossiiskoi-politiki-vlastei,,0,E,BRUIT,False,Faible priorité,,porte régionale: aucun ancrage régional,0,0,0,0,0,0,,absent,aucun,aucun,False,page_institutionnelle,,False,True,pertinent
,Izvestia,Médias officiels (contrepoint),Мир Премьер-министр Украины назвал предстоящую зиму испытанием для страны,https://iz.ru/2166134/premer-ministr-ukrainy-zaiavil-o-slozhnosti-budushchei-zimy-na-ukraine,,0,E,BRUIT,False,Politique intérieure,премьер-министр; министр,porte régionale: aucun ancrage régional,0,0,0,0,2,0,,absent,aucun,aucun,False,page_institutionnelle,,False,True,pertinent
,Izvestia,Médias officiels (contrepoint),Мир В Германии сообщили о контактах с РФ почти 40% немецких муниципалитетов,https://iz.ru/2166123/v-germanii-soobshchili-o-kontaktakh-s-rf-pochti-40-nemetckikh-munitcipalitetov-izi,,0,E,BRUIT,False,Faible priorité,,porte régionale: aucun ancrage régional,0,0,0,0,0,0,,absent,aucun,aucun,False,page_institutionnelle,,False,True,pertinent
,Izvestia,Médias officiels (contrepoint),Мир Буданов заявил о подготовке Украины к новому раунду переговоров в октябре,https://iz.ru/2166126/budanov-zaiavil-o-podgotovke-ukrainy-k-novomu-raundu-peregovorov-v-oktiabre,,0,E,BRUIT,False,Faible priorité,,porte régionale: aucun ancrage régional,0,0,0,0,0,0,,absent,aucun,aucun,False,page_institutionnelle,,False,True,pertinent
,Izvestia,Médias officiels (contrepoint),Спорт «Спартак» одержал свою самую крупную победу в истории КХЛ,https://iz.ru/2166095/spartak-oderzhal-svoiu-samuiu-krupnuiu-pobedu-v-istorii-kkhl-izi,,0,E,BRUIT,False,Faible priorité,,porte régionale: aucun ancrage régional,0,0,0,0,0,0,,absent,aucun,aucun,False,page_institutionnelle,,False,True,pertinent
,Izvestia,Médias officiels (contrepoint),Мир Песков сообщил о мерах по безопасности Калининградской области на фоне угроз НАТО,https://iz.ru/2166220/peskov-rasskazal-o-merakh-rf-radi-bezopasnosti-kaliningradskoi-oblasti,,2,E,BRUIT,False,Faible priorité,угроз,porte régionale: aucun ancrage régional,0,0,2,0,0,0,,absent,aucun,pression_administrative,False,page_institutionnelle,,False,True,pertinent
,Izvestia,Médias officiels (contrepoint),Мир Число жертв пожара на пароме у берегов Филиппин выросло до 76,https://iz.ru/2166088/chislo-zhertv-pozhara-na-parome-u-beregov-filippin-vyroslo-do-76-izi,,0,E,BRUIT,False,Faible priorité,,porte régionale: aucun ancrage régional,0,0,0,0,0,0,,absent,aucun,aucun,False,page_institutionnelle,,False,True,pertinent
,Izvestia,Médias officiels (contrepoint),"На Украине сообщили о нехватке средств для финансирования обороны страны 13 сентября 2026, 05:01",https://iz.ru/2166181/2026-09-13/na-ukraine-soobshchili-o-nekhvatke-sredstv-dlia-finansirovaniia-oborony-ukrainy,,0,E,BRUIT,False,Faible priorité,,porte régionale: aucun ancrage régional,0,0,0,0,0,0,,absent,aucun,aucun,False,page_institutionnelle,,False,True,pertinent
,Izvestia,Médias officiels (contrepoint),"Неизвестный снаряд поразил судно в Ормузском проливе 13 сентября 2026, 04:21",https://iz.ru/2166178/2026-09-13/neizvestnyi-snariad-porazil-sudno-v-ormuzskom-prolive,,0,E,BRUIT,False,Faible priorité,,porte régionale: aucun ancrage régional,0,0,0,0,0,0,,absent,aucun,aucun,False,page_institutionnelle,,False,True,pertinent
,Izvestia,Médias officiels (contrepoint),"К дому Харрис в Малибу вызвали полицию после проникновения неизвестной женщины 13 сентября 2026, 03:54",https://iz.ru/2166174/k-domu-kharris-v-malibu-vyzvali-politciiu-posle-proniknoveniia-neizvestnoi-zhenshchiny-izi,,0,E,BRUIT,False,Faible priorité,,porte régionale: aucun ancrage régional,0,0,0,0,0,0,,absent,femme,aucun,False,page_institutionnelle,,False,True,pertinent
,Izvestia,Médias officiels (contrepoint),"Наследный принц Абу-Даби обсудил укрепление отношений ОАЭ и РФ с Путиным 13 сентября 2026, 03:35",https://iz.ru/2166173/2026-09-13/naslednyi-printc-abu-dabi-obsudil-ukreplenie-otnoshenii-oae-i-rf-s-putinym,,0,E,BRUIT,False,Faible priorité,,porte régionale: aucun ancrage régional,0,0,0,0,0,0,,absent,aucun,aucun,False,page_institutionnelle,,False,True,pertinent
,Izvestia,Médias officiels (contrepoint),"Два человека пострадали при падении снаряда в Саудовской Аравии 13 сентября 2026, 03:28",https://iz.ru/2166164/2026-09-13/dva-cheloveka-postradali-pri-padenii-snariada-v-saudovskoi-aravii,,0,E,BRUIT,False,Faible priorité,,porte régionale: aucun ancrage régional,0,0,0,0,0,0,,absent,aucun,aucun,False,page_institutionnelle,,False,True,pertinent
,Izvestia,Médias officiels (contrepoint),"00:33 В Китае открылся завод по производству роботов 12 сентября 2026, 21:19",https://iz.ru/2166104/video/v-kitae-otkrylsia-zavod-po-proizvodstvu-robotov,,0,E,BRUIT,False,Faible priorité,,porte régionale: aucun ancrage régional,0,0,0,0,0,0,,absent,aucun,aucun,False,page_institutionnelle,,False,True,pertinent
,Izvestia,Médias officiels (contrepoint),"Сергей Уваров «» В консерватории совершенно не важно, как ты одеваешься, где живешь, какие у тебя политические или религиозные взгляды. Главное мерило — профессиональная состоятельность вкупе с готовностью трудиться на благо искусства 13 сентября 2026, 08:00",https://iz.ru/2165966/sergei-uvarov/konservatoriia-bez-konservatizma,,0,E,BRUIT,False,Faible priorité,,porte régionale: aucun ancrage régional,0,0,0,0,0,0,,absent,aucun,aucun,False,page_institutionnelle,,False,True,pertinent
,Izvestia,Médias officiels (contrepoint),"Онищенко назвал условия для продления жизни до 100 лет 13 сентября 2026, 05:07",https://iz.ru/2166185/onishchenko-nazval-usloviia-dlia-prodleniia-zhizni-do-100-let-izi,,0,E,BRUIT,False,Faible priorité,,porte régionale: aucun ancrage régional,0,0,0,0,0,0,,absent,aucun,aucun,False,page_institutionnelle,,False,True,pertinent
,Izvestia,Médias officiels (contrepoint),"Полянский сообщил о планах поднять в ОБСЕ вопрос об угрозах Зеленского 13 сентября 2026, 05:05",https://iz.ru/2166184/2026-09-13/polianskii-soobshchil-o-planakh-podniat-v-obse-vopros-ob-ugrozakh-zelenskogo,,0,E,BRUIT,False,Faible priorité,,porte régionale: aucun ancrage régional,0,0,0,0,0,0,,absent,aucun,pression_administrative,False,page_institutionnelle,,False,True,pertinent
,Izvestia,Médias officiels (contrepoint),"В России с 2027 года начнут отслеживать цены на 24 вида продуктов 13 сентября 2026, 04:50",https://iz.ru/2166182/2026-09-13/v-rossii-s-2027-goda-nachnut-otslezhivat-tceny-na-24-vida-produktov,,0,E,BRUIT,False,Faible priorité,,porte régionale: aucun ancrage régional,0,0,0,0,0,0,,absent,aucun,aucun,False,page_institutionnelle,,False,True,pertinent
,Izvestia,Médias officiels (contrepoint),"В ГД предложили бесплатно подключать льготников к интернету в частных секторах 13 сентября 2026, 04:45",https://iz.ru/2166165/v-gd-predlozili-besplatno-podklyucat-lgotnikov-k-internetu-v-castnyx-sektorax-izi,,0,E,BRUIT,False,Faible priorité,,porte régionale: aucun ancrage régional,0,0,0,0,0,0,,absent,aucun,aucun,False,page_institutionnelle,,False,True,pertinent
,Izvestia,Médias officiels (contrepoint),"Потребление алкоголя в России достигло минимума с 1996 года 13 сентября 2026, 03:51",https://iz.ru/2166170/2026-09-13/potreblenie-alkogolia-v-rossii-dostiglo-minimuma-s-1996-goda,,0,E,BRUIT,False,Faible priorité,,porte régionale: aucun ancrage régional,0,0,0,0,0,0,,absent,aucun,aucun,False,page_institutionnelle,,False,True,pertinent
,Izvestia,Médias officiels (contrepoint),"Российского актера Писаренко внесли в базу данных «Миротворца» 13 сентября 2026, 03:24",https://iz.ru/2166167/2026-09-13/rossiiskogo-aktera-pisarenko-vnesli-v-bazu-dannykh-mirotvortca,,0,E,BRUIT,False,Faible priorité,,porte régionale: aucun ancrage régional,0,0,0,0,0,0,,absent,aucun,aucun,False,page_institutionnelle,,False,True,pertinent
,RIA Novosti,Médias officiels (contrepoint),Путин участвует в заседании в формате БРИКС+ 08:09,https://ria.ru/20260913/putin--2117377433.html,,0,E,BRUIT,False,Faible priorité,,porte régionale: aucun ancrage régional,0,0,0,0,0,0,,absent,aucun,aucun,False,page_institutionnelle,,False,True,pertinent
,RIA Novosti,Médias officiels (contrepoint),Кушнер сообщил о результатах поездок в Москву и Киев 02:47,https://ria.ru/20260913/kushner-2117362280.html,,0,E,BRUIT,False,Faible priorité,,porte régionale: aucun ancrage régional,0,0,0,0,0,0,,absent,aucun,aucun,False,page_institutionnelle,,False,True,pertinent
,RIA Novosti,Médias officiels (contrepoint),Песков ответил на призывы в НАТО усилить учения у Калининградской области 07:56,https://ria.ru/20260913/peskov-2117375648.html,,0,E,BRUIT,False,Faible priorité,,porte régionale: aucun ancrage régional,0,0,0,0,0,0,,absent,aucun,aucun,False,page_institutionnelle,,False,True,pertinent
,RIA Novosti,Médias officiels (contrepoint),В Татарстане два человека погибли и 12 пострадали при атаке дронов ВСУ 08:15,https://ria.ru/20260913/tatarstan-2117378190.html,,0,E,BRUIT,False,Faible priorité,,porte régionale: aucun ancrage régional,0,0,0,0,0,0,,absent,aucun,aucun,False,page_institutionnelle,,False,True,pertinent
,RIA Novosti,Médias officiels (contrepoint),Цены на некоторые продукты питания будут мониторить с 2027 года 03:35,https://ria.ru/20260913/tseny-2117363974.html,,0,E,BRUIT,False,Faible priorité,,porte régionale: aucun ancrage régional,0,0,0,0,0,0,,absent,aucun,aucun,False,page_institutionnelle,,False,True,pertinent
,RIA Novosti,Médias officiels (contrepoint),Потребление алкоголя в России упало до 30-летнего минимума 02:29,https://ria.ru/20260913/alkogol-2117361185.html,,0,E,BRUIT,False,Faible priorité,,porte régionale: aucun ancrage régional,0,0,0,0,0,0,,absent,aucun,aucun,False,page_institutionnelle,,False,True,pertinent
,RIA Novosti,Médias officiels (contrepoint),"""Катастрофа!"" Мендель набросилась на Зеленского из-за ситуации на Украине Вчера, 22:51",https://ria.ru/20260912/ukraina-2117350820.html,,0,E,BRUIT,False,Faible priorité,,porte régionale: aucun ancrage régional,0,0,0,0,0,0,,absent,aucun,aucun,False,page_institutionnelle,,False,True,pertinent
,RIA Novosti,Médias officiels (contrepoint),"Зять Трампа назвал самый сложный вопрос в урегулировании по Украине Вчера, 22:02",https://ria.ru/20260912/ukraina-2117347824.html,,0,E,BRUIT,False,Faible priorité,,porte régionale: aucun ancrage régional,0,0,0,0,0,0,,absent,aucun,aucun,False,page_institutionnelle,,False,True,pertinent
,RIA Novosti,Médias officiels (contrepoint),В четырех городах на Украине прогремели взрывы 04:40,https://ria.ru/20260913/vzryv-2117357545.html,,0,E,BRUIT,False,Faible priorité,,porte régionale: aucun ancrage régional,0,0,0,0,0,0,,absent,aucun,aucun,False,page_institutionnelle,,False,True,pertinent
,RIA Novosti,Médias officiels (contrepoint),Источник рассказал о провале прорыва ВСУ из окружения в Харьковской области 07:09,https://ria.ru/20260913/vs-2117372483.html,,0,E,BRUIT,False,Faible priorité,,porte régionale: aucun ancrage régional,0,0,0,0,0,0,,absent,aucun,aucun,False,page_institutionnelle,,False,True,pertinent
,RIA Novosti,Médias officiels (contrepoint),Во Франции возмутились из-за дерзкого требования Зеленского 04:33,https://ria.ru/20260913/zelenskiy-2117365651.html,,0,E,BRUIT,False,Faible priorité,,porte régionale: aucun ancrage régional,0,0,0,0,0,0,,absent,aucun,aucun,False,page_institutionnelle,,False,True,pertinent
,RIA Novosti,Médias officiels (contrepoint),"Такер Карлсон объяснил, почему Запад разгневался на Путина 00:02",https://ria.ru/20260913/karlson-2117353995.html,,0,E,BRUIT,False,Faible priorité,,porte régionale: aucun ancrage régional,0,0,0,0,0,0,,absent,aucun,aucun,False,page_institutionnelle,,False,True,pertinent
,RIA Novosti,Médias officiels (contrepoint),"На Украине арестовали палку, которой мужчина избил сотрудника военкомата 05:29",https://ria.ru/20260913/ukraina-2117367927.html,,0,E,BRUIT,False,Faible priorité,,porte régionale: aucun ancrage régional,0,0,0,0,0,0,,absent,aucun,detention,False,page_institutionnelle,,False,True,pertinent
,RIA Novosti,Médias officiels (contrepoint),При крушении парома у берегов Вануату погиб человек 06:10,https://ria.ru/20260913/vanuatu-2117369878.html,,0,E,BRUIT,False,Faible priorité,,porte régionale: aucun ancrage régional,0,0,0,0,0,0,,absent,aucun,aucun,False,page_institutionnelle,,False,True,pertinent
,RIA Novosti,Médias officiels (contrepoint),Ушаков рассказал о согласовании пунктов украинского урегулирования 08:21,https://ria.ru/20260913/ushakov-2117378929.html?rcmd_alg=slotter,,0,E,BRUIT,False,Faible priorité,,porte régionale: aucun ancrage régional,0,0,0,0,0,0,,absent,aucun,aucun,False,page_institutionnelle,,False,True,pertinent
,RIA Novosti,Médias officiels (contrepoint),На Кубани после падения обломков БПЛА загорелось предприятие 08:59,https://ria.ru/20260913/kuban-2117383834.html?rcmd_alg=slotter,,0,E,BRUIT,False,Faible priorité,,porte régionale: aucun ancrage régional,0,0,0,0,0,0,,absent,aucun,aucun,False,page_institutionnelle,,False,True,pertinent
,RIA Novosti,Médias officiels (contrepoint),"Илон Маск заявил, что ИИ может быть опаснее ядерного оружия 04:40",https://ria.ru/20260913/mask-2117366257.html,,0,E,BRUIT,False,Faible priorité,,porte régionale: aucun ancrage régional,0,0,0,0,0,0,,absent,aucun,aucun,False,page_institutionnelle,,False,True,pertinent
,RIA Novosti,Médias officiels (contrepoint),Мошенники пугают россиян проверками якобы сомнительных переводов 03:53,https://ria.ru/20260913/moshenniki-2117364451.html,,0,E,BRUIT,False,Faible priorité,,porte régionale: aucun ancrage régional,0,0,0,0,0,0,,absent,aucun,aucun,False,page_institutionnelle,,False,True,pertinent
,RIA Novosti,Médias officiels (contrepoint),В Нью-Йорке на детской площадке застрелили двух человек 00:13,https://ria.ru/20260913/strelba-2117354971.html,,0,E,BRUIT,False,Faible priorité,,porte régionale: aucun ancrage régional,0,0,0,0,0,0,,absent,aucun,aucun,False,page_institutionnelle,,False,True,pertinent
,RIA Novosti,Médias officiels (contrepoint),"МАМТ отказывается от гастролей в США и Европе, заявил гендиректор театра 01:21",https://ria.ru/20260913/teatr-2117358093.html,,12,E,BRUIT,False,Géopolitique majeure,сша,porte régionale: aucun ancrage régional,0,0,0,0,5,7,,absent,aucun,aucun,False,page_institutionnelle,,False,True,pertinent
,RIA Novosti,Médias officiels (contrepoint),"Матч в Нидерландах остановили после того, как футболисту выбили зубы 07:38",https://ria.ru/20260913/zuby-2117374314.html,,0,E,BRUIT,False,Faible priorité,,porte régionale: aucun ancrage régional,0,0,0,0,0,0,,absent,aucun,aucun,False,page_institutionnelle,,False,True,pertinent
,RIA Novosti,Médias officiels (contrepoint),"Гол Месси помог ""Интер Майами"" сыграть вничью с лидером MLS 07:33",https://ria.ru/20260913/futbol-2117373752.html,,0,E,BRUIT,False,Faible priorité,,porte régionale: aucun ancrage régional,0,0,0,0,0,0,,absent,aucun,aucun,False,page_institutionnelle,,False,True,pertinent
,RIA Novosti,Médias officiels (contrepoint),"""Вегас"" продлил контракт с капитаном команды на два года 07:35",https://ria.ru/20260913/stoun-2117373998.html,,0,E,BRUIT,False,Faible priorité,,porte régionale: aucun ancrage régional,0,0,0,0,0,0,,absent,aucun,aucun,False,page_institutionnelle,,False,True,pertinent
,RIA Novosti,Médias officiels (contrepoint),Рыбакина победила Соболенко и впервые выиграла US Open 01:42,https://ria.ru/20260913/tennis-2117358884.html,,0,E,BRUIT,False,Faible priorité,,porte régionale: aucun ancrage régional,0,0,0,0,0,0,,absent,aucun,aucun,False,page_institutionnelle,,False,True,pertinent
,Nezavisimaya Gazeta,Médias officiels (contrepoint),Встреча Путина и Зеленского на саммите G20 в Майами невозможна - Песков,https://www.ng.ru/news/846895.html,,0,E,BRUIT,False,Faible priorité,,porte régionale: aucun ancrage régional,0,0,0,0,0,0,,absent,aucun,aucun,False,page_institutionnelle,,False,True,pertinent
,Kommersant,Médias officiels (contrepoint),Скачать приложение,https://mm2.kommersant.ru/issues.media/apk/androidApp-apk-release-5.1.5-276.apk,,0,E,BRUIT,False,Faible priorité,,porte régionale: aucun ancrage régional,0,0,0,0,0,0,,absent,aucun,aucun,False,page_institutionnelle,,False,True,pertinent
,Kommersant,Médias officiels (contrepoint),Рыбакина обыграла Соболенко и стала чемпионкой US Open,https://www.kommersant.ru/doc/8953539?from=top_main_2,,0,E,BRUIT,False,Faible priorité,,porte régionale: aucun ancrage régional,0,0,0,0,0,0,,absent,aucun,aucun,False,page_institutionnelle,,False,True,pertinent
,Kommersant,Médias officiels (contrepoint),Кушнер назвал вопрос территорий самым сложным в украинском урегулировании,https://www.kommersant.ru/doc/8953532?from=top_main_3,,0,E,BRUIT,False,Faible priorité,,porte régionale: aucun ancrage régional,0,0,0,0,0,0,,absent,aucun,aucun,False,page_institutionnelle,,False,True,pertinent
,Kommersant,Médias officiels (contrepoint),Лидеры стран БРИКС приняли декларацию по итогам саммита,https://www.kommersant.ru/doc/8953443?from=top_main_4,,0,E,BRUIT,False,Faible priorité,,porte régionale: aucun ancrage régional,0,0,0,0,0,0,,absent,aucun,aucun,False,page_institutionnelle,,False,True,pertinent
,Kommersant,Médias officiels (contrepoint),Кремль исключает возможность встречи Путина и Зеленского на саммите G20 в Майами,https://www.kommersant.ru/doc/8953531?from=top_main_5,,0,E,BRUIT,False,Faible priorité,,porte régionale: aucun ancrage régional,0,0,0,0,0,0,,absent,aucun,aucun,False,page_institutionnelle,,False,True,pertinent
,Kommersant,Médias officiels (contrepoint),Режиссер-иноагент Хржановский получил «Серебряного льва» Венецианского фестиваля,https://www.kommersant.ru/doc/8953530?from=top_main_6,,0,E,BRUIT,False,Faible priorité,,porte régionale: aucun ancrage régional,0,0,0,0,0,0,,absent,aucun,aucun,False,page_institutionnelle,,False,True,pertinent
,Kommersant,Médias officiels (contrepoint),«Динамо» победило «Оренбург» и поднялось на второе место в премьер-лиге,https://www.kommersant.ru/doc/8953533?from=top_main_7,,0,E,BRUIT,False,Faible priorité,,porte régionale: aucun ancrage régional,0,0,0,0,0,0,,absent,aucun,aucun,False,page_institutionnelle,,False,True,pertinent
,Kommersant,Médias officiels (contrepoint),Глава МВД Болгарии Демерджиев: взрыв на заводе «Емко» мог быть диверсией,https://www.kommersant.ru/doc/8953527?from=top_main_8,,0,E,BRUIT,False,Faible priorité,,porte régionale: aucun ancrage régional,0,0,0,0,0,0,,absent,aucun,aucun,False,page_institutionnelle,,False,True,pertinent
,Kommersant,Médias officiels (contrepoint),Маск и Альтман поддержали идею замедлить темпы развития ИИ,https://www.kommersant.ru/doc/8953520?from=top_main_9,,0,E,BRUIT,False,Faible priorité,,porte régionale: aucun ancrage régional,0,0,0,0,0,0,,absent,aucun,aucun,False,page_institutionnelle,,False,True,pertinent
,Kommersant,Médias officiels (contrepoint),вакцин от гриппа закупила Россия,https://www.kommersant.ru/doc/8952600?from=spot_main,,12,E,BRUIT,False,Géopolitique majeure,россия,porte régionale: aucun ancrage régional,0,0,0,0,5,7,russie,sujet_principal,aucun,aucun,False,page_institutionnelle,,False,True,pertinent
,Kommersant,Médias officiels (contrepoint),«Он напивается как гимназист»,https://www.kommersant.ru/doc/8952713?from=glavnoe_2,,0,E,BRUIT,False,Faible priorité,,porte régionale: aucun ancrage régional,0,0,0,0,0,0,,absent,aucun,aucun,False,page_institutionnelle,,False,True,pertinent
,Kommersant,Médias officiels (contrepoint),"Натурщицы, переводчицы, соавторы и бренд-менеджеры",https://www.myweekend.ru/doc/8940735?from=glavnoe_5,,0,E,BRUIT,False,Faible priorité,,porte régionale: aucun ancrage régional,0,0,0,0,0,0,,absent,aucun,aucun,False,page_institutionnelle,,False,True,pertinent
,Kommersant,Médias officiels (contrepoint),От живописи до ихтиологии — чему посвящали себя мировые лидеры после отставки,https://www.kommersant.ru/doc/8941537?from=glavnoe_6,,0,E,BRUIT,False,Faible priorité,,porte régionale: aucun ancrage régional,0,0,0,0,0,0,,absent,aucun,aucun,False,page_institutionnelle,,False,True,pertinent
,Kommersant,Médias officiels (contrepoint),Прокатная десятка,https://www.kommersant.ru/doc/8941306?from=multimedia_3,,0,E,BRUIT,False,Faible priorité,,porte régionale: aucun ancrage régional,0,0,0,0,0,0,,absent,aucun,aucun,False,page_institutionnelle,,False,True,pertinent
,Kommersant,Médias officiels (contrepoint),Похороны короля Норвегии Харальда V,https://www.kommersant.ru/doc/8940163?from=multimedia_8,,0,E,BRUIT,False,Faible priorité,,porte régionale: aucun ancrage régional,0,0,0,0,0,0,,absent,aucun,aucun,False,page_institutionnelle,,False,True,pertinent
,Kommersant,Médias officiels (contrepoint),Всадник без бороды,https://www.kommersant.ru/doc/8936655?from=multimedia_19,,0,E,BRUIT,False,Faible priorité,,porte régionale: aucun ancrage régional,0,0,0,0,0,0,,absent,aucun,aucun,False,page_institutionnelle,,False,True,pertinent
,Kommersant,Médias officiels (contrepoint),Единороссам прочат лучшую половину,https://www.kommersant.ru/doc/8941269?from=most_read_1,,0,E,BRUIT,False,Faible priorité,,porte régionale: aucun ancrage régional,0,0,0,0,0,0,,absent,aucun,aucun,False,page_institutionnelle,,False,True,pertinent
,Kommersant,Médias officiels (contrepoint),«Он напивается как гимназист»,https://www.kommersant.ru/doc/8952713?from=most_read_2,,0,E,BRUIT,False,Faible priorité,,porte régionale: aucun ancrage régional,0,0,0,0,0,0,,absent,aucun,aucun,False,page_institutionnelle,,False,True,pertinent
,Kommersant,Médias officiels (contrepoint),Нью-деликатная дипломатия,https://www.kommersant.ru/doc/8952776?from=most_read_3,,0,E,BRUIT,False,Faible priorité,,porte régionale: aucun ancrage régional,0,0,0,0,0,0,,absent,aucun,aucun,False,page_institutionnelle,,False,True,pertinent
,Kommersant,Médias officiels (contrepoint),Смех по протоколу,https://www.kommersant.ru/doc/8925114?from=most_read_4,,0,E,BRUIT,False,Faible priorité,,porte régionale: aucun ancrage régional,0,0,0,0,0,0,,absent,aucun,aucun,False,page_institutionnelle,,False,True,pertinent
,Kommersant,Médias officiels (contrepoint),"Набиуллина о существенном росте цен, топливном кризисе и ударам ВСУ по логистике",https://www.kommersant.ru/doc/8952758?from=most_read_5,,0,E,BRUIT,False,Faible priorité,,porte régionale: aucun ancrage régional,0,0,0,0,0,0,,absent,aucun,aucun,False,page_institutionnelle,,False,True,pertinent
,Kommersant,Médias officiels (contrepoint),ЦБ бросил якорь,https://www.kommersant.ru/doc/8952711?from=main,,0,E,BRUIT,False,Faible priorité,,porte régionale: aucun ancrage régional,0,0,0,0,0,0,,absent,aucun,aucun,False,page_institutionnelle,,False,True,pertinent
,Kommersant,Médias officiels (contrepoint),Нью-деликатная дипломатия,https://www.kommersant.ru/doc/8952776?from=main,,0,E,BRUIT,False,Faible priorité,,porte régionale: aucun ancrage régional,0,0,0,0,0,0,,absent,aucun,aucun,False,page_institutionnelle,,False,True,pertinent
,Kommersant,Médias officiels (contrepoint),Хуситы прорубили окно к проливу,https://www.kommersant.ru/doc/8952919?from=main,,0,E,BRUIT,False,Faible priorité,,porte régionale: aucun ancrage régional,0,0,0,0,0,0,,absent,aucun,aucun,False,page_institutionnelle,,False,True,pertinent
,Kommersant,Médias officiels (contrepoint),Сейм Литвы подвергнут ядерным испытаниям,https://www.kommersant.ru/doc/8952832?from=main,,0,E,BRUIT,False,Faible priorité,,porte régionale: aucun ancrage régional,0,0,0,0,0,0,,absent,aucun,aucun,False,page_institutionnelle,,False,True,pertinent
,Kommersant,Médias officiels (contrepoint),Магистральным сетям заплатит генерация,https://www.kommersant.ru/doc/8953005?from=main,,0,E,BRUIT,False,Faible priorité,,porte régionale: aucun ancrage régional,0,0,0,0,0,0,,absent,aucun,aucun,False,page_institutionnelle,,False,True,pertinent
,Kommersant,Médias officiels (contrepoint),У «Росгосстраха» глаза велики,https://www.kommersant.ru/doc/8952926?from=main,,0,E,BRUIT,False,Faible priorité,,porte régionale: aucun ancrage régional,0,0,0,0,0,0,,absent,aucun,aucun,False,page_institutionnelle,,False,True,pertinent
,Kommersant,Médias officiels (contrepoint),Дистрибуторская засуха,https://www.kommersant.ru/doc/8941111?from=main,,0,E,BRUIT,False,Faible priorité,,porte régionale: aucun ancrage régional,0,0,0,0,0,0,,absent,aucun,aucun,False,page_institutionnelle,,False,True,pertinent
,Kommersant,Médias officiels (contrepoint),Деловая дальнозоркость,https://www.kommersant.ru/doc/8941207?from=main,,0,E,BRUIT,False,Faible priorité,,porte régionale: aucun ancrage régional,0,0,0,0,0,0,,absent,aucun,aucun,False,page_institutionnelle,,False,True,pertinent
,Kommersant,Médias officiels (contrepoint),Поколенческий сдвиг,https://www.kommersant.ru/doc/8952830?from=main,,0,E,BRUIT,False,Faible priorité,,porte régionale: aucun ancrage régional,0,0,0,0,0,0,,absent,aucun,aucun,False,page_institutionnelle,,False,True,pertinent
,Kommersant,Médias officiels (contrepoint),Элементарное увольнение,https://www.kommersant.ru/doc/8952988?from=main,,0,E,BRUIT,False,Faible priorité,,porte régionale: aucun ancrage régional,0,0,0,0,0,0,,absent,aucun,aucun,False,page_institutionnelle,,False,True,pertinent
,Kommersant,Médias officiels (contrepoint),Во всех телефонах страны,https://www.kommersant.ru/doc/8941278?from=main,,0,E,BRUIT,False,Faible priorité,,porte régionale: aucun ancrage régional,0,0,0,0,0,0,,absent,aucun,aucun,False,page_institutionnelle,,False,True,pertinent
,Kommersant,Médias officiels (contrepoint),Звонки запутались в проводах,https://www.kommersant.ru/doc/8941217?from=main,,0,E,BRUIT,False,Faible priorité,,porte régionale: aucun ancrage régional,0,0,0,0,0,0,,absent,aucun,aucun,False,page_institutionnelle,,False,True,pertinent
,Kommersant,Médias officiels (contrepoint),ВЭБ.РФ раскроет «Код Просвещения» на Международном фестивале молодежи в Екатеринбурге,https://www.kommersant.ru/doc/8949596,,0,E,BRUIT,False,Faible priorité,,porte régionale: aucun ancrage régional,0,0,0,0,0,0,,absent,aucun,aucun,False,page_institutionnelle,,False,True,pertinent
,Kommersant,Médias officiels (contrepoint),АО «Банк ДОМ.РФ»,https://www.kommersant.ru/doc/8944795,,0,E,BRUIT,False,Faible priorité,,porte régionale: aucun ancrage régional,0,0,0,0,0,0,,absent,aucun,aucun,False,page_institutionnelle,,False,True,pertinent
,Kommersant,Médias officiels (contrepoint),«Добрый-Юг» ищет место под солнцем,https://www.kommersant.ru/doc/8952993?from=main,,0,E,BRUIT,False,Faible priorité,,porte régionale: aucun ancrage régional,0,0,0,0,0,0,,absent,aucun,aucun,False,page_institutionnelle,,False,True,pertinent
,Kommersant,Médias officiels (contrepoint),Трезвость — путь к полноте жизни,https://www.kommersant.ru/doc/8940965?from=main,,0,E,BRUIT,False,Faible priorité,,porte régionale: aucun ancrage régional,0,0,0,0,0,0,,absent,aucun,aucun,False,page_institutionnelle,,False,True,pertinent
,Kommersant,Médias officiels (contrepoint),«Вообразили» на ЗИЛе,https://www.kommersant.ru/doc/8938274,,0,E,BRUIT,False,Faible priorité,,porte régionale: aucun ancrage régional,0,0,0,0,0,0,,absent,aucun,aucun,False,page_institutionnelle,,False,True,pertinent
,Kommersant,Médias officiels (contrepoint),Смех по протоколу,https://www.kommersant.ru/doc/8905659?from=hypertext_main,,0,E,BRUIT,False,Faible priorité,,porte régionale: aucun ancrage régional,0,0,0,0,0,0,,absent,aucun,aucun,False,page_institutionnelle,,False,True,pertinent
,Vedomosti,Médias officiels (contrepoint),Моди: страны БРИКС создадут систему раннего предупреждения о вспышках инфекций,https://www.vedomosti.ru/politics/news/2026/09/13/1228407-modi-strani-briks?from=newsline,,0,E,BRUIT,False,Faible priorité,,porte régionale: aucun ancrage régional,0,0,0,0,0,0,,absent,aucun,aucun,False,page_institutionnelle,,False,True,pertinent
,Vedomosti,Médias officiels (contrepoint),Кремль считает Абу-Даби приемлемой площадкой для переговоров по Украине,https://www.vedomosti.ru/politics/news/2026/09/13/1228406-kreml-schitaet-abu-dabi?from=newsline,,0,E,BRUIT,False,Faible priorité,,porte régionale: aucun ancrage régional,0,0,0,0,0,0,,absent,aucun,aucun,False,page_institutionnelle,,False,True,pertinent
,Vedomosti,Médias officiels (contrepoint),Путин прибыл на саммит БРИКС в формате «аутрич»,https://www.vedomosti.ru/politics/news/2026/09/13/1228405-putin-pribil-na-sammit?from=newsline,,0,E,BRUIT,False,Faible priorité,,porte régionale: aucun ancrage régional,0,0,0,0,0,0,,absent,aucun,aucun,False,page_institutionnelle,,False,True,pertinent
,Vedomosti,Médias officiels (contrepoint),Ушаков: ОАЭ подтвердили готовность принять переговоры по Украине,https://www.vedomosti.ru/politics/news/2026/09/13/1228404-ushakov-oae-podtverdili?from=newsline,,0,E,BRUIT,False,Faible priorité,,porte régionale: aucun ancrage régional,0,0,0,0,0,0,,absent,aucun,aucun,False,page_institutionnelle,,False,True,pertinent
,Vedomosti,Médias officiels (contrepoint),Песков объяснил предупреждение Путина о западных войсках на Украине,https://www.vedomosti.ru/politics/news/2026/09/13/1228403-peskov-obyasnil-preduprezhdenie?from=newsline,,0,E,BRUIT,False,Faible priorité,,porte régionale: aucun ancrage régional,0,0,0,0,0,0,,absent,aucun,aucun,False,page_institutionnelle,,False,True,pertinent
,Vedomosti,Médias officiels (contrepoint),Доктор с гитарой: творческий путь Александра Розенбаума,https://www.vedomosti.ru/lifestyle/galleries/2026/09/13/1228036-doktor-s-gitaroi?from=newsline,,0,E,BRUIT,False,Faible priorité,,porte régionale: aucun ancrage régional,0,0,0,0,0,0,,absent,aucun,aucun,False,page_institutionnelle,,False,True,pertinent
,Vedomosti,Médias officiels (contrepoint),Песков анонсировал скорую трехстороннюю встречу по Украине,https://www.vedomosti.ru/politics/news/2026/09/13/1228402-peskov-anonsiroval-skoruyu?from=newsline,,0,E,BRUIT,False,Faible priorité,,porte régionale: aucun ancrage régional,0,0,0,0,0,0,,absent,aucun,aucun,False,page_institutionnelle,,False,True,pertinent
,Vedomosti,Médias officiels (contrepoint),Песков: Россия примет меры для безопасности Калининграда,https://www.vedomosti.ru/politics/news/2026/09/13/1228401-peskov-rossiya-primet?from=newsline,,12,E,BRUIT,False,Géopolitique majeure,россия,porte régionale: aucun ancrage régional,0,0,0,0,5,7,russie,sujet_principal,aucun,aucun,False,page_institutionnelle,,False,True,pertinent
,Vedomosti,Médias officiels (contrepoint),"OpenAI: IPO в 2026 году не будет, компания сосредоточится на безопасности",https://www.vedomosti.ru/technology/news/2026/09/13/1228400-openai-ipo-v-2026?from=newsline,,0,E,BRUIT,False,Faible priorité,,porte régionale: aucun ancrage régional,0,0,0,0,0,0,,absent,aucun,aucun,False,page_institutionnelle,,False,True,pertinent
,Vedomosti,Médias officiels (contrepoint),CBS: экс-министр армии США Дрисколл выступил в Киеве,https://www.vedomosti.ru/politics/news/2026/09/13/1228399-cbs-eks-ministr-armii?from=newsline,,7,E,BRUIT,False,Politique intérieure,министр; сша,porte régionale: aucun ancrage régional,0,0,0,0,5,7,,absent,aucun,aucun,False,page_institutionnelle,,False,True,pertinent
,Vedomosti,Médias officiels (contrepoint),"«Страны, которые это сделают, вернут своих детей»",https://www.vedomosti.ru/technology/articles/2026/09/13/1227942-strani-kotorie-eto?from=newsline,,0,E,BRUIT,False,Faible priorité,,porte régionale: aucun ancrage régional,0,0,0,0,0,0,,absent,aucun,aucun,False,page_institutionnelle,,False,True,pertinent
,Vedomosti,Médias officiels (contrepoint),Кавээнщика Сергея Писаренко внесли в базу «Миротворца»,https://www.vedomosti.ru/politics/news/2026/09/13/1228398-kaveenschika-sergeya-pisarenko?from=newsline,,0,E,BRUIT,False,Faible priorité,,porte régionale: aucun ancrage régional,0,0,0,0,0,0,,absent,aucun,aucun,False,page_institutionnelle,,False,True,pertinent
,Vedomosti,Médias officiels (contrepoint),Как чума изменила Москву,https://www.vedomosti.ru/society/articles/2026/09/13/1228157-kak-chuma-izmenila?from=newsline,,0,E,BRUIT,False,Faible priorité,,porte régionale: aucun ancrage régional,0,0,0,0,0,0,,absent,aucun,aucun,False,page_institutionnelle,,False,True,pertinent
,Vedomosti,Médias officiels (contrepoint),Онищенко назвал условия для жизни до 100 лет,https://www.vedomosti.ru/society/news/2026/09/13/1228397-onischenko-nazval-usloviya?from=newsline,,0,E,BRUIT,False,Faible priorité,,porte régionale: aucun ancrage régional,0,0,0,0,0,0,,absent,aucun,aucun,False,page_institutionnelle,,False,True,pertinent
,Vedomosti,Médias officiels (contrepoint),Дмитриев посоветовал главе Palantir Карпу сменить имидж,https://www.vedomosti.ru/politics/news/2026/09/13/1228396-dmitriev-posovetoval?from=newsline,,0,E,BRUIT,False,Faible priorité,,porte régionale: aucun ancrage régional,0,0,0,0,0,0,,absent,aucun,aucun,False,page_institutionnelle,,False,True,pertinent
,Vedomosti,Médias officiels (contrepoint),"Политика / Международные отношения Песков анонсировал скорую трехстороннюю встречу по Украине Переговоры в таком формате уже обсуждались, но новых предложений на данный момент нет",https://www.vedomosti.ru/politics/news/2026/09/13/1228402-peskov-anonsiroval-skoruyu,,0,E,BRUIT,False,Faible priorité,,porte régionale: aucun ancrage régional,0,0,0,0,0,0,,absent,aucun,aucun,False,page_institutionnelle,,False,True,pertinent
,Vedomosti,Médias officiels (contrepoint),Как чума изменила Москву,https://www.vedomosti.ru/society/articles/2026/09/13/1228157-kak-chuma-izmenila,,0,E,BRUIT,False,Faible priorité,,porte régionale: aucun ancrage régional,0,0,0,0,0,0,,absent,aucun,aucun,False,page_institutionnelle,,False,True,pertinent
,Vedomosti,Médias officiels (contrepoint),Фото. Доктор с гитарой: творческий путь Александра Розенбаума,https://www.vedomosti.ru/lifestyle/galleries/2026/09/13/1228036-doktor-s-gitaroi,,0,E,BRUIT,False,Faible priorité,,porte régionale: aucun ancrage régional,0,0,0,0,0,0,,absent,aucun,aucun,False,page_institutionnelle,,False,True,pertinent
,Vedomosti,Médias officiels (contrepoint),Тест. Понимаете ли вы пословицы и поговорки?,https://www.vedomosti.ru/society/test/2026/06/12/1205434-ponimaete-li-vi-poslovitsi,,0,E,BRUIT,False,Faible priorité,,porte régionale: aucun ancrage régional,0,0,0,0,0,0,,absent,aucun,aucun,False,page_institutionnelle,,False,True,pertinent
,Vedomosti,Médias officiels (contrepoint),"«Страны, которые это сделают, вернут своих детей»",https://www.vedomosti.ru/technology/articles/2026/09/13/1227942-strani-kotorie-eto,,0,E,BRUIT,False,Faible priorité,,porte régionale: aucun ancrage régional,0,0,0,0,0,0,,absent,aucun,aucun,False,page_institutionnelle,,False,True,pertinent
,Vedomosti,Médias officiels (contrepoint),Технологии / Телекоммуникации Что такое 5G и как она развивалась,https://www.vedomosti.ru/spravka/chto-takoe-5g,,0,E,BRUIT,False,Faible priorité,,porte régionale: aucun ancrage régional,0,0,0,0,0,0,,absent,aucun,aucun,False,page_institutionnelle,,False,True,pertinent
,Vedomosti,Médias officiels (contrepoint),Бизнес / Торговля и услуги Ресторатор Миронов решил открыть в Китае чебуречные,https://www.vedomosti.ru/business/articles/2026/09/11/1228202-restorator-mironov,,0,E,BRUIT,False,Faible priorité,,porte régionale: aucun ancrage régional,0,0,0,0,0,0,,absent,aucun,aucun,False,page_institutionnelle,,False,True,pertinent
,Vedomosti,Médias officiels (contrepoint),Бизнес / Транспорт Что такое МЦК и как оно повлияло на транспортную сферу Москвы,https://www.vedomosti.ru/spravka/chto-takoe-mtsk,,0,E,BRUIT,False,Faible priorité,,porte régionale: aucun ancrage régional,0,0,0,0,0,0,,absent,aucun,aucun,False,page_institutionnelle,,False,True,pertinent
,Xinhua,Médias officiels (contrepoint),Xi says BRICS world's most influential platform for emerging markets cooperation,https://english.news.cn/20260912/afc17522e9bd4ff3bd354455e957d552/c.html,,0,E,BRUIT,False,Faible priorité,,porte régionale: aucun ancrage régional,0,0,0,0,0,0,,absent,aucun,aucun,False,page_institutionnelle,,False,True,pertinent
,Xinhua,Médias officiels (contrepoint),Full text,https://english.news.cn/20260913/b961086aa27845fbabd98beae5694b36/c.html,,0,E,BRUIT,False,Faible priorité,,porte régionale: aucun ancrage régional,0,0,0,0,0,0,,absent,aucun,aucun,False,page_institutionnelle,,False,True,pertinent
,Xinhua,Médias officiels (contrepoint),InPics | Shougang Park reinvents itself as vibrant urban destination,https://english.news.cn/20260912/5ff6ce3c5df54507aab7802ca45c7777/c.html,,0,E,BRUIT,False,Faible priorité,,porte régionale: aucun ancrage régional,0,0,0,0,0,0,,absent,aucun,aucun,False,page_institutionnelle,,False,True,pertinent
,Xinhua,Médias officiels (contrepoint),Chinese solutions power global mining green transition,https://english.news.cn/20260912/527d9ba90295475787b6b7bafd28d120/c.html,,0,E,BRUIT,False,Faible priorité,,porte régionale: aucun ancrage régional,0,0,0,0,0,0,,absent,aucun,aucun,False,page_institutionnelle,,False,True,pertinent
,Xinhua,Médias officiels (contrepoint),EcoChina | A scenic drive into Hainan's rainforest,https://english.news.cn/20260912/237d0dc3fcf34706a8c7857b2ac6fbd3/c.html,,0,E,BRUIT,False,Faible priorité,,porte régionale: aucun ancrage régional,0,0,0,0,0,0,,absent,aucun,aucun,False,page_institutionnelle,,False,True,pertinent
,Xinhua,Médias officiels (contrepoint),"On-Site in New Delhi | BRICS 2027, Eyes on China",https://english.news.cn/20260912/9f48850a4f504b09a79ffc02c8ca0def/c.html,,12,E,BRUIT,False,Géopolitique majeure,china,porte régionale: aucun ancrage régional,0,0,0,0,5,7,,absent,aucun,aucun,False,page_institutionnelle,,False,True,pertinent
,Xinhua,Médias officiels (contrepoint),"China's major river-to-sea canal to inject new momentum into high-level opening-up, cooperation",https://english.news.cn/20260912/184a355ca921458eb7fe4ae3e2fa8d29/c.html,,12,E,BRUIT,False,Géopolitique majeure,china,porte régionale: aucun ancrage régional,0,0,0,0,5,7,,absent,aucun,aucun,False,page_institutionnelle,,False,True,pertinent
,Xinhua,Médias officiels (contrepoint),China's short film The Pigeon Ring wins Venice Immersive Grand Prize,https://english.news.cn/20260913/4a00158a7ff2403cb50852ac6cf14666/c.html,,12,E,BRUIT,False,Géopolitique majeure,china,porte régionale: aucun ancrage régional,0,0,0,0,5,7,,absent,aucun,aucun,False,page_institutionnelle,,False,True,pertinent
,Xinhua,Médias officiels (contrepoint),"Racing overseas, Chinese NEVs drive the world towards green, shared growth",https://english.news.cn/20260912/71b772c853bc483889c42058870c7e20/c.html,,0,E,BRUIT,False,Faible priorité,,porte régionale: aucun ancrage régional,0,0,0,0,0,0,,absent,aucun,aucun,False,page_institutionnelle,,False,True,pertinent
,Xinhua,Médias officiels (contrepoint),"China to raise gasoline, diesel prices",https://english.news.cn/20260911/68146d707a89414a8b23412d42e2c6e6/c.html,,12,E,BRUIT,False,Géopolitique majeure,china,porte régionale: aucun ancrage régional,0,0,0,0,5,7,,absent,aucun,aucun,False,page_institutionnelle,,False,True,pertinent
,Xinhua,Médias officiels (contrepoint),37th Shanghai Tourism Festival parade launched at Bund in Shanghai,https://english.news.cn/20260913/670036d15f484753848968d01e7f4955/c.html,,0,E,BRUIT,False,Faible priorité,tourism; festival,porte régionale: aucun ancrage régional,0,0,0,0,0,0,,absent,aucun,aucun,False,page_institutionnelle,,False,True,pertinent
,Xinhua,Médias officiels (contrepoint),"Combining acrobatics and ballet, Chinese drama Swan captivates Athens audience",https://english.news.cn/20260913/493f739e18ad4073b00e59d84c968f78/c.html,,0,E,BRUIT,False,Faible priorité,,porte régionale: aucun ancrage régional,0,0,0,0,0,0,,absent,aucun,aucun,False,page_institutionnelle,,False,True,pertinent
,Xinhua,Médias officiels (contrepoint),Serbian president inspects expressway being constructed by Chinese company,https://english.news.cn/20260912/3088f624da634446a3611621e66ba6e6/c.html,,0,E,BRUIT,False,Politique intérieure,president,porte régionale: aucun ancrage régional,0,0,0,0,2,0,,absent,aucun,aucun,False,page_institutionnelle,,False,True,pertinent
,Xinhua,Médias officiels (contrepoint),Syria temporarily raises fuel prices amid global supply pressures,https://english.news.cn/20260913/92fa8940e43048748cad7d8f09f686ab/c.html,,0,E,BRUIT,False,Faible priorité,,porte régionale: aucun ancrage régional,0,0,0,0,0,0,,absent,aucun,aucun,False,page_institutionnelle,,False,True,pertinent
,Xinhua,Médias officiels (contrepoint),Dragon Boat Festival brings Chinese culture to southeast Bulgaria,https://english.news.cn/20260913/721f926b665c45f29859757057fdd548/c.html,,0,E,BRUIT,False,Faible priorité,culture; festival,porte régionale: aucun ancrage régional,0,0,0,0,0,0,,absent,aucun,aucun,False,page_institutionnelle,,False,True,pertinent
,Xinhua,Médias officiels (contrepoint),Houthis say Bab al-Mandab Strait shipping near normal despite fighting,https://english.news.cn/20260913/e7957d397b424b1c915b8dd4123e670a/c.html,,0,E,BRUIT,False,Faible priorité,,porte régionale: aucun ancrage régional,0,0,0,0,0,0,,absent,aucun,aucun,False,page_institutionnelle,,False,True,pertinent
,Xinhua,Médias officiels (contrepoint),"Cambodia, Myanmar vow joint fight against cyber scams, transnational crime",https://english.news.cn/20260913/1ed3c0afda624d42bebb4c591af8d38b/c.html,,0,E,BRUIT,False,Faible priorité,,porte régionale: aucun ancrage régional,0,0,0,0,0,0,,absent,aucun,aucun,False,page_institutionnelle,,False,True,pertinent
,China Daily,Médias officiels (contrepoint),"Xi: China, India can achieve shared growth",https://www.chinadaily.com.cn/a/202609/13/WS6aa589a1e4b06d4aa055dbe8.html,,12,E,BRUIT,False,Géopolitique majeure,china,porte régionale: aucun ancrage régional,0,0,0,0,5,7,,absent,aucun,aucun,False,page_institutionnelle,,False,True,pertinent
,China Daily,Médias officiels (contrepoint),Xi attends BRICS summit in New Delhi,https://www.chinadaily.com.cn/a/202609/12/WS6aa515e8e4b06d4aa055db89.html,,0,E,BRUIT,False,Économie / géopolitique ordinaire,summit,géopolitique / économie ordinaire; porte régionale: aucun ancrage régional,0,0,0,0,0,2,,absent,aucun,aucun,False,page_institutionnelle,,False,True,pertinent
,China Daily,Médias officiels (contrepoint),Xi: Build more 'China Services' brands,https://www.chinadaily.com.cn/a/202609/11/WS6aa3cb25e4b06d4aa055d9f3.html,,12,E,BRUIT,False,Géopolitique majeure,china,porte régionale: aucun ancrage régional,0,0,0,0,5,7,,absent,aucun,aucun,False,page_institutionnelle,,False,True,pertinent
,China Daily,Médias officiels (contrepoint),BRICS: Building Bridges,https://www.chinadaily.com.cn/a/202609/11/WS6aa35b46e4b06d4aa055d7dc.html,,0,E,BRUIT,False,Faible priorité,,porte régionale: aucun ancrage régional,0,0,0,0,0,0,,absent,aucun,aucun,False,page_institutionnelle,,False,True,pertinent
,China Daily,Médias officiels (contrepoint),BRICS pivotal in formulating AI rules,https://www.chinadaily.com.cn/a/202609/13/WS6aa5da69e4b06d4aa055dbf9.html,,0,E,BRUIT,False,Faible priorité,,porte régionale: aucun ancrage régional,0,0,0,0,0,0,,absent,aucun,aucun,False,page_institutionnelle,,False,True,pertinent
,China Daily,Médias officiels (contrepoint),Africa eyes initiative in disease control,https://www.chinadaily.com.cn/a/202609/13/WS6aa5dfdce4b06d4aa055dc13.html,,0,E,BRUIT,False,Faible priorité,,porte régionale: aucun ancrage régional,0,0,0,0,0,0,,absent,aucun,aucun,False,page_institutionnelle,,False,True,pertinent
,China Daily,Médias officiels (contrepoint),Ties with new hometown sealed,https://www.chinadaily.com.cn/a/202609/13/WS6aa5dd3de4b06d4aa055dc09.html,,0,E,BRUIT,False,Faible priorité,,porte régionale: aucun ancrage régional,0,0,0,0,0,0,,absent,aucun,aucun,False,page_institutionnelle,,False,True,pertinent
,China Daily,Médias officiels (contrepoint),"Alliance hails smart farming, rural growth",https://www.chinadaily.com.cn/a/202609/13/WS6aa5e59fe4b06d4aa055dc2a.html,,0,E,BRUIT,False,Faible priorité,,porte régionale: aucun ancrage régional,0,0,0,0,0,0,,absent,aucun,aucun,False,page_institutionnelle,,False,True,pertinent
,China Daily,Médias officiels (contrepoint),Xi eyes BRICS' next 'golden decade',https://www.chinadaily.com.cn/a/202609/13/WS6aa57d1be4b06d4aa055dbe1.html,,0,E,BRUIT,False,Faible priorité,,porte régionale: aucun ancrage régional,0,0,0,0,0,0,,absent,aucun,aucun,False,page_institutionnelle,,False,True,pertinent
,China Daily,Médias officiels (contrepoint),Xi's Moments,https://www.chinadaily.com.cn/china/xismoments,,0,E,BRUIT,False,Faible priorité,,porte régionale: aucun ancrage régional,0,0,0,0,0,0,,absent,aucun,aucun,False,page_institutionnelle,,False,True,pertinent
,China Daily,Médias officiels (contrepoint),Xi attends second day of BRICS summit in New Delhi,https://www.chinadaily.com.cn/a/202609/13/WS6aa63396e4b06d4aa055dc4c.html,,0,E,BRUIT,False,Économie / géopolitique ordinaire,summit,géopolitique / économie ordinaire; porte régionale: aucun ancrage régional,0,0,0,0,0,2,,absent,aucun,aucun,False,page_institutionnelle,,False,True,pertinent
,China Daily,Médias officiels (contrepoint),"Payment, currency ties to boost BRICS",https://www.chinadaily.com.cn/a/202609/13/WS6aa5dd91e4b06d4aa055dc0f.html,,0,E,BRUIT,False,Faible priorité,,porte régionale: aucun ancrage régional,0,0,0,0,0,0,,absent,aucun,aucun,False,page_institutionnelle,,False,True,pertinent
,China Daily,Médias officiels (contrepoint),"BRICS countries rally to counter shocks of power politics, unilateralism",https://www.chinadaily.com.cn/a/202609/13/WS6aa58824e4b06d4aa055dbe4.html,,2,E,BRUIT,False,Politique intérieure,rally,porte régionale: aucun ancrage régional,0,0,0,0,2,0,,absent,aucun,aucun,False,page_institutionnelle,,False,True,pertinent
,China Daily,Médias officiels (contrepoint),The Fed's dilemma: Why are global markets on edge?,https://www.chinadaily.com.cn/a/202609/12/WS6aa5012ee4b06d4aa055db75.html,,0,E,BRUIT,False,Faible priorité,,porte régionale: aucun ancrage régional,0,0,0,0,0,0,,absent,aucun,aucun,False,page_institutionnelle,,False,True,pertinent
,China Daily,Médias officiels (contrepoint),25 years after 9/11: Has the world become a better place?,https://www.chinadaily.com.cn/a/202609/11/WS6aa342d4e4b06d4aa055d6e9.html,,0,E,BRUIT,False,Faible priorité,,porte régionale: aucun ancrage régional,0,0,0,0,0,0,,absent,aucun,aucun,False,page_institutionnelle,,False,True,pertinent
,China Daily,Médias officiels (contrepoint),"China sets 2030 targets for smart, connected NEVs",https://www.chinadaily.com.cn/a/202609/11/WS6aa36ccae4b06d4aa055d8ac.html,,12,E,BRUIT,False,Géopolitique majeure,china,porte régionale: aucun ancrage régional,0,0,0,0,5,7,,absent,aucun,aucun,False,page_institutionnelle,,False,True,pertinent
,China Daily,Médias officiels (contrepoint),US market sours on $6b Treasury buyback,https://www.chinadaily.com.cn/a/202609/11/WS6aa35fc2e4b06d4aa055d82c.html,,0,E,BRUIT,False,Faible priorité,market,porte régionale: aucun ancrage régional,0,0,0,0,0,0,,absent,aucun,aucun,False,page_institutionnelle,,False,True,pertinent
,China Daily,Médias officiels (contrepoint),Fiji tourism rebounds amid record visitor arrivals,https://www.chinadaily.com.cn/a/202609/11/WS6aa355fde4b06d4aa055d7ac.html,,0,E,BRUIT,False,Faible priorité,tourism,porte régionale: aucun ancrage régional,0,0,0,0,0,0,,absent,aucun,aucun,False,page_institutionnelle,,False,True,pertinent
,China Daily,Médias officiels (contrepoint),Chinese overseas firms focus on building brand trust,https://www.chinadaily.com.cn/a/202609/11/WS6aa3556fe4b06d4aa055d79c.html,,0,E,BRUIT,False,Faible priorité,,porte régionale: aucun ancrage régional,0,0,0,0,0,0,,absent,aucun,aucun,False,page_institutionnelle,,False,True,pertinent
,China Daily,Médias officiels (contrepoint),"Guyi Garden, Shanghai",https://www.chinadaily.com.cn/a/202609/13/WS6aa5d970e4b06d4aa055dbf3.html,,0,E,BRUIT,False,Faible priorité,,porte régionale: aucun ancrage régional,0,0,0,0,0,0,,absent,aucun,aucun,False,page_institutionnelle,,False,True,pertinent
,China Daily,Médias officiels (contrepoint),Beijing's fashionable riverside retreat,https://www.chinadaily.com.cn/a/202609/11/WS6aa3c616e4b06d4aa055d9ec.html,,0,E,BRUIT,False,Faible priorité,,porte régionale: aucun ancrage régional,0,0,0,0,0,0,,absent,aucun,aucun,False,page_institutionnelle,,False,True,pertinent
,China Daily,Médias officiels (contrepoint),Shanghai Tourism Festival floats set to tour city,https://www.chinadaily.com.cn/a/202609/11/WS6aa3b55de4b06d4aa055d9a3.html,,0,E,BRUIT,False,Faible priorité,tourism; festival,porte régionale: aucun ancrage régional,0,0,0,0,0,0,,absent,aucun,aucun,False,page_institutionnelle,,False,True,pertinent
,China Daily,Médias officiels (contrepoint),Shandong-built hull completed for Petrobras' all-electric FPSO,https://www.chinadaily.com.cn/a/202609/11/WS6aa3b581e4b06d4aa055d9a9.html,,0,E,BRUIT,False,Faible priorité,,porte régionale: aucun ancrage régional,0,0,0,0,0,0,,absent,aucun,aucun,False,page_institutionnelle,,False,True,pertinent
,China Daily,Médias officiels (contrepoint),Argentine entrepreneurs take training program in Jinhua,https://www.chinadaily.com.cn/a/202609/11/WS6aa3b57fe4b06d4aa055d9a7.html,,0,E,BRUIT,False,Faible priorité,,porte régionale: aucun ancrage régional,0,0,0,0,0,0,,absent,aucun,aucun,False,page_institutionnelle,,False,True,pertinent
,China Daily,Médias officiels (contrepoint),A Mexican physician finds her place in Wuxi,https://www.chinadaily.com.cn/a/202609/11/WS6aa3b583e4b06d4aa055d9ab.html,,0,E,BRUIT,False,Faible priorité,,porte régionale: aucun ancrage régional,0,0,0,0,0,0,,absent,aucun,aucun,False,page_institutionnelle,,False,True,pertinent
,China Daily,Médias officiels (contrepoint),Wuhan climbs global innovation index rankings,https://www.chinadaily.com.cn/a/202609/11/WS6aa3b57de4b06d4aa055d9a5.html,,0,E,BRUIT,False,Faible priorité,,porte régionale: aucun ancrage régional,0,0,0,0,0,0,,absent,aucun,aucun,False,page_institutionnelle,,False,True,pertinent
,China Daily,Médias officiels (contrepoint),Back in the swing of things,https://www.chinadaily.com.cn/a/202609/11/WS6aa35187e4b06d4aa055d756.html,,0,E,BRUIT,False,Faible priorité,,porte régionale: aucun ancrage régional,0,0,0,0,0,0,,absent,aucun,aucun,False,page_institutionnelle,,False,True,pertinent
,China Daily,Médias officiels (contrepoint),Arteta lauds in-form Odegaard as 'remarkable' Arsenal edges Napoli,https://www.chinadaily.com.cn/a/202609/11/WS6aa351b1e4b06d4aa055d75a.html,,0,E,BRUIT,False,Faible priorité,,porte régionale: aucun ancrage régional,0,0,0,0,0,0,,absent,aucun,aucun,False,page_institutionnelle,,False,True,pertinent
,China Daily,Médias officiels (contrepoint),Cartoon: The EU's inflation struggle,https://www.chinadaily.com.cn/a/202609/11/WS6aa35be4e4b06d4aa055d7ea.html,,0,E,BRUIT,False,Faible priorité,,porte régionale: aucun ancrage régional,0,0,0,0,0,0,,absent,aucun,aucun,False,page_institutionnelle,,False,True,pertinent
,China Daily,Médias officiels (contrepoint),SSC drives sustainable development,https://www.chinadaily.com.cn/a/202609/11/WS6aa35da4e4b06d4aa055d80b.html,,0,E,BRUIT,False,Faible priorité,development,porte régionale: aucun ancrage régional,0,0,0,0,0,0,,absent,aucun,aucun,False,page_institutionnelle,,False,True,pertinent
,China Daily,Médias officiels (contrepoint),Western politicians need to stop fearmongering about Chinese goods,https://www.chinadaily.com.cn/a/202609/11/WS6aa35e0be4b06d4aa055d813.html,,0,E,BRUIT,False,Faible priorité,,porte régionale: aucun ancrage régional,0,0,0,0,0,0,,absent,aucun,aucun,False,page_institutionnelle,,False,True,pertinent
,China Daily,Médias officiels (contrepoint),Plant seeds of peace today for a harmonious tomorrow,https://www.chinadaily.com.cn/a/202609/11/WS6aa35d46e4b06d4aa055d800.html,,0,E,BRUIT,False,Faible priorité,,porte régionale: aucun ancrage régional,0,0,0,0,0,0,,absent,aucun,aucun,False,page_institutionnelle,,False,True,pertinent
,China Daily,Médias officiels (contrepoint),"Two ancient civilizations, two modern journeys",https://www.chinadaily.com.cn/a/202609/11/WS6aa35c61e4b06d4aa055d7f2.html,,0,E,BRUIT,False,Faible priorité,,porte régionale: aucun ancrage régional,0,0,0,0,0,0,,absent,aucun,aucun,False,page_institutionnelle,,False,True,pertinent
,CGTN,Médias officiels (contrepoint),Middle East,https://www.cgtn.com/world/middle-east,,0,E,BRUIT,False,Faible priorité,,porte régionale: aucun ancrage régional,0,0,0,0,0,0,,absent,aucun,aucun,False,page_institutionnelle,,False,True,pertinent
,CGTN,Médias officiels (contrepoint),President Xi attends Session II of 18th BRICS Summit,https://news.cgtn.com/news/2026-09-13/President-Xi-attends-Session-II-of-18th-BRICS-Summit-1QoP9KZAJvq/p.html,,0,E,BRUIT,False,Politique intérieure,president; summit,géopolitique / économie ordinaire; porte régionale: aucun ancrage régional,0,0,0,0,2,2,,absent,aucun,aucun,False,page_institutionnelle,,False,True,pertinent
,CGTN,Médias officiels (contrepoint),President Xi addresses Session II of 18th BRICS Summit,https://news.cgtn.com/news/2026-09-13/President-Xi-addresses-Session-II-of-18th-BRICS-Summit-1Qp1cqB3v0c/p.html,,0,E,BRUIT,False,Politique intérieure,president; summit,géopolitique / économie ordinaire; porte régionale: aucun ancrage régional,0,0,0,0,2,2,,absent,aucun,aucun,False,page_institutionnelle,,False,True,pertinent
,CGTN,Médias officiels (contrepoint),"Xi, Modi conduct in-depth exchange of views",https://news.cgtn.com/news/2026-09-13/Xi-Modi-conduct-in-depth-exchange-of-views-1QoNmJHaPIc/p.html,,0,E,BRUIT,False,Faible priorité,,porte régionale: aucun ancrage régional,0,0,0,0,0,0,,absent,aucun,aucun,False,page_institutionnelle,,False,True,pertinent
,CGTN,Médias officiels (contrepoint),Houthis claim hitting Saudi base in renewed fighting,https://news.cgtn.com/news/2026-09-13/Houthis-claim-hitting-Saudi-base-in-renewed-fighting-1QoDO0N9wRy/p.html,,0,E,BRUIT,False,Faible priorité,,porte régionale: aucun ancrage régional,0,0,0,0,0,0,,absent,aucun,aucun,False,page_institutionnelle,,False,True,pertinent
,CGTN,Médias officiels (contrepoint),Report: China's token consumption to reach 100 quadrillion in 2026,https://news.cgtn.com/news/2026-09-13/Report-China-s-token-consumption-to-reach-100-quadrillion-in-2026-1QoRwSLhAhG/p.html,,12,E,BRUIT,False,Géopolitique majeure,china,porte régionale: aucun ancrage régional,0,0,0,0,5,7,,absent,aucun,aucun,False,page_institutionnelle,,False,True,pertinent
,CGTN,Médias officiels (contrepoint),How AI and digital platforms are unlocking overseas markets,https://news.cgtn.com/news/2026-09-11/How-AI-and-digital-platforms-are-unlocking-overseas-markets-1Qm6OQgNTZC/p.html,,0,E,BRUIT,False,Faible priorité,,porte régionale: aucun ancrage régional,0,0,0,0,0,0,,absent,aucun,aucun,False,page_institutionnelle,,False,True,pertinent
,CGTN,Médias officiels (contrepoint),Polls open in Sweden's general election,https://news.cgtn.com/news/2026-09-13/news-1Qp2tK8ssI8/p.html,,2,E,BRUIT,False,Politique intérieure,election,porte régionale: aucun ancrage régional,0,0,0,0,2,0,,absent,aucun,aucun,False,page_institutionnelle,,False,True,pertinent
,CGTN,Médias officiels (contrepoint),Rescuers searching for 140 people from Indonesian passenger ship,https://news.cgtn.com/news/2026-09-13/news-1QoV0puktwI/p.html,,0,E,BRUIT,False,Faible priorité,,porte régionale: aucun ancrage régional,0,0,0,0,0,0,,absent,aucun,aucun,False,page_institutionnelle,,False,True,pertinent
,CGTN,Médias officiels (contrepoint),"Iranian media citing governor of Qeshm County: 'A commercial vessel was struck at approximately 5:00 AM today in the vicinity of Hengam Island and the Shib Daraz coast of Qeshm Island. In this incident, one person was killed and three others were injured.'",https://news.cgtn.com/news/2026-09-13/news-1QoWEnq8Fl6/p.html,,0,E,BRUIT,False,Faible priorité,,porte régionale: aucun ancrage régional,0,0,0,0,0,0,,absent,aucun,aucun,False,page_institutionnelle,,False,True,pertinent
,CGTN,Médias officiels (contrepoint),BRICS leaders adopt joint declaration at summit in New Delhi,https://news.cgtn.com/news/2026-09-13/BRICS-leaders-adopt-joint-declaration-at-summit-in-New-Delhi-1QoAlV0NwJ2/p.html,,0,E,BRUIT,False,Économie / géopolitique ordinaire,summit,géopolitique / économie ordinaire; porte régionale: aucun ancrage régional,0,0,0,0,0,2,,absent,aucun,aucun,False,page_institutionnelle,,False,True,pertinent
,CGTN,Médias officiels (contrepoint),Anthony Moretti,https://www.cgtn.com/opinions/commentator/Anthony-Moretti.html,,0,E,BRUIT,False,Faible priorité,,porte régionale: aucun ancrage régional,0,0,0,0,0,0,,absent,aucun,aucun,False,page_institutionnelle,,False,True,pertinent
,CGTN,Médias officiels (contrepoint),"UNDP, China advance South-South cooperation, benefiting millions",https://news.cgtn.com/news/2026-09-13/UNDP-China-advance-South-South-cooperation-benefiting-millions-1QoSjPdcrMA/p.html,,12,E,BRUIT,False,Géopolitique majeure,china,porte régionale: aucun ancrage régional,0,0,0,0,5,7,,absent,aucun,aucun,False,page_institutionnelle,,False,True,pertinent
,CGTN,Médias officiels (contrepoint),Int'l experts look to China to advance 'Greater BRICS' cooperation,https://news.cgtn.com/news/2026-09-13/Int-l-experts-look-to-China-to-advance-Greater-BRICS-cooperation-1QoJoB5vSZG/p.html,,12,E,BRUIT,False,Géopolitique majeure,china,porte régionale: aucun ancrage régional,0,0,0,0,5,7,,absent,aucun,aucun,False,page_institutionnelle,,False,True,pertinent
,CGTN,Médias officiels (contrepoint),How BRICS promotes multilateralism: By practicing it,https://news.cgtn.com/news/2026-09-13/How-BRICS-promotes-multilateralism-By-practicing-it-1QnOW9pEFUs/p.html,,0,E,BRUIT,False,Faible priorité,,porte régionale: aucun ancrage régional,0,0,0,0,0,0,,absent,aucun,aucun,False,page_institutionnelle,,False,True,pertinent
,CGTN,Médias officiels (contrepoint),China releases list of world's leading sci-tech journals,https://news.cgtn.com/news/2026-09-13/China-releases-list-of-world-s-leading-sci-tech-journals-1QoI86TeFS8/p.html,,12,E,BRUIT,False,Géopolitique majeure,china,porte régionale: aucun ancrage régional,0,0,0,0,5,7,,absent,aucun,aucun,False,page_institutionnelle,,False,True,pertinent
,CGTN,Médias officiels (contrepoint),Embodied AI data goes global: Cross-border trade platform debuts at CIFTIS,https://news.cgtn.com/news/2026-09-13/Embodied-AI-data-goes-global-Cross-border-trade-platform-debuts-at-CIFTIS-1QoDnbOK0ik/p.html,,0,E,BRUIT,False,Faible priorité,trade,porte régionale: aucun ancrage régional,0,0,0,0,0,0,,absent,aucun,aucun,False,page_institutionnelle,,False,True,pertinent
,CGTN,Médias officiels (contrepoint),Egypt prepares to launch clinical trials for Ebola vaccine,https://newsaf.cgtn.com/news/2026-09-13/Egypt-prepares-to-launch-clinical-trials-for-Ebola-vaccine-1QnSgkUv3La/p.html,,0,E,BRUIT,False,Faible priorité,,porte régionale: aucun ancrage régional,0,0,0,0,0,0,,absent,aucun,aucun,False,page_institutionnelle,,False,True,pertinent
,CGTN,Médias officiels (contrepoint),China crushes Bahrain in Asian Games men's basketball,https://news.cgtn.com/news/2026-09-13/China-crushes-Bahrain-in-Asian-Games-men-s-basketball-1QoPgO70fte/p.html,,12,E,BRUIT,False,Géopolitique majeure,china,porte régionale: aucun ancrage régional,0,0,0,0,5,7,,absent,aucun,aucun,False,page_institutionnelle,,False,True,pertinent
,CGTN,Médias officiels (contrepoint),"Rybakina triumphs in US Open, denies Sabalenka three-peat",https://news.cgtn.com/news/2026-09-13/Rybakina-triumphs-in-US-Open-denies-Sabalenka-three-peat-1QoPzHAGsfu/p.html,,0,E,BRUIT,False,Faible priorité,,porte régionale: aucun ancrage régional,0,0,0,0,0,0,,absent,aucun,aucun,False,page_institutionnelle,,False,True,pertinent
,CGTN,Médias officiels (contrepoint),El Niño puts South American food chain at risk,https://newsus.cgtn.com/news/2026-09-13/El-Ni-o-puts-South-American-food-chain-at-risk-1Qojdk0mwhi/p.html,,0,E,BRUIT,False,Faible priorité,,porte régionale: aucun ancrage régional,0,0,0,0,0,0,,absent,aucun,aucun,False,page_institutionnelle,,False,True,pertinent
,CGTN,Médias officiels (contrepoint),By Global Stringer,https://www.cgtn.com/gstringer/stringer/global-stringer.html,,0,E,BRUIT,False,Faible priorité,,porte régionale: aucun ancrage régional,0,0,0,0,0,0,,absent,aucun,aucun,False,page_institutionnelle,,False,True,pertinent
,CGTN,Médias officiels (contrepoint),Side by Side: Foreign volunteers in China's anti-fascist struggle,https://www.cgtn.com/tv/replay?id=CIFCAEA,,12,E,BRUIT,False,Géopolitique majeure,china,porte régionale: aucun ancrage régional,0,0,0,0,5,7,,absent,aucun,aucun,False,page_institutionnelle,,False,True,pertinent
,CGTN,Médias officiels (contrepoint),Kungfu legend: Experience the Shaolin way of life,https://www.cgtn.com/thelegendofkungfu/vrshaolin,,0,E,BRUIT,False,Faible priorité,,porte régionale: aucun ancrage régional,0,0,0,0,0,0,,absent,aucun,aucun,False,page_institutionnelle,,False,True,pertinent
,CGTN,Médias officiels (contrepoint),Video shows Israeli troops firing on Palestinians in West Bank,https://news.cgtn.com/news/2026-09-13/Video-shows-Israeli-troops-firing-on-Palestinians-in-West-Bank-1QoU6orBg88/p.html,,12,E,BRUIT,False,Géopolitique majeure,troops,porte régionale: aucun ancrage régional,0,0,0,0,5,7,,absent,aucun,aucun,False,page_institutionnelle,,False,True,pertinent
,CGTN,Médias officiels (contrepoint),Fire at nursing home in Chile kills 16 elderly residents,https://news.cgtn.com/news/2026-09-13/Fire-at-nursing-home-in-Chile-kills-16-elderly-residents-1QoRBBUWz6M/p.html,,0,E,BRUIT,False,Faible priorité,,porte régionale: aucun ancrage régional,0,0,0,0,0,0,,absent,citoyen_ordinaire,aucun,False,page_institutionnelle,,False,True,pertinent
,CGTN,Médias officiels (contrepoint),China Crafted | Explore the virtual exhibition with CGTN Art Series,https://www.cgtn.com/specials/2026/china-crafted.html,,12,E,BRUIT,False,Géopolitique majeure,china,porte régionale: aucun ancrage régional,0,0,0,0,5,7,,absent,aucun,aucun,False,page_institutionnelle,,False,True,pertinent
,CGTN,Médias officiels (contrepoint),Learn Chinese,https://www.cgtn.com/special/chinese-master,,0,E,BRUIT,False,Faible priorité,,porte régionale: aucun ancrage régional,0,0,0,0,0,0,,absent,aucun,aucun,False,page_institutionnelle,,False,True,pertinent
,Ministère chinois des Affaires étrangères,Médias officiels (contrepoint),President Xi Jinping Meets with Prime Minister Narendra Modi of India,https://www.fmprc.gov.cn/eng/xw/zyxw/202609/t20260913_12021206.html,,0,E,BRUIT,False,Politique intérieure,president; prime minister; minister,porte régionale: aucun ancrage régional,0,0,0,0,2,0,,absent,aucun,aucun,False,page_institutionnelle,,False,True,pertinent
,Ministère chinois des Affaires étrangères,Médias officiels (contrepoint),President Xi Jinping Attends Session I of the 18th BRICS Summit and Delivers an Important Statement,https://www.fmprc.gov.cn/eng/xw/zyxw/202609/t20260913_12021253.html,,0,E,BRUIT,False,Politique intérieure,president; summit,géopolitique / économie ordinaire; porte régionale: aucun ancrage régional,0,0,0,0,2,2,,absent,aucun,aucun,False,page_institutionnelle,,False,True,pertinent
,Ministère chinois des Affaires étrangères,Médias officiels (contrepoint),Xi Jinping Arrives in New Delhi to Attend the 18th BRICS Summit,https://www.fmprc.gov.cn/eng/xw/zyxw/202609/t20260913_12021277.html,,0,E,BRUIT,False,Économie / géopolitique ordinaire,summit,géopolitique / économie ordinaire; porte régionale: aucun ancrage régional,0,0,0,0,0,2,,absent,aucun,aucun,False,page_institutionnelle,,False,True,pertinent
,Ministère chinois des Affaires étrangères,Médias officiels (contrepoint),Jointly Shouldering the Responsibility of the Times and Striving to Be a Pioneering Force,https://www.fmprc.gov.cn/eng/xw/zyxw/202609/t20260913_12021267.html,,0,E,BRUIT,False,Faible priorité,,porte régionale: aucun ancrage régional,0,0,0,0,0,0,,absent,aucun,aucun,False,page_institutionnelle,,False,True,pertinent
,Ministère chinois des Affaires étrangères,Médias officiels (contrepoint),President Xi Jinping Departs Beijing for New Delhi to Attend the 18th BRICS Summit,https://www.fmprc.gov.cn/eng/xw/zyxw/202609/t20260913_12021229.html,,0,E,BRUIT,False,Politique intérieure,president; summit,géopolitique / économie ordinaire; porte régionale: aucun ancrage régional,0,0,0,0,2,2,,absent,aucun,aucun,False,page_institutionnelle,,False,True,pertinent
,Ministère chinois des Affaires étrangères,Médias officiels (contrepoint),Wang Yi Holds Talks with Mexican Secretary of Foreign Affairs Roberto Velasco Álvarez,https://www.fmprc.gov.cn/eng/wjbzhd/202609/t20260913_12021284.html,,0,E,BRUIT,False,Économie / géopolitique ordinaire,talks,géopolitique / économie ordinaire; porte régionale: aucun ancrage régional,0,0,0,0,0,2,,absent,aucun,aucun,False,page_institutionnelle,,False,True,pertinent
,Ministère chinois des Affaires étrangères,Médias officiels (contrepoint),"Special Envoy on Afghan Affairs of the Ministry of Foreign Affairs Yue Xiaoyong Visits Pakistan and Saudi Arabia for Consultations September 08, 2026",https://www.fmprc.gov.cn/eng/xw/wjbxw/202609/t20260913_12021287.html,,0,E,BRUIT,False,Politique intérieure,ministry,porte régionale: aucun ancrage régional,0,0,0,0,2,0,,absent,aucun,aucun,False,page_institutionnelle,,False,True,pertinent
,Ministère chinois des Affaires étrangères,Médias officiels (contrepoint),Assistant Foreign Minister Liu Bin Meets with Pakistani Delegation of Former Senior Diplomats,https://www.fmprc.gov.cn/eng/xw/wjbxw/202609/t20260913_12021286.html,,0,E,BRUIT,False,Politique intérieure,minister; delegation; foreign minister,géopolitique / économie ordinaire; porte régionale: aucun ancrage régional,0,0,0,0,2,2,,absent,aucun,aucun,False,page_institutionnelle,,False,True,pertinent
,Ministère chinois des Affaires étrangères,Médias officiels (contrepoint),Assistant Foreign Minister Liu Bin Attends the Opening Ceremony of the 4th Workshop on AI Capacity Building,https://www.fmprc.gov.cn/eng/xw/wjbxw/202609/t20260913_12021285.html,,0,E,BRUIT,False,Politique intérieure,minister; foreign minister,géopolitique / économie ordinaire; porte régionale: aucun ancrage régional,0,0,0,0,2,2,,absent,aucun,aucun,False,page_institutionnelle,,False,True,pertinent
,Fararu,Médias indépendants,طلا یک کانال پایین آمد,https://www.fararu.com/fa/news/1001676/%D9%82%DB%8C%D9%85%D8%AA-%D8%B7%D9%84%D8%A7-18-%D8%B9%DB%8C%D8%A7%D8%B1-%D8%A7%D9%85%D8%B1%D9%88%D8%B2-%DB%8C%DA%A9%D8%B4%D9%86%D8%A8%D9%87-22-%D8%B4%D9%87%D8%B1%DB%8C%D9%88%D8%B1-1405,,0,E,BRUIT,False,Faible priorité,,porte régionale: aucun ancrage régional,0,0,0,0,0,0,,absent,aucun,aucun,False,page_institutionnelle,,False,True,pertinent
,Fararu,Médias indépendants,مدیر جنجالی مسافر ژاپن شد؛ از تحقیقات چه خبر؟,https://www.fararu.com/fa/news/1001640/%D9%85%D8%AF%DB%8C%D8%B1-%D8%AC%D9%86%D8%AC%D8%A7%D9%84%DB%8C-%D9%85%D8%B3%D8%A7%D9%81%D8%B1-%DA%98%D8%A7%D9%BE%D9%86-%D8%B4%D8%AF-%D8%A7%D8%B2-%D8%AA%D8%AD%D9%82%DB%8C%D9%82%D8%A7%D8%AA-%DA%86%D9%87-%D8%AE%D8%A8%D8%B1,,0,E,BRUIT,False,Faible priorité,,porte régionale: aucun ancrage régional,0,0,0,0,0,0,,absent,aucun,aucun,False,page_institutionnelle,,False,True,pertinent
,Fararu,Médias indépendants,«استراتژی بقا» طبقه متوسط در دوران تعلیق به روایت عبده تبریزی,https://www.fararu.com/fa/news/1001639/%D8%A7%D8%B3%D8%AA%D8%B1%D8%A7%D8%AA%DA%98%DB%8C-%D8%A8%D9%82%D8%A7-%D8%B7%D8%A8%D9%82%D9%87-%D9%85%D8%AA%D9%88%D8%B3%D8%B7-%D8%AF%D8%B1-%D8%AF%D9%88%D8%B1%D8%A7%D9%86-%D8%AA%D8%B9%D9%84%DB%8C%D9%82-%D8%A8%D9%87-%D8%B1%D9%88%D8%A7%DB%8C%D8%AA-%D8%B9%D8%A8%D8%AF%D9%87-%D8%AA%D8%A8%D8%B1%DB%8C%D8%B2%DB%8C,,0,E,BRUIT,False,Faible priorité,,porte régionale: aucun ancrage régional,0,0,0,0,0,0,,absent,aucun,aucun,False,page_institutionnelle,,False,True,pertinent
,Fararu,Médias indépendants,رویکرد چین در برابر قطعنامه علیه ایران چه خواهد بود؟,https://www.fararu.com/fa/news/1001631/%D8%B1%D9%88%DB%8C%DA%A9%D8%B1%D8%AF-%DA%86%DB%8C%D9%86-%D8%AF%D8%B1-%D8%A8%D8%B1%D8%A7%D8%A8%D8%B1-%D9%82%D8%B7%D8%B9%D9%86%D8%A7%D9%85%D9%87-%D8%B9%D9%84%DB%8C%D9%87-%D8%A7%DB%8C%D8%B1%D8%A7%D9%86-%D8%AF%D8%B1-%D8%B4%D9%88%D8%B1%D8%A7%DB%8C-%D8%A7%D9%85%D9%86%DB%8C%D8%AA-%DA%86%D9%87-%D8%AE%D9%88%D8%A7%D9%87%D8%AF-%D8%A8%D9%88%D8%AF,,0,E,BRUIT,False,Faible priorité,,porte régionale: aucun ancrage régional,0,0,0,0,0,0,,absent,aucun,aucun,False,page_institutionnelle,,False,True,pertinent
,Fararu,Médias indépendants,جزئیات هدف قرارگرفتن یک کشتی هنگام عبور از تنگه هرمز,https://www.fararu.com/fa/news/1001629/%D8%AC%D8%B2%D8%A6%DB%8C%D8%A7%D8%AA-%D9%87%D8%AF%D9%81-%D9%82%D8%B1%D8%A7%D8%B1%DA%AF%D8%B1%D9%81%D8%AA%D9%86-%DB%8C%DA%A9-%DA%A9%D8%B4%D8%AA%DB%8C-%D9%87%D9%86%DA%AF%D8%A7%D9%85-%D8%B9%D8%A8%D9%88%D8%B1-%D8%A7%D8%B2-%D8%AA%D9%86%DA%AF%D9%87-%D9%87%D8%B1%D9%85%D8%B2,,0,E,BRUIT,False,Faible priorité,,porte régionale: aucun ancrage régional,0,0,0,0,0,0,,absent,aucun,aucun,False,page_institutionnelle,,False,True,pertinent
,Fararu,Médias indépendants,جنگنده سبک روسی در راه ایران؟,https://www.fararu.com/fa/news/1001628/%D8%AC%D9%86%DA%AF%D9%86%D8%AF%D9%87-%D8%B3%D8%A8%DA%A9-%D8%B1%D9%88%D8%B3%DB%8C-%D8%AF%D8%B1-%D8%B1%D8%A7%D9%87-%D8%A7%DB%8C%D8%B1%D8%A7%D9%86,,0,E,BRUIT,False,Faible priorité,,porte régionale: aucun ancrage régional,0,0,0,0,0,0,,absent,aucun,aucun,False,page_institutionnelle,,False,True,pertinent
,Fararu,Médias indépendants,به جای دستپاچگی؛ قرارداد قلعهنویی را منتشر کنید!,https://www.fararu.com/fa/news/1001601/%D8%A8%D9%87-%D8%AC%D8%A7%DB%8C-%D8%AF%D8%B3%D8%AA%D9%BE%D8%A7%DA%86%DA%AF%DB%8C-%D9%82%D8%B1%D8%A7%D8%B1%D8%AF%D8%A7%D8%AF-%D9%82%D9%84%D8%B9%D9%87-%D9%86%D9%88%DB%8C%DB%8C-%D8%B1%D8%A7-%D9%85%D9%86%D8%AA%D8%B4%D8%B1-%DA%A9%D9%86%DB%8C%D8%AF,,0,E,BRUIT,False,Faible priorité,,porte régionale: aucun ancrage régional,0,0,0,0,0,0,,absent,aucun,aucun,False,page_institutionnelle,,False,True,pertinent
,Fararu,Médias indépendants,ترافیک ۷ کیلومتری در جاده کندوان؛ چالوس مسدود شد,https://www.fararu.com/fa/news/1001584/%D8%AA%D8%B1%D8%A7%D9%81%DB%8C%DA%A9-%DA%A9%DB%8C%D9%84%D9%88%D9%85%D8%AA%D8%B1%DB%8C-%D8%AF%D8%B1-%D8%AC%D8%A7%D8%AF%D9%87-%DA%A9%D9%86%D8%AF%D9%88%D8%A7%D9%86-%DA%86%D8%A7%D9%84%D9%88%D8%B3-%D9%85%D8%B3%D8%AF%D9%88%D8%AF-%D8%B4%D8%AF,,0,E,BRUIT,False,Faible priorité,,porte régionale: aucun ancrage régional,0,0,0,0,0,0,,absent,aucun,aucun,False,page_institutionnelle,,False,True,pertinent
,Fararu,Médias indépendants,ادعای سنتکام درباره تداوم محاصره دریایی ایران,https://www.fararu.com/fa/news/1001581/%D8%A7%D8%AF%D8%B9%D8%A7%DB%8C-%D8%B3%D9%86%D8%AA%DA%A9%D8%A7%D9%85-%D8%AF%D8%B1%D8%A8%D8%A7%D8%B1%D9%87-%D8%AA%D8%AF%D8%A7%D9%88%D9%85-%D9%85%D8%AD%D8%A7%D8%B5%D8%B1%D9%87-%D8%AF%D8%B1%DB%8C%D8%A7%DB%8C%DB%8C-%D8%A7%DB%8C%D8%B1%D8%A7%D9%86,,0,E,BRUIT,False,Faible priorité,,porte régionale: aucun ancrage régional,0,0,0,0,0,0,,absent,aucun,aucun,False,page_institutionnelle,,False,True,pertinent
,Fararu,Médias indépendants,جزئیات جدید درباره تفاهم نهایی ایران و عمان,https://www.fararu.com/fa/news/1001576/%D8%AC%D8%B2%D8%A6%DB%8C%D8%A7%D8%AA-%D8%AC%D8%AF%DB%8C%D8%AF-%D8%AF%D8%B1%D8%A8%D8%A7%D8%B1%D9%87-%D8%AA%D9%81%D8%A7%D9%87%D9%85-%D9%86%D9%87%D8%A7%DB%8C%DB%8C-%D8%A7%DB%8C%D8%B1%D8%A7%D9%86-%D8%B9%D9%85%D8%A7%D9%86,,0,E,BRUIT,False,Faible priorité,,porte régionale: aucun ancrage régional,0,0,0,0,0,0,,absent,aucun,aucun,False,page_institutionnelle,,False,True,pertinent
,Fararu,Médias indépendants,بهترین ادویهها برای سلامت کبد,https://www.fararu.com/fa/news/1001565/%D8%A8%D9%87%D8%AA%D8%B1%DB%8C%D9%86-%D8%A7%D8%AF%D9%88%DB%8C%D9%87-%D9%87%D8%A7-%D8%A8%D8%B1%D8%A7%DB%8C-%D8%B3%D9%84%D8%A7%D9%85%D8%AA-%DA%A9%D8%A8%D8%AF,,0,E,BRUIT,False,Faible priorité,,porte régionale: aucun ancrage régional,0,0,0,0,0,0,,absent,aucun,aucun,False,page_institutionnelle,,False,True,pertinent
,Fararu,Médias indépendants,خبری از توافق بازگشایی تنگه هرمز در نشست عمان نیست,https://www.fararu.com/fa/news/1001563/%D8%AE%D8%A8%D8%B1%DB%8C-%D8%A7%D8%B2-%D8%AA%D9%88%D8%A7%D9%81%D9%82-%D8%A8%D8%A7%D8%B2%DA%AF%D8%B4%D8%A7%DB%8C%DB%8C-%D8%AA%D9%86%DA%AF%D9%87-%D9%87%D8%B1%D9%85%D8%B2-%D8%AF%D8%B1-%D9%86%D8%B4%D8%B3%D8%AA-%D8%B9%D9%85%D8%A7%D9%86-%D9%86%DB%8C%D8%B3%D8%AA,,0,E,BRUIT,False,Faible priorité,,porte régionale: aucun ancrage régional,0,0,0,0,0,0,,absent,aucun,aucun,False,page_institutionnelle,,False,True,pertinent
,Fararu,Médias indépendants,توضیحات جدید سخنگوی دولت درباره زمان افزایش مبلغ کالابرگ,https://www.fararu.com/fa/news/1001548/%D8%A7%D9%81%D8%B2%D8%A7%DB%8C%D8%B4-%DA%A9%D8%A7%D9%84%D8%A7%D8%A8%D8%B1%DA%AF-%DA%86%D9%87-%D8%B2%D9%85%D8%A7%D9%86%DB%8C-%D8%A7%D8%AC%D8%B1%D8%A7-%D9%85%DB%8C-%D8%B4%D9%88%D8%AF,,0,E,BRUIT,False,Faible priorité,,porte régionale: aucun ancrage régional,0,0,0,0,0,0,,absent,aucun,aucun,False,page_institutionnelle,,False,True,pertinent
,Fararu,Médias indépendants,هزینه رهن و اجاره آپارتمان در شرق و غرب تهران چقدر است؟,https://www.fararu.com/fa/news/1001504/%D9%87%D8%B2%DB%8C%D9%86%D9%87-%D8%B1%D9%87%D9%86-%D8%A7%D8%AC%D8%A7%D8%B1%D9%87-%D8%A2%D9%BE%D8%A7%D8%B1%D8%AA%D9%85%D8%A7%D9%86-%D8%AF%D8%B1-%D8%B4%D8%B1%D9%82-%D8%BA%D8%B1%D8%A8-%D8%AA%D9%87%D8%B1%D8%A7%D9%86-%DA%86%D9%82%D8%AF%D8%B1-%D8%A7%D8%B3%D8%AA,,0,E,BRUIT,False,Faible priorité,,porte régionale: aucun ancrage régional,0,0,0,0,0,0,,absent,aucun,aucun,False,page_institutionnelle,,False,True,pertinent
,Fararu,Médias indépendants,شایعه توقف پروازهای ایران به عراق تکذیب شد,https://www.fararu.com/fa/news/1001533/%D8%B4%D8%A7%DB%8C%D8%B9%D9%87-%D8%AA%D9%88%D9%82%D9%81-%D9%BE%D8%B1%D9%88%D8%A7%D8%B2%D9%87%D8%A7%DB%8C-%D8%A7%DB%8C%D8%B1%D8%A7%D9%86-%D8%A8%D9%87-%D8%B9%D8%B1%D8%A7%D9%82-%D8%AA%DA%A9%D8%B0%DB%8C%D8%A8-%D8%B4%D8%AF,,0,E,BRUIT,False,Faible priorité,,porte régionale: aucun ancrage régional,0,0,0,0,0,0,,absent,aucun,aucun,False,page_institutionnelle,,False,True,pertinent
,Fararu,Médias indépendants,بحرین: در هیچ نشست مشترکی با حضور ایران شرکت نمیکنیم,https://www.fararu.com/fa/news/1001535/%D8%A8%DB%8C%D8%A7%D9%86%DB%8C%D9%87-%D8%B6%D8%AF%D8%A7%DB%8C%D8%B1%D8%A7%D9%86%DB%8C-%D8%A8%D8%AD%D8%B1%DB%8C%D9%86-%D8%AF%D8%B1-%D9%87%DB%8C%DA%86-%D9%86%D8%B4%D8%B3%D8%AA-%D9%85%D8%B4%D8%AA%D8%B1%DA%A9%DB%8C-%D8%A8%D8%A7-%D8%AD%D8%B6%D9%88%D8%B1-%D8%A7%DB%8C%D8%B1%D8%A7%D9%86-%D8%B4%D8%B1%DA%A9%D8%AA-%D9%86%D9%85%DB%8C-%DA%A9%D9%86%DB%8C%D9%85,,0,E,BRUIT,False,Faible priorité,,porte régionale: aucun ancrage régional,0,0,0,0,0,0,,absent,aucun,aucun,False,page_institutionnelle,,False,True,pertinent
,Fararu,Médias indépendants,«تحریم» به ارسال مقالات رسید,https://www.fararu.com/fa/news/1001529/%D8%AA%D8%AD%D8%B1%DB%8C%D9%85-%D8%A8%D9%87-%D8%A7%D8%B1%D8%B3%D8%A7%D9%84-%D9%85%D9%82%D8%A7%D9%84%D8%A7%D8%AA-%D8%B1%D8%B3%DB%8C%D8%AF,,0,E,BRUIT,False,Faible priorité,,porte régionale: aucun ancrage régional,0,0,0,0,0,0,,absent,aucun,aucun,False,page_institutionnelle,,False,True,pertinent
,Fararu,Médias indépendants,آیا ایران یک امپراتوری دریایی ساخته است؟,https://www.fararu.com/fa/news/1001520/%D8%A7%D8%B2-%D9%87%D8%B1%D9%85%D8%B2-%D8%AA%D8%A7-%D8%A8%D8%A7%D8%A8-%D8%A7%D9%84%D9%85%D9%86%D8%AF%D8%A8-%D8%A2%DB%8C%D8%A7-%D8%A7%DB%8C%D8%B1%D8%A7%D9%86-%DB%8C%DA%A9-%D8%A7%D9%85%D9%BE%D8%B1%D8%A7%D8%AA%D9%88%D8%B1%DB%8C-%D8%AF%D8%B1%DB%8C%D8%A7%DB%8C%DB%8C-%D8%B3%D8%A7%D8%AE%D8%AA%D9%87-%D8%A7%D8%B3%D8%AA,,0,E,BRUIT,False,Faible priorité,,porte régionale: aucun ancrage régional,0,0,0,0,0,0,,absent,aucun,aucun,False,page_institutionnelle,,False,True,pertinent
,Fararu,Médias indépendants,تصاویر؛ کشتیهای ایرانی آسیب دیده در خلیج فارس,https://www.fararu.com/fa/news/1001517/%D8%AA%D8%B5%D8%A7%D9%88%DB%8C%D8%B1-%DA%A9%D8%B4%D8%AA%DB%8C-%D9%87%D8%A7%DB%8C-%D8%A7%DB%8C%D8%B1%D8%A7%D9%86%DB%8C-%D8%A2%D8%B3%DB%8C%D8%A8-%D8%AF%DB%8C%D8%AF%D9%87-%D8%AF%D8%B1-%D8%AE%D9%84%DB%8C%D8%AC-%D9%81%D8%A7%D8%B1%D8%B3,,0,E,BRUIT,False,Faible priorité,,porte régionale: aucun ancrage régional,0,0,0,0,0,0,,absent,aucun,aucun,False,page_institutionnelle,,False,True,pertinent
,Fararu,Médias indépendants,سلطان صخرههای زاگرس,https://www.fararu.com/fa/news/1001499/%D8%B3%D9%84%D8%B7%D8%A7%D9%86-%D8%B5%D8%AE%D8%B1%D9%87-%D9%87%D8%A7%DB%8C-%D8%B2%D8%A7%DA%AF%D8%B1%D8%B3,,0,E,BRUIT,False,Faible priorité,,porte régionale: aucun ancrage régional,0,0,0,0,0,0,,absent,aucun,aucun,False,page_institutionnelle,,False,True,pertinent
,Fararu,Médias indépendants,قانون فیزیک شکسته شد؛ تغییر جای معلول و علت چه بر سر واقعیت میآورد؟,https://www.fararu.com/fa/news/1001305/%D9%82%D8%A7%D9%86%D9%88%D9%86-%D9%81%DB%8C%D8%B2%DB%8C%DA%A9-%D8%B4%DA%A9%D8%B3%D8%AA%D9%87-%D8%B4%D8%AF-%D8%AA%D8%BA%DB%8C%DB%8C%D8%B1-%D8%AC%D8%A7%DB%8C-%D9%85%D8%B9%D9%84%D9%88%D9%84-%D8%B9%D9%84%D8%AA-%DA%86%D9%87-%D8%A8%D8%B1-%D8%B3%D8%B1-%D9%88%D8%A7%D9%82%D8%B9%DB%8C%D8%AA-%D9%85%DB%8C-%D8%A2%D9%88%D8%B1%D8%AF,,0,E,BRUIT,False,Faible priorité,,porte régionale: aucun ancrage régional,0,0,0,0,0,0,,absent,aucun,aucun,False,page_institutionnelle,,False,True,pertinent
,Fararu,Médias indépendants,ادعای ترامپ: جنگ با ایران زود تمام می شود,https://www.fararu.com/fa/news/1001492/%D8%A7%D8%AF%D8%B9%D8%A7%DB%8C-%D8%AA%D8%B1%D8%A7%D9%85%D9%BE-%D8%AC%D9%86%DA%AF-%D8%A8%D8%A7-%D8%A7%DB%8C%D8%B1%D8%A7%D9%86-%D8%B2%D9%88%D8%AF-%D8%AA%D9%85%D8%A7%D9%85-%D9%85%DB%8C-%D8%B4%D9%88%D8%AF,,0,E,BRUIT,False,Faible priorité,,porte régionale: aucun ancrage régional,0,0,0,0,0,0,,absent,aucun,aucun,False,page_institutionnelle,,False,True,pertinent
,Fararu,Médias indépendants,بر خلاف تصور عمومی «مارگزیدگی» تصادفی رخ نمیدهد!,https://www.fararu.com/fa/news/1000919/%D8%A8%D8%B1-%D8%AE%D9%84%D8%A7%D9%81-%D8%AA%D8%B5%D9%88%D8%B1-%D8%B9%D9%85%D9%88%D9%85%DB%8C-%D9%85%D8%A7%D8%B1%DA%AF%D8%B2%DB%8C%D8%AF%DA%AF%DB%8C-%D8%AA%D8%B5%D8%A7%D8%AF%D9%81%DB%8C-%D8%B1%D8%AE-%D9%86%D9%85%DB%8C-%D8%AF%D9%87%D8%AF,,0,E,BRUIT,False,Faible priorité,,porte régionale: aucun ancrage régional,0,0,0,0,0,0,,absent,aucun,aucun,False,page_institutionnelle,,False,True,pertinent
,Fararu,Médias indépendants,قرعهکشی ایرانخودرو؛ شانس برنده شدن به یکدرصد رسید!,https://www.fararu.com/fa/news/1001489/%D9%82%D8%B1%D8%B9%D9%87-%DA%A9%D8%B4%DB%8C-%D8%A7%DB%8C%D8%B1%D8%A7%D9%86-%D8%AE%D9%88%D8%AF%D8%B1%D9%88-%D8%B4%D8%A7%D9%86%D8%B3-%D8%A8%D8%B1%D9%86%D8%AF%D9%87-%D8%B4%D8%AF%D9%86-%D8%A8%D9%87-%DB%8C%DA%A9-%D8%AF%D8%B1%D8%B5%D8%AF-%D8%B1%D8%B3%DB%8C%D8%AF,,0,E,BRUIT,False,Faible priorité,,porte régionale: aucun ancrage régional,0,0,0,0,0,0,,absent,aucun,aucun,False,page_institutionnelle,,False,True,pertinent
,Fararu,Médias indépendants,تصاویر؛ برداشت خرما از نخلستانهای دشتستان,https://www.fararu.com/fa/news/1001480/%D8%AA%D8%B5%D8%A7%D9%88%DB%8C%D8%B1-%D8%A8%D8%B1%D8%AF%D8%A7%D8%B4%D8%AA-%D8%AE%D8%B1%D9%85%D8%A7-%D8%A7%D8%B2-%D9%86%D8%AE%D9%84%D8%B3%D8%AA%D8%A7%D9%86-%D9%87%D8%A7%DB%8C-%D8%AF%D8%B4%D8%AA%D8%B3%D8%AA%D8%A7%D9%86,,0,E,BRUIT,False,Faible priorité,,porte régionale: aucun ancrage régional,0,0,0,0,0,0,,absent,aucun,aucun,False,page_institutionnelle,,False,True,pertinent
,Fararu,Médias indépendants,آیا پیشروی انصارالله به سود ایران تمام میشود؟,https://www.fararu.com/fa/news/1001413/%D8%A2%DB%8C%D8%A7-%D9%BE%DB%8C%D8%B4%D8%B1%D9%88%DB%8C-%D8%A7%D9%86%D8%B5%D8%A7%D8%B1%D8%A7%D9%84%D9%84%D9%87-%D8%A8%D9%87-%D8%B3%D9%88%D8%AF-%D8%A7%DB%8C%D8%B1%D8%A7%D9%86-%D8%AA%D9%85%D8%A7%D9%85-%D9%85%DB%8C-%D8%B4%D9%88%D8%AF,,0,E,BRUIT,False,Faible priorité,,porte régionale: aucun ancrage régional,0,0,0,0,0,0,,absent,aucun,aucun,False,page_institutionnelle,,False,True,pertinent
,Fararu,Médias indépendants,کنسرت در کره شمالی,https://www.fararu.com/fa/news/1001435/%DA%A9%D9%86%D8%B3%D8%B1%D8%AA-%D8%AF%D8%B1-%DA%A9%D8%B1%D9%87-%D8%B4%D9%85%D8%A7%D9%84%DB%8C,,0,E,BRUIT,False,Faible priorité,,porte régionale: aucun ancrage régional,0,0,0,0,0,0,,absent,aucun,aucun,False,page_institutionnelle,,False,True,pertinent
,Fararu,Médias indépendants,تصاویر؛ زایندهرود دوباره خشک شد,https://www.fararu.com/fa/news/1001419/%D8%AA%D8%B5%D8%A7%D9%88%DB%8C%D8%B1-%D8%B2%D8%A7%DB%8C%D9%86%D8%AF%D9%87-%D8%B1%D9%88%D8%AF-%D8%AF%D9%88%D8%A8%D8%A7%D8%B1%D9%87-%D8%AE%D8%B4%DA%A9-%D8%B4%D8%AF,,0,E,BRUIT,False,Faible priorité,,porte régionale: aucun ancrage régional,0,0,0,0,0,0,,absent,aucun,aucun,False,page_institutionnelle,,False,True,pertinent
,Fararu,Médias indépendants,حواشی پادکست «با ضیا»/ ادعای جنجالی درباره نحوه آموزش اقتصاد به رئیسی,https://www.fararu.com/fa/news/1001424/%D8%AD%D9%88%D8%A7%D8%B4%DB%8C-%D9%BE%D8%A7%D8%AF%DA%A9%D8%B3%D8%AA-%D8%A8%D8%A7-%D8%B6%DB%8C%D8%A7-%D8%A7%D8%AF%D8%B9%D8%A7%DB%8C-%D8%AC%D9%86%D8%AC%D8%A7%D9%84%DB%8C-%D8%AF%D8%B1%D8%A8%D8%A7%D8%B1%D9%87-%D9%86%D8%AD%D9%88%D9%87-%D8%A2%D9%85%D9%88%D8%B2%D8%B4-%D8%A7%D9%82%D8%AA%D8%B5%D8%A7%D8%AF-%D8%A8%D9%87-%D8%B1%D8%A6%DB%8C%D8%B3%DB%8C,,0,E,BRUIT,False,Faible priorité,,porte régionale: aucun ancrage régional,0,0,0,0,0,0,,absent,aucun,aucun,False,page_institutionnelle,,False,True,pertinent
,Fararu,Médias indépendants,قیمت جدید دلار و طلا,https://www.fararu.com/fa/news/1001421/%D9%82%DB%8C%D9%85%D8%AA-%D8%AF%D9%84%D8%A7%D8%B1-%D8%B7%D9%84%D8%A7-%D8%B3%DA%A9%D9%87-%D8%A7%D9%85%D8%B1%D9%88%D8%B2-%D8%B4%D9%86%D8%A8%D9%87-21-%D8%B4%D9%87%D8%B1%DB%8C%D9%88%D8%B1-1405,,0,E,BRUIT,False,Faible priorité,,porte régionale: aucun ancrage régional,0,0,0,0,0,0,,absent,aucun,aucun,False,page_institutionnelle,,False,True,pertinent
,Fararu,Médias indépendants,عکس یادگاری هجدهمین نشست سران بریکس,https://www.fararu.com/fa/news/1001688/%D8%B9%DA%A9%D8%B3-%DB%8C%D8%A7%D8%AF%DA%AF%D8%A7%D8%B1%DB%8C-%D9%87%D8%AC%D8%AF%D9%87%D9%85%DB%8C%D9%86-%D9%86%D8%B4%D8%B3%D8%AA-%D8%B3%D8%B1%D8%A7%D9%86-%D8%A8%D8%B1%DB%8C%DA%A9%D8%B3,,0,E,BRUIT,False,Faible priorité,,porte régionale: aucun ancrage régional,0,0,0,0,0,0,,absent,aucun,aucun,False,page_institutionnelle,,False,True,pertinent
,Fararu,Médias indépendants,امروز تنها یک کشتی چینی از تنگه هرمز عبور کرد,https://www.fararu.com/fa/news/1001586/%D8%A7%D9%85%D8%B1%D9%88%D8%B2-%D8%AA%D9%86%D9%87%D8%A7-%DB%8C%DA%A9-%DA%A9%D8%B4%D8%AA%DB%8C-%DA%86%DB%8C%D9%86%DB%8C-%D8%A7%D8%B2-%D8%AA%D9%86%DA%AF%D9%87-%D9%87%D8%B1%D9%85%D8%B2-%D8%B9%D8%A8%D9%88%D8%B1-%DA%A9%D8%B1%D8%AF,,0,E,BRUIT,False,Faible priorité,,porte régionale: aucun ancrage régional,0,0,0,0,0,0,,absent,aucun,aucun,False,page_institutionnelle,,False,True,pertinent
,Fararu,Médias indépendants,بیوگرافی هانی رامبد، مربی سابق هادی چوپان,https://www.fararu.com/fa/news/1001566/%D8%A8%DB%8C%D9%88%DA%AF%D8%B1%D8%A7%D9%81%DB%8C-%D9%87%D8%A7%D9%86%DB%8C-%D8%B1%D8%A7%D9%85%D8%A8%D8%AF-%D9%85%D8%B1%D8%A8%DB%8C-%D8%B3%D8%A7%D8%A8%D9%82-%D9%87%D8%A7%D8%AF%DB%8C-%DA%86%D9%88%D9%BE%D8%A7%D9%86,,0,E,BRUIT,False,Faible priorité,,porte régionale: aucun ancrage régional,0,0,0,0,0,0,,absent,aucun,aucun,False,page_institutionnelle,,False,True,pertinent
,Fararu,Médias indépendants,سفر به عصر قاجار؛ از «ایست بازرسی جاده همدان» تا «آبتنی در ساحل انزلی»,https://www.fararu.com/fa/news/1001555/%D8%B3%D9%81%D8%B1-%D8%A8%D9%87-%D8%B9%D8%B5%D8%B1-%D9%82%D8%A7%D8%AC%D8%A7%D8%B1-%D8%A7%D8%B2-%D8%A7%DB%8C%D8%B3%D8%AA-%D8%A8%D8%A7%D8%B2%D8%B1%D8%B3%DB%8C-%D8%AC%D8%A7%D8%AF%D9%87-%D9%87%D9%85%D8%AF%D8%A7%D9%86-%D8%AA%D8%A7-%D8%A2%D8%A8-%D8%AA%D9%86%DB%8C-%D8%AF%D8%B1-%D8%B3%D8%A7%D8%AD%D9%84-%D8%A7%D9%86%D8%B2%D9%84%DB%8C,,0,E,BRUIT,False,Faible priorité,,porte régionale: aucun ancrage régional,0,0,0,0,0,0,,absent,aucun,aucun,False,page_institutionnelle,,False,True,pertinent
,Fararu,Médias indépendants,رابرت دنیرو: آمریکایی که توسط ترامپ اداره میشود را دوست ندارم,https://www.fararu.com/fa/news/1001683/%D8%B1%D8%A7%D8%A8%D8%B1%D8%AA-%D8%AF%D9%86%DB%8C%D8%B1%D9%88-%D8%A2%D9%85%D8%B1%DB%8C%DA%A9%D8%A7%DB%8C%DB%8C-%DA%A9%D9%87-%D8%AA%D9%88%D8%B3%D8%B7-%D8%AA%D8%B1%D8%A7%D9%85%D9%BE-%D8%A7%D8%AF%D8%A7%D8%B1%D9%87-%D9%85%DB%8C-%D8%B4%D9%88%D8%AF-%D8%B1%D8%A7-%D8%AF%D9%88%D8%B3%D8%AA-%D9%86%D8%AF%D8%A7%D8%B1%D9%85,,0,E,BRUIT,False,Faible priorité,,porte régionale: aucun ancrage régional,0,0,0,0,0,0,,absent,aucun,aucun,False,page_institutionnelle,,False,True,pertinent
,Fararu,Médias indépendants,خوانندگی نخستوزیر مالزی در اجلاس بریکس,https://www.fararu.com/fa/news/1001637/%D8%AE%D9%88%D8%A7%D9%86%D9%86%D8%AF%DA%AF%DB%8C-%D9%86%D8%AE%D8%B3%D8%AA-%D9%88%D8%B2%DB%8C%D8%B1-%D9%85%D8%A7%D9%84%D8%B2%DB%8C-%D8%AF%D8%B1-%D8%A7%D8%AC%D9%84%D8%A7%D8%B3-%D8%A8%D8%B1%DB%8C%DA%A9%D8%B3,,0,E,BRUIT,False,Faible priorité,,porte régionale: aucun ancrage régional,0,0,0,0,0,0,,absent,aucun,aucun,False,page_institutionnelle,,False,True,pertinent
,Fararu,Médias indépendants,هشدار نارنجی هواشناسی؛ تشدید سامانه بارشی در نوار شمالی کشور,https://www.fararu.com/fa/news/1001668/%D9%87%D8%B4%D8%AF%D8%A7%D8%B1-%D9%86%D8%A7%D8%B1%D9%86%D8%AC%DB%8C-%D9%87%D9%88%D8%A7%D8%B4%D9%86%D8%A7%D8%B3%DB%8C-%D8%AA%D8%B4%D8%AF%DB%8C%D8%AF-%D8%B3%D8%A7%D9%85%D8%A7%D9%86%D9%87-%D8%A8%D8%A7%D8%B1%D8%B4%DB%8C-%D8%AF%D8%B1-%D9%86%D9%88%D8%A7%D8%B1-%D8%B4%D9%85%D8%A7%D9%84%DB%8C-%DA%A9%D8%B4%D9%88%D8%B1,,0,E,BRUIT,False,Faible priorité,,porte régionale: aucun ancrage régional,0,0,0,0,0,0,,absent,aucun,aucun,False,page_institutionnelle,,False,True,pertinent
,Fararu,Médias indépendants,خلاصه بازی ساندرلند ۰ - آرسنال ۲,https://www.fararu.com/fa/news/1001660/%D8%A8%D8%A8%DB%8C%D9%86%DB%8C%D8%AF-%D8%AE%D9%84%D8%A7%D8%B5%D9%87-%D8%A8%D8%A7%D8%B2%DB%8C-%D8%B3%D8%A7%D9%86%D8%AF%D8%B1%D9%84%D9%86%D8%AF-%D8%A2%D8%B1%D8%B3%D9%86%D8%A7%D9%84,,0,E,BRUIT,False,Faible priorité,,porte régionale: aucun ancrage régional,0,0,0,0,0,0,,absent,aucun,aucun,False,page_institutionnelle,,False,True,pertinent
,Fararu,Médias indépendants,هزینه خسارت پل B۱ کرج چقدر است؟,https://www.fararu.com/fa/news/1001653/%D9%87%D8%B2%DB%8C%D9%86%D9%87-%D8%AE%D8%B3%D8%A7%D8%B1%D8%AA-%D9%BE%D9%84-%DA%A9%D8%B1%D8%AC-%DA%86%D9%82%D8%AF%D8%B1-%D8%A7%D8%B3%D8%AA,,0,E,BRUIT,False,Faible priorité,,porte régionale: aucun ancrage régional,0,0,0,0,0,0,,absent,aucun,aucun,False,page_institutionnelle,,False,True,pertinent
,Fararu,Médias indépendants,خلاصه بازی رئال مادرید ۴ - رایو وایه کانو ۱,https://www.fararu.com/fa/news/1001651/%D8%A8%D8%A8%DB%8C%D9%86%DB%8C%D8%AF-%D8%AE%D9%84%D8%A7%D8%B5%D9%87-%D8%A8%D8%A7%D8%B2%DB%8C-%D8%B1%D8%A6%D8%A7%D9%84-%D9%85%D8%A7%D8%AF%D8%B1%DB%8C%D8%AF-%D8%B1%D8%A7%DB%8C%D9%88-%D9%88%D8%A7%DB%8C%D9%87-%DA%A9%D8%A7%D9%86%D9%88,,0,E,BRUIT,False,Faible priorité,,porte régionale: aucun ancrage régional,0,0,0,0,0,0,,absent,aucun,aucun,False,page_institutionnelle,,False,True,pertinent
,Fararu,Médias indépendants,«اگر رهبری اجازه دهند، ظرف ۲۴ ساعت از سلاح هستهای استفاده خواهیم کرد»,https://www.fararu.com/fa/news/1001645/%DA%A9%D8%A7%D8%B1%D8%B4%D9%86%D8%A7%D8%B3-%D8%B5%D8%AF%D8%A7-%D8%B3%DB%8C%D9%85%D8%A7-%D8%A7%DA%AF%D8%B1-%D8%B1%D9%87%D8%A8%D8%B1%DB%8C-%D8%A7%D8%AC%D8%A7%D8%B2%D9%87-%D8%AF%D9%87%D9%86%D8%AF-%D8%B8%D8%B1%D9%81-%D8%B3%D8%A7%D8%B9%D8%AA-%D8%A7%D8%B2-%D8%B3%D9%84%D8%A7%D8%AD-%D9%87%D8%B3%D8%AA%D9%87-%D8%A7%DB%8C-%D8%A7%D8%B3%D8%AA%D9%81%D8%A7%D8%AF%D9%87-%D8%AE%D9%88%D8%A7%D9%87%DB%8C%D9%85-%DA%A9%D8%B1%D8%AF,,0,E,BRUIT,False,Faible priorité,,porte régionale: aucun ancrage régional,0,0,0,0,0,0,,absent,aucun,aucun,False,page_institutionnelle,,False,True,pertinent
,Fararu,Médias indépendants,پاسخ لاله مرزبان به سوال آیا میتونی برگردی ایران؟,https://www.fararu.com/fa/news/1001626/%D9%BE%D8%A7%D8%B3%D8%AE-%D9%84%D8%A7%D9%84%D9%87-%D9%85%D8%B1%D8%B2%D8%A8%D8%A7%D9%86-%D8%A8%D9%87-%D8%B3%D9%88%D8%A7%D9%84-%D8%A2%DB%8C%D8%A7-%D9%85%DB%8C-%D8%AA%D9%88%D9%86%DB%8C-%D8%A8%D8%B1%DA%AF%D8%B1%D8%AF%DB%8C-%D8%A7%DB%8C%D8%B1%D8%A7%D9%86,,0,E,BRUIT,False,Faible priorité,,porte régionale: aucun ancrage régional,0,0,0,0,0,0,,absent,aucun,aucun,False,page_institutionnelle,,False,True,pertinent
,Fararu,Médias indépendants,لاله مرزبان و ریما رامینفر روی فرش قرمز مراسم اختتامیه جشنواره فیلم ونیز,https://www.fararu.com/fa/news/1001616/%D9%84%D8%A7%D9%84%D9%87-%D9%85%D8%B1%D8%B2%D8%A8%D8%A7%D9%86-%D8%B1%DB%8C%D9%85%D8%A7-%D8%B1%D8%A7%D9%85%DB%8C%D9%86-%D9%81%D8%B1-%D8%B1%D9%88%DB%8C-%D9%81%D8%B1%D8%B4-%D9%82%D8%B1%D9%85%D8%B2-%D9%85%D8%B1%D8%A7%D8%B3%D9%85-%D8%A7%D8%AE%D8%AA%D8%AA%D8%A7%D9%85%DB%8C%D9%87-%D8%AC%D8%B4%D9%86%D9%88%D8%A7%D8%B1%D9%87-%D9%81%DB%8C%D9%84%D9%85-%D9%88%D9%86%DB%8C%D8%B2,,0,E,BRUIT,False,Faible priorité,,porte régionale: aucun ancrage régional,0,0,0,0,0,0,,absent,aucun,aucun,False,page_institutionnelle,,False,True,pertinent
,Fararu,Médias indépendants,لاله مرزبان در آغوش ریما رامینفر هنگام دریافت جایزه ونیز,https://www.fararu.com/fa/news/1001618/%D9%84%D8%A7%D9%84%D9%87-%D9%85%D8%B1%D8%B2%D8%A8%D8%A7%D9%86-%D8%AF%D8%B1-%D8%A2%D8%BA%D9%88%D8%B4-%D8%B1%DB%8C%D9%85%D8%A7-%D8%B1%D8%A7%D9%85%DB%8C%D9%86-%D9%81%D8%B1-%D9%87%D9%86%DA%AF%D8%A7%D9%85-%D8%AF%D8%B1%DB%8C%D8%A7%D9%81%D8%AA-%D8%AC%D8%A7%DB%8C%D8%B2%D9%87-%D9%88%D9%86%DB%8C%D8%B2,,0,E,BRUIT,False,Faible priorité,,porte régionale: aucun ancrage régional,0,0,0,0,0,0,,absent,aucun,aucun,False,page_institutionnelle,,False,True,pertinent
,Fararu,Médias indépendants,امیر نوری: من پولدارم؛ میخورم و میخوابم,https://www.fararu.com/fa/news/1001625/%D8%A7%D9%85%DB%8C%D8%B1-%D9%86%D9%88%D8%B1%DB%8C-%D9%85%D9%86-%D9%BE%D9%88%D9%84%D8%AF%D8%A7%D8%B1%D9%85-%D9%85%DB%8C-%D8%AE%D9%88%D8%B1%D9%85-%D9%85%DB%8C-%D8%AE%D9%88%D8%A7%D8%A8%D9%85,,0,E,BRUIT,False,Faible priorité,,porte régionale: aucun ancrage régional,0,0,0,0,0,0,,absent,aucun,aucun,False,page_institutionnelle,,False,True,pertinent
,Fararu,Médias indépendants,خلاصه بازی لاتزیو ۲ - میلان ۲,https://www.fararu.com/fa/news/1001592/%D8%A8%D8%A8%DB%8C%D9%86%DB%8C%D8%AF-%D8%AE%D9%84%D8%A7%D8%B5%D9%87-%D8%A8%D8%A7%D8%B2%DB%8C-%D9%84%D8%A7%D8%AA%D8%B2%DB%8C%D9%88-%D9%85%DB%8C%D9%84%D8%A7%D9%86,,0,E,BRUIT,False,Faible priorité,,porte régionale: aucun ancrage régional,0,0,0,0,0,0,,absent,aucun,aucun,False,page_institutionnelle,,False,True,pertinent
,Fararu,Médias indépendants,رقص کردی رضا قیطاسی پربازدید شد,https://www.fararu.com/fa/news/1001547/%D8%B1%D9%82%D8%B5-%DA%A9%D8%B1%D8%AF%DB%8C-%D8%B1%D8%B6%D8%A7-%D9%82%DB%8C%D8%B7%D8%A7%D8%B3%DB%8C-%D9%BE%D8%B1%D8%A8%D8%A7%D8%B2%D8%AF%DB%8C%D8%AF-%D8%B4%D8%AF,,0,E,BRUIT,False,Faible priorité,,porte régionale: aucun ancrage régional,0,0,0,0,0,0,,absent,aucun,aucun,False,page_institutionnelle,,False,True,pertinent
,Fararu,Médias indépendants,گل اول لخ پوزنان به گورنیک توسط صیادمنش در دقیقه ۳۶,https://www.fararu.com/fa/news/1001577/%D8%A8%D8%A8%DB%8C%D9%86%DB%8C%D8%AF-%DA%AF%D9%84-%D8%A7%D9%88%D9%84-%D9%84%D8%AE-%D9%BE%D9%88%D8%B2%D9%86%D8%A7%D9%86-%D8%A8%D9%87-%DA%AF%D9%88%D8%B1%D9%86%DB%8C%DA%A9-%D8%AA%D9%88%D8%B3%D8%B7-%D8%B5%DB%8C%D8%A7%D8%AF%D9%85%D9%86%D8%B4-%D8%AF%D8%B1-%D8%AF%D9%82%DB%8C%D9%82%D9%87-36,,0,E,BRUIT,False,Faible priorité,,porte régionale: aucun ancrage régional,0,0,0,0,0,0,,absent,aucun,aucun,False,page_institutionnelle,,False,True,pertinent
,Fararu,Médias indépendants,خلاصه بازی لیورپول ۰ - فولام ۰,https://www.fararu.com/fa/news/1001575/%D8%A8%D8%A8%DB%8C%D9%86%DB%8C%D8%AF-%D8%AE%D9%84%D8%A7%D8%B5%D9%87-%D8%A8%D8%A7%D8%B2%DB%8C-%D9%84%DB%8C%D9%88%D8%B1%D9%BE%D9%88%D9%84-%D9%81%D9%88%D9%84%D8%A7%D9%85,,0,E,BRUIT,False,Faible priorité,,porte régionale: aucun ancrage régional,0,0,0,0,0,0,,absent,aucun,aucun,False,page_institutionnelle,,False,True,pertinent
,Fararu,Médias indépendants,خلاصه بازی چلسی ۲ - هال سیتی ۲,https://www.fararu.com/fa/news/1001572/%D8%A8%D8%A8%DB%8C%D9%86%DB%8C%D8%AF-%D8%AE%D9%84%D8%A7%D8%B5%D9%87-%D8%A8%D8%A7%D8%B2%DB%8C-%DA%86%D9%84%D8%B3%DB%8C-%D9%87%D8%A7%D9%84-%D8%B3%DB%8C%D8%AA%DB%8C,,0,E,BRUIT,False,Faible priorité,,porte régionale: aucun ancrage régional,0,0,0,0,0,0,,absent,aucun,aucun,False,page_institutionnelle,,False,True,pertinent
,Fararu,Médias indépendants,بقائی: آژانس در حمله آمریکا و اسرائیل به ایران بسترسازی کرد,https://www.fararu.com/fa/news/1001560/%D8%A8%D9%82%D8%A7%D8%A6%DB%8C-%D8%A2%DA%98%D8%A7%D9%86%D8%B3-%D8%AF%D8%B1-%D8%AD%D9%85%D9%84%D9%87-%D8%A2%D9%85%D8%B1%DB%8C%DA%A9%D8%A7-%D8%A7%D8%B3%D8%B1%D8%A7%D8%A6%DB%8C%D9%84-%D8%A8%D9%87-%D8%A7%DB%8C%D8%B1%D8%A7%D9%86-%D8%A8%D8%B3%D8%AA%D8%B1%D8%B3%D8%A7%D8%B2%DB%8C-%DA%A9%D8%B1%D8%AF,,0,E,BRUIT,False,Faible priorité,,porte régionale: aucun ancrage régional,0,0,0,0,0,0,,absent,aucun,aucun,False,page_institutionnelle,,False,True,pertinent
,Fararu,Médias indépendants,ماجرای امروز شنبه ۲۱ شهریور؛ از ماجرای شجاع خلیل زاده تا ماجرای حسن روحانی و ابراهیم رئیسی,https://www.fararu.com/fa/news/1001549/%D9%85%D8%A7%D8%AC%D8%B1%D8%A7%DB%8C-%D8%A7%D9%85%D8%B1%D9%88%D8%B2-%D8%B4%D9%86%D8%A8%D9%87-%D8%B4%D9%87%D8%B1%DB%8C%D9%88%D8%B1-%D8%A7%D8%B2-%D9%85%D8%A7%D8%AC%D8%B1%D8%A7%DB%8C-%D8%B4%D8%AC%D8%A7%D8%B9-%D8%AE%D9%84%DB%8C%D9%84-%D8%B2%D8%A7%D8%AF%D9%87-%D8%AA%D8%A7-%D9%85%D8%A7%D8%AC%D8%B1%D8%A7%DB%8C-%D8%AD%D8%B3%D9%86-%D8%B1%D9%88%D8%AD%D8%A7%D9%86%DB%8C-%D8%A7%D8%A8%D8%B1%D8%A7%D9%87%DB%8C%D9%85-%D8%B1%D8%A6%DB%8C%D8%B3%DB%8C,,0,E,BRUIT,False,Faible priorité,,porte régionale: aucun ancrage régional,0,0,0,0,0,0,,absent,aucun,aucun,False,page_institutionnelle,,False,True,pertinent
,Fararu,Médias indépendants,ماجرای امروز سهشنبه 17 شهریور؛ از احتمال افزایش نرخ کرایهها تا طعنه بقائی به گروسی,https://www.fararu.com/fa/news/1000592/%D9%85%D8%A7%D8%AC%D8%B1%D8%A7%DB%8C-%D8%A7%D9%85%D8%B1%D9%88%D8%B2-%D8%B3%D9%87-%D8%B4%D9%86%D8%A8%D9%87-17-%D8%B4%D9%87%D8%B1%DB%8C%D9%88%D8%B1-%D8%A7%D8%B2-%D8%A7%D8%AD%D8%AA%D9%85%D8%A7%D9%84-%D8%A7%D9%81%D8%B2%D8%A7%DB%8C%D8%B4-%D9%86%D8%B1%D8%AE-%DA%A9%D8%B1%D8%A7%DB%8C%D9%87-%D9%87%D8%A7-%D8%AA%D8%A7-%D8%B7%D8%B9%D9%86%D9%87-%D8%A8%D9%82%D8%A7%D8%A6%DB%8C-%D8%A8%D9%87-%DA%AF%D8%B1%D9%88%D8%B3%DB%8C,,0,E,BRUIT,False,Faible priorité,,porte régionale: aucun ancrage régional,0,0,0,0,0,0,,absent,aucun,aucun,False,page_institutionnelle,,False,True,pertinent
,Fararu,Médias indépendants,ماجرای امروز دوشنبه 16 شهریور/ از پس لرزههای اظهارات حسن روحانی تا گران شدن بنزین,https://www.fararu.com/fa/news/1000320/%D9%85%D8%A7%D8%AC%D8%B1%D8%A7%DB%8C-%D8%A7%D9%85%D8%B1%D9%88%D8%B2-%D8%AF%D9%88%D8%B4%D9%86%D8%A8%D9%87-16-%D8%B4%D9%87%D8%B1%DB%8C%D9%88%D8%B1-%D8%A7%D8%B2-%D9%BE%D8%B3-%D9%84%D8%B1%D8%B2%D9%87-%D9%87%D8%A7%DB%8C-%D8%A7%D8%B8%D9%87%D8%A7%D8%B1%D8%A7%D8%AA-%D8%AD%D8%B3%D9%86-%D8%B1%D9%88%D8%AD%D8%A7%D9%86%DB%8C-%D8%AA%D8%A7-%DA%AF%D8%B1%D8%A7%D9%86-%D8%B4%D8%AF%D9%86-%D8%A8%D9%86%D8%B2%DB%8C%D9%86,,0,E,BRUIT,False,Faible priorité,,porte régionale: aucun ancrage régional,0,0,0,0,0,0,,absent,aucun,aucun,False,page_institutionnelle,,False,True,pertinent
,Fararu,Médias indépendants,ماجرای امروز یکشنبه ۱۵ شهریور؛ از ادامه رویارویی ایران و آمریکا در تنگه هرمز تا جنجال خداداد عزیزی در تبریز,https://www.fararu.com/fa/news/1000086/%D9%85%D8%A7%D8%AC%D8%B1%D8%A7%DB%8C-%D8%A7%D9%85%D8%B1%D9%88%D8%B2-%DB%8C%DA%A9%D8%B4%D9%86%D8%A8%D9%87-%D8%B4%D9%87%D8%B1%DB%8C%D9%88%D8%B1-%D8%A7%D8%B2-%D8%A7%D8%AF%D8%A7%D9%85%D9%87-%D8%B1%D9%88%DB%8C%D8%A7%D8%B1%D9%88%DB%8C%DB%8C-%D8%A7%DB%8C%D8%B1%D8%A7%D9%86-%D8%A2%D9%85%D8%B1%DB%8C%DA%A9%D8%A7-%D8%AF%D8%B1-%D8%AA%D9%86%DA%AF%D9%87-%D9%87%D8%B1%D9%85%D8%B2-%D8%AA%D8%A7-%D8%AC%D9%86%D8%AC%D8%A7%D9%84-%D8%AE%D8%AF%D8%A7%D8%AF%D8%A7%D8%AF-%D8%B9%D8%B2%DB%8C%D8%B2%DB%8C-%D8%AF%D8%B1-%D8%AA%D8%A8%D8%B1%DB%8C%D8%B2,,0,E,BRUIT,False,Faible priorité,,porte régionale: aucun ancrage régional,0,0,0,0,0,0,,absent,aucun,aucun,False,page_institutionnelle,,False,True,pertinent
,Fararu,Médias indépendants,روایت جهان در قابهای سیاهوسفید,https://www.fararu.com/fa/news/1001544/%D8%B1%D9%88%D8%A7%DB%8C%D8%AA-%D8%AC%D9%87%D8%A7%D9%86-%D8%AF%D8%B1-%D9%82%D8%A7%D8%A8-%D9%87%D8%A7%DB%8C-%D8%B3%DB%8C%D8%A7%D9%87-%D9%88%D8%B3%D9%81%DB%8C%D8%AF,,0,E,BRUIT,False,Faible priorité,,porte régionale: aucun ancrage régional,0,0,0,0,0,0,,absent,aucun,aucun,False,page_institutionnelle,,False,True,pertinent
,Fararu,Médias indépendants,پشت پرده حمله به اژهای/ همه چیز از یک جمله شروع شد!,https://www.fararu.com/fa/news/1001537/%D9%BE%D8%B4%D8%AA-%D9%BE%D8%B1%D8%AF%D9%87-%D8%AD%D9%85%D9%84%D9%87-%D8%A8%D9%87-%D8%A7%DA%98%D9%87-%D8%A7%DB%8C-%D9%87%D9%85%D9%87-%DA%86%DB%8C%D8%B2-%D8%A7%D8%B2-%DB%8C%DA%A9-%D8%AC%D9%85%D9%84%D9%87-%D8%B4%D8%B1%D9%88%D8%B9-%D8%B4%D8%AF,,0,E,BRUIT,False,Faible priorité,,porte régionale: aucun ancrage régional,0,0,0,0,0,0,,absent,aucun,aucun,False,page_institutionnelle,,False,True,pertinent
,Fararu,Médias indépendants,چرا پاسخ محسنی اژهای به سؤال زیرکانه عضو دولت رئیسی درباره رسوایی «چای دبش» هوشمندانه بود؟,https://www.fararu.com/fa/news/1001686/%DA%86%D8%B1%D8%A7-%D9%BE%D8%A7%D8%B3%D8%AE-%D9%85%D8%AD%D8%B3%D9%86%DB%8C-%D8%A7%DA%98%D9%87-%D8%A7%DB%8C-%D8%A8%D9%87-%D8%B3%D8%A4%D8%A7%D9%84-%D8%B2%DB%8C%D8%B1%DA%A9%D8%A7%D9%86%D9%87-%D8%B9%D8%B6%D9%88-%D8%AF%D9%88%D9%84%D8%AA-%D8%B1%D8%A6%DB%8C%D8%B3%DB%8C-%D8%AF%D8%B1%D8%A8%D8%A7%D8%B1%D9%87-%D8%B1%D8%B3%D9%88%D8%A7%DB%8C%DB%8C-%DA%86%D8%A7%DB%8C-%D8%AF%D8%A8%D8%B4-%D9%87%D9%88%D8%B4%D9%85%D9%86%D8%AF%D8%A7%D9%86%D9%87-%D8%A8%D9%88%D8%AF,,0,E,BRUIT,False,Faible priorité,,porte régionale: aucun ancrage régional,0,0,0,0,0,0,,absent,aucun,aucun,False,page_institutionnelle,,False,True,pertinent
,Fararu,Médias indépendants,دیدار عراقچی و بدر عبدالعاطی در دهلی نو,https://www.fararu.com/fa/news/1001682/%D8%AF%DB%8C%D8%AF%D8%A7%D8%B1-%D8%B9%D8%B1%D8%A7%D9%82%DA%86%DB%8C-%D8%A8%D8%AF%D8%B1-%D8%B9%D8%A8%D8%AF%D8%A7%D9%84%D8%B9%D8%A7%D8%B7%DB%8C-%D8%AF%D8%B1-%D8%AF%D9%87%D9%84%DB%8C-%D9%86%D9%88,,0,E,BRUIT,False,Faible priorité,,porte régionale: aucun ancrage régional,0,0,0,0,0,0,,absent,aucun,aucun,False,page_institutionnelle,,False,True,pertinent
,Fararu,Médias indépendants,مجلس اگر بعد از طرح نفوذ یک تلاش دیگر بکند، همه مردم مجرم میشوند!,https://www.fararu.com/fa/news/1001680/%D9%85%D8%AC%D9%84%D8%B3-%D8%A7%DA%AF%D8%B1-%D8%A8%D8%B9%D8%AF-%D8%A7%D8%B2-%D8%B7%D8%B1%D8%AD-%D9%86%D9%81%D9%88%D8%B0-%DB%8C%DA%A9-%D8%AA%D9%84%D8%A7%D8%B4-%D8%AF%DB%8C%DA%AF%D8%B1-%D8%A8%DA%A9%D9%86%D8%AF-%D9%87%D9%85%D9%87-%D9%85%D8%B1%D8%AF%D9%85-%D9%85%D8%AC%D8%B1%D9%85-%D9%85%DB%8C-%D8%B4%D9%88%D9%86%D8%AF,,0,E,BRUIT,False,Faible priorité,,porte régionale: aucun ancrage régional,0,0,0,0,0,0,,absent,aucun,aucun,False,page_institutionnelle,,False,True,pertinent
,Fararu,Médias indépendants,چرا این همه اقتصاددان و مدیر نمیتوانند دخلوخرج مملکت را جفتوجور کنند؟,https://www.fararu.com/fa/news/1001675/%DA%86%D8%B1%D8%A7-%D8%A7%DB%8C%D9%86-%D9%87%D9%85%D9%87-%D8%A7%D9%82%D8%AA%D8%B5%D8%A7%D8%AF%D8%AF%D8%A7%D9%86-%D9%85%D8%AF%DB%8C%D8%B1-%D9%86%D9%85%DB%8C-%D8%AA%D9%88%D8%A7%D9%86%D9%86%D8%AF-%D8%AF%D8%AE%D9%84-%D9%88%D8%AE%D8%B1%D8%AC-%D9%85%D9%85%D9%84%DA%A9%D8%AA-%D8%B1%D8%A7-%D8%AC%D9%81%D8%AA-%D9%88%D8%AC%D9%88%D8%B1-%DA%A9%D9%86%D9%86%D8%AF,,0,E,BRUIT,False,Faible priorité,,porte régionale: aucun ancrage régional,0,0,0,0,0,0,,absent,aucun,aucun,False,page_institutionnelle,,False,True,pertinent
,Fararu,Médias indépendants,فرمول ۱+۷ در عمان/ بررسی راهحل منطقهای برای بنبستشکنی در تنگه هرمز,https://www.fararu.com/fa/news/1001664/%D9%81%D8%B1%D9%85%D9%88%D9%84-%D8%AF%D8%B1-%D8%B9%D9%85%D8%A7%D9%86-%D8%A8%D8%B1%D8%B1%D8%B3%DB%8C-%D8%B1%D8%A7%D9%87-%D8%AD%D9%84-%D9%85%D9%86%D8%B7%D9%82%D9%87-%D8%A7%DB%8C-%D8%A8%D8%B1%D8%A7%DB%8C-%D8%A8%D9%86-%D8%A8%D8%B3%D8%AA-%D8%B4%DA%A9%D9%86%DB%8C-%D8%AF%D8%B1-%D8%AA%D9%86%DA%AF%D9%87-%D9%87%D8%B1%D9%85%D8%B2,,0,E,BRUIT,False,Faible priorité,,porte régionale: aucun ancrage régional,0,0,0,0,0,0,,absent,aucun,aucun,False,page_institutionnelle,,False,True,pertinent
,Fararu,Médias indépendants,نبرد ایران بر سر زمان برگزاری انتخابات/ ترامپ پیش از ۳ نوامبر از چه چیزی هراس دارد؟,https://www.fararu.com/fa/news/1001657/%D9%86%D8%A8%D8%B1%D8%AF-%D8%A7%DB%8C%D8%B1%D8%A7%D9%86-%D8%A8%D8%B1-%D8%B3%D8%B1-%D8%B2%D9%85%D8%A7%D9%86-%D8%A8%D8%B1%DA%AF%D8%B2%D8%A7%D8%B1%DB%8C-%D8%A7%D9%86%D8%AA%D8%AE%D8%A7%D8%A8%D8%A7%D8%AA-%D8%AA%D8%B1%D8%A7%D9%85%D9%BE-%D9%BE%DB%8C%D8%B4-%D8%A7%D8%B2-%D9%86%D9%88%D8%A7%D9%85%D8%A8%D8%B1-%D8%A7%D8%B2-%DA%86%D9%87-%DA%86%DB%8C%D8%B2%DB%8C-%D9%87%D8%B1%D8%A7%D8%B3-%D8%AF%D8%A7%D8%B1%D8%AF,,0,E,BRUIT,False,Faible priorité,,porte régionale: aucun ancrage régional,0,0,0,0,0,0,,absent,aucun,aucun,False,page_institutionnelle,,False,True,pertinent
,Fararu,Médias indépendants,هشدار روزنامه جمهوری اسلامی درباره تغییر شعارهای تجمعات شبانه,https://www.fararu.com/fa/news/1001655/%D9%87%D8%B4%D8%AF%D8%A7%D8%B1-%D8%B1%D9%88%D8%B2%D9%86%D8%A7%D9%85%D9%87-%D8%AC%D9%85%D9%87%D9%88%D8%B1%DB%8C-%D8%A7%D8%B3%D9%84%D8%A7%D9%85%DB%8C-%D8%AF%D8%B1%D8%A8%D8%A7%D8%B1%D9%87-%D8%AA%D8%BA%DB%8C%DB%8C%D8%B1-%D8%B4%D8%B9%D8%A7%D8%B1%D9%87%D8%A7%DB%8C-%D8%AA%D8%AC%D9%85%D8%B9%D8%A7%D8%AA-%D8%B4%D8%A8%D8%A7%D9%86%D9%87,,0,E,BRUIT,False,Faible priorité,,porte régionale: aucun ancrage régional,0,0,0,0,0,0,,absent,aucun,aucun,False,page_institutionnelle,,False,True,pertinent
,Fararu,Médias indépendants,آلاسحاق: بسته ماندن مرزهای عراق قیمتها را در داخل کاهش میدهد,https://www.fararu.com/fa/news/1001648/%D8%A2%D9%84-%D8%A7%D8%B3%D8%AD%D8%A7%D9%82-%D8%A8%D8%B3%D8%AA%D9%87-%D9%85%D8%A7%D9%86%D8%AF%D9%86-%D9%85%D8%B1%D8%B2%D9%87%D8%A7%DB%8C-%D8%B9%D8%B1%D8%A7%D9%82-%D9%82%DB%8C%D9%85%D8%AA-%D9%87%D8%A7-%D8%B1%D8%A7-%D8%AF%D8%B1-%D8%AF%D8%A7%D8%AE%D9%84-%DA%A9%D8%A7%D9%87%D8%B4-%D9%85%DB%8C-%D8%AF%D9%87%D8%AF,,0,E,BRUIT,False,Faible priorité,,porte régionale: aucun ancrage régional,0,0,0,0,0,0,,absent,aucun,aucun,False,page_institutionnelle,,False,True,pertinent
,Fararu,Médias indépendants,خدا روسها را برای مهدی تاج نگه دارد!,https://www.fararu.com/fa/news/1001690/%D8%AE%D8%AF%D8%A7-%D8%B1%D9%88%D8%B3-%D9%87%D8%A7-%D8%B1%D8%A7-%D8%A8%D8%B1%D8%A7%DB%8C-%D9%85%D9%87%D8%AF%DB%8C-%D8%AA%D8%A7%D8%AC-%D9%86%DA%AF%D9%87-%D8%AF%D8%A7%D8%B1%D8%AF,,0,E,BRUIT,False,Faible priorité,,porte régionale: aucun ancrage régional,0,0,0,0,0,0,,absent,aucun,aucun,False,page_institutionnelle,,False,True,pertinent
,Fararu,Médias indépendants,جانشین علیرضا بیرانوند در تراکتور مشخص شد,https://www.fararu.com/fa/news/1001687/%D8%AC%D8%A7%D9%86%D8%B4%DB%8C%D9%86-%D8%B9%D9%84%DB%8C%D8%B1%D8%B6%D8%A7-%D8%A8%DB%8C%D8%B1%D8%A7%D9%86%D9%88%D9%86%D8%AF-%D8%AF%D8%B1-%D8%AA%D8%B1%D8%A7%DA%A9%D8%AA%D9%88%D8%B1-%D9%85%D8%B4%D8%AE%D8%B5-%D8%B4%D8%AF,,0,E,BRUIT,False,Faible priorité,,porte régionale: aucun ancrage régional,0,0,0,0,0,0,,absent,aucun,aucun,False,page_institutionnelle,,False,True,pertinent
,Fararu,Médias indépendants,یک ایرانی بلای جان تراکتور!,https://www.fararu.com/fa/news/1001674/%DB%8C%DA%A9-%D8%A7%DB%8C%D8%B1%D8%A7%D9%86%DB%8C-%D8%A8%D9%84%D8%A7%DB%8C-%D8%AC%D8%A7%D9%86-%D8%AA%D8%B1%D8%A7%DA%A9%D8%AA%D9%88%D8%B1,,0,E,BRUIT,False,Faible priorité,,porte régionale: aucun ancrage régional,0,0,0,0,0,0,,absent,aucun,aucun,False,page_institutionnelle,,False,True,pertinent
,Fararu,Médias indépendants,ساعت بازی حساس تیم ملی والیبال ایران - ژاپن در فینال آسیا,https://www.fararu.com/fa/news/1001656/%D8%B3%D8%A7%D8%B9%D8%AA-%D8%A8%D8%A7%D8%B2%DB%8C-%D8%AD%D8%B3%D8%A7%D8%B3-%D8%AA%DB%8C%D9%85-%D9%85%D9%84%DB%8C-%D9%88%D8%A7%D9%84%DB%8C%D8%A8%D8%A7%D9%84-%D8%A7%DB%8C%D8%B1%D8%A7%D9%86-%DA%98%D8%A7%D9%BE%D9%86-%D8%AF%D8%B1-%D9%81%DB%8C%D9%86%D8%A7%D9%84-%D8%A2%D8%B3%DB%8C%D8%A7,,0,E,BRUIT,False,Faible priorité,,porte régionale: aucun ancrage régional,0,0,0,0,0,0,,absent,aucun,aucun,False,page_institutionnelle,,False,True,pertinent
,Fararu,Médias indépendants,پیروزی آرسنال مقابل ساندرلند؛ بفرمایید صدر,https://www.fararu.com/fa/news/1001644/%D9%BE%DB%8C%D8%B1%D9%88%D8%B2%DB%8C-%D8%A2%D8%B1%D8%B3%D9%86%D8%A7%D9%84-%D9%85%D9%82%D8%A7%D8%A8%D9%84-%D8%B3%D8%A7%D9%86%D8%AF%D8%B1%D9%84%D9%86%D8%AF-%D8%A8%D9%81%D8%B1%D9%85%D8%A7%DB%8C%DB%8C%D8%AF-%D8%B5%D8%AF%D8%B1,,0,E,BRUIT,False,Faible priorité,,porte régionale: aucun ancrage régional,0,0,0,0,0,0,,absent,aucun,aucun,False,page_institutionnelle,,False,True,pertinent
,Fararu,Médias indépendants,برد یکطرفه رئال مقابل رایو وایکانو؛ هم امتیازی با بارسلونا,https://www.fararu.com/fa/news/1001642/%D8%A8%D8%B1%D8%AF-%DB%8C%DA%A9%D8%B7%D8%B1%D9%81%D9%87-%D8%B1%D8%A6%D8%A7%D9%84-%D9%85%D9%82%D8%A7%D8%A8%D9%84-%D8%B1%D8%A7%DB%8C%D9%88-%D9%88%D8%A7%DB%8C%DA%A9%D8%A7%D9%86%D9%88-%D9%87%D9%85-%D8%A7%D9%85%D8%AA%DB%8C%D8%A7%D8%B2%DB%8C-%D8%A8%D8%A7-%D8%A8%D8%A7%D8%B1%D8%B3%D9%84%D9%88%D9%86%D8%A7,,0,E,BRUIT,False,Faible priorité,,porte régionale: aucun ancrage régional,0,0,0,0,0,0,,absent,aucun,aucun,False,page_institutionnelle,,False,True,pertinent
,Fararu,Médias indépendants,آستانه بحران منطقهای؛ پاکستان، ترکیه و عربستان تا کجا تاب میآورند؟,https://www.fararu.com/fa/news/1001666/%D8%A2%D8%B3%D8%AA%D8%A7%D9%86%D9%87-%D8%A8%D8%AD%D8%B1%D8%A7%D9%86-%D9%85%D9%86%D8%B7%D9%82%D9%87-%D8%A7%DB%8C-%D9%BE%D8%A7%DA%A9%D8%B3%D8%AA%D8%A7%D9%86-%D8%AA%D8%B1%DA%A9%DB%8C%D9%87-%D8%B9%D8%B1%D8%A8%D8%B3%D8%AA%D8%A7%D9%86-%D8%AA%D8%A7-%DA%A9%D8%AC%D8%A7-%D8%AA%D8%A7%D8%A8-%D9%85%DB%8C-%D8%A2%D9%88%D8%B1%D9%86%D8%AF,,0,E,BRUIT,False,Faible priorité,,porte régionale: aucun ancrage régional,0,0,0,0,0,0,,absent,aucun,aucun,False,page_institutionnelle,,False,True,pertinent
,Fararu,Médias indépendants,لاوروف از ارسال دعوتنامه برای زلنسکی خبر داد,https://www.fararu.com/fa/news/1001634/%D9%84%D8%A7%D9%88%D8%B1%D9%88%D9%81-%D8%A7%D8%B2-%D8%A7%D8%B1%D8%B3%D8%A7%D9%84-%D8%AF%D8%B9%D9%88%D8%AA%D9%86%D8%A7%D9%85%D9%87-%D8%A8%D8%B1%D8%A7%DB%8C-%D8%B2%D9%84%D9%86%D8%B3%DA%A9%DB%8C-%D8%AE%D8%A8%D8%B1-%D8%AF%D8%A7%D8%AF,,0,E,BRUIT,False,Faible priorité,,porte régionale: aucun ancrage régional,0,0,0,0,0,0,,absent,aucun,aucun,False,page_institutionnelle,,False,True,pertinent
,Fararu,Médias indépendants,یمن: حملات هوایی عربستان به یمن بدون پاسخ نخواهد ماند,https://www.fararu.com/fa/news/1001588/%DB%8C%D9%85%D9%86-%D8%AD%D9%85%D9%84%D8%A7%D8%AA-%D9%87%D9%88%D8%A7%DB%8C%DB%8C-%D8%B9%D8%B1%D8%A8%D8%B3%D8%AA%D8%A7%D9%86-%D8%A8%D9%87-%DB%8C%D9%85%D9%86-%D8%A8%D8%AF%D9%88%D9%86-%D9%BE%D8%A7%D8%B3%D8%AE-%D9%86%D8%AE%D9%88%D8%A7%D9%87%D8%AF-%D9%85%D8%A7%D9%86%D8%AF,,0,E,BRUIT,False,Faible priorité,,porte régionale: aucun ancrage régional,0,0,0,0,0,0,,absent,aucun,aucun,False,page_institutionnelle,,False,True,pertinent
,Fararu,Médias indépendants,شی جینپینگ: چین آماده کمک به برقراری صلح و ثبات در خاورمیانه است,https://www.fararu.com/fa/news/1001559/%D8%B4%DB%8C-%D8%AC%DB%8C%D9%86-%D9%BE%DB%8C%D9%86%DA%AF-%DA%86%DB%8C%D9%86-%D8%A2%D9%85%D8%A7%D8%AF%D9%87-%DA%A9%D9%85%DA%A9-%D8%A8%D9%87-%D8%A8%D8%B1%D9%82%D8%B1%D8%A7%D8%B1%DB%8C-%D8%B5%D9%84%D8%AD-%D8%AB%D8%A8%D8%A7%D8%AA-%D8%AF%D8%B1-%D8%AE%D8%A7%D9%88%D8%B1%D9%85%DB%8C%D8%A7%D9%86%D9%87-%D8%A7%D8%B3%D8%AA,,0,E,BRUIT,False,Faible priorité,,porte régionale: aucun ancrage régional,0,0,0,0,0,0,,absent,aucun,aucun,False,page_institutionnelle,,False,True,pertinent
,Fararu,Médias indépendants,لاوروف: روسیه آماده مذاکره با اوکراین است,https://www.fararu.com/fa/news/1001578/%D9%84%D8%A7%D9%88%D8%B1%D9%88%D9%81-%D8%B1%D9%88%D8%B3%DB%8C%D9%87-%D8%A2%D9%85%D8%A7%D8%AF%D9%87-%D9%85%D8%B0%D8%A7%DA%A9%D8%B1%D9%87-%D8%A8%D8%A7-%D8%A7%D9%88%DA%A9%D8%B1%D8%A7%DB%8C%D9%86-%D8%A7%D8%B3%D8%AA,,0,E,BRUIT,False,Faible priorité,,porte régionale: aucun ancrage régional,0,0,0,0,0,0,,absent,aucun,aucun,False,page_institutionnelle,,False,True,pertinent
,Fararu,Médias indépendants,نرخ رهن و اجاره آپارتمان در فاطمی، ولیعصر و امجدیه,https://www.fararu.com/fa/news/1001665/%D9%86%D8%B1%D8%AE-%D8%B1%D9%87%D9%86-%D8%A7%D8%AC%D8%A7%D8%B1%D9%87-%D8%A2%D9%BE%D8%A7%D8%B1%D8%AA%D9%85%D8%A7%D9%86-%D8%AF%D8%B1-%D9%81%D8%A7%D8%B7%D9%85%DB%8C-%D9%88%D9%84%DB%8C%D8%B9%D8%B5%D8%B1-%D8%A7%D9%85%D8%AC%D8%AF%DB%8C%D9%87,,0,E,BRUIT,False,Faible priorité,,porte régionale: aucun ancrage régional,0,0,0,0,0,0,,absent,aucun,aucun,False,page_institutionnelle,,False,True,pertinent
,Fararu,Médias indépendants,نیسان N۶؛ سدان ژاپنی در ایران ۵.۷ میلیارد تومان قیمت خورد,https://www.fararu.com/fa/news/1001669/%D9%86%DB%8C%D8%B3%D8%A7%D9%86-n6-%D8%B3%D8%AF%D8%A7%D9%86-%DA%98%D8%A7%D9%BE%D9%86%DB%8C-%D8%AF%D8%B1-%D8%A7%DB%8C%D8%B1%D8%A7%D9%86-%D9%85%DB%8C%D9%84%DB%8C%D8%A7%D8%B1%D8%AF-%D8%AA%D9%88%D9%85%D8%A7%D9%86-%D9%82%DB%8C%D9%85%D8%AA-%D8%AE%D9%88%D8%B1%D8%AF,,0,E,BRUIT,False,Faible priorité,,porte régionale: aucun ancrage régional,0,0,0,0,0,0,,absent,aucun,aucun,False,page_institutionnelle,,False,True,pertinent
,Fararu,Médias indépendants,قیمت دینار عراق امروز یکشنبه ۲۲ شهریور ۱۴۰۵,https://www.fararu.com/fa/news/1001652/%D9%82%DB%8C%D9%85%D8%AA-%D8%AF%DB%8C%D9%86%D8%A7%D8%B1-%D8%B9%D8%B1%D8%A7%D9%82-%D8%A7%D9%85%D8%B1%D9%88%D8%B2-%DB%8C%DA%A9%D8%B4%D9%86%D8%A8%D9%87-22-%D8%B4%D9%87%D8%B1%DB%8C%D9%88%D8%B1-1405,,0,E,BRUIT,False,Faible priorité,,porte régionale: aucun ancrage régional,0,0,0,0,0,0,,absent,aucun,aucun,False,page_institutionnelle,,False,True,pertinent
,Fararu,Médias indépendants,قیمت لیر ترکیه امروز یکشنبه ۲۲ شهریور ۱۴۰۵,https://www.fararu.com/fa/news/1001647/%D9%82%DB%8C%D9%85%D8%AA-%D9%84%DB%8C%D8%B1-%D8%AA%D8%B1%DA%A9%DB%8C%D9%87-%D8%A7%D9%85%D8%B1%D9%88%D8%B2-%DB%8C%DA%A9%D8%B4%D9%86%D8%A8%D9%87-22-%D8%B4%D9%87%D8%B1%DB%8C%D9%88%D8%B1-1405,,0,E,BRUIT,False,Faible priorité,,porte régionale: aucun ancrage régional,0,0,0,0,0,0,,absent,aucun,aucun,False,page_institutionnelle,,False,True,pertinent
,Fararu,Médias indépendants,هزینه ساخت مسکن در تهران چقدر است؟,https://www.fararu.com/fa/news/1001472/%D9%87%D8%B2%DB%8C%D9%86%D9%87-%D8%B3%D8%A7%D8%AE%D8%AA-%D9%85%D8%B3%DA%A9%D9%86-%D8%AF%D8%B1-%D8%AA%D9%87%D8%B1%D8%A7%D9%86-%DA%86%D9%82%D8%AF%D8%B1-%D8%A7%D8%B3%D8%AA,,0,E,BRUIT,False,Faible priorité,,porte régionale: aucun ancrage régional,0,0,0,0,0,0,,absent,aucun,aucun,False,page_institutionnelle,,False,True,pertinent
,Fararu,Médias indépendants,هشدار مهم به اجارهدهندگان کارت بانکی و کارتخوانها,https://www.fararu.com/fa/news/1001466/%D9%87%D8%B4%D8%AF%D8%A7%D8%B1-%D9%85%D9%87%D9%85-%D8%A8%D9%87-%D8%A7%D8%AC%D8%A7%D8%B1%D9%87-%D8%AF%D9%87%D9%86%D8%AF%DA%AF%D8%A7%D9%86-%DA%A9%D8%A7%D8%B1%D8%AA-%D8%A8%D8%A7%D9%86%DA%A9%DB%8C-%DA%A9%D8%A7%D8%B1%D8%AA%D8%AE%D9%88%D8%A7%D9%86-%D9%87%D8%A7,,0,E,BRUIT,False,Faible priorité,,porte régionale: aucun ancrage régional,0,0,0,0,0,0,,absent,aucun,aucun,False,page_institutionnelle,,False,True,pertinent
,Fararu,Médias indépendants,جاده چالوس بسته شد,https://www.fararu.com/fa/news/1001691/%D8%AC%D8%A7%D8%AF%D9%87-%DA%86%D8%A7%D9%84%D9%88%D8%B3-%D8%A8%D8%B3%D8%AA%D9%87-%D8%B4%D8%AF,,0,E,BRUIT,False,Faible priorité,,porte régionale: aucun ancrage régional,0,0,0,0,0,0,,absent,aucun,aucun,False,page_institutionnelle,,False,True,pertinent
,Fararu,Médias indépendants,تأثیر النینو بر افزایش بارش در ایران قطعی نیست,https://www.fararu.com/fa/news/1001678/%D8%AA%D8%A3%D8%AB%DB%8C%D8%B1-%D8%A7%D9%84-%D9%86%DB%8C%D9%86%D9%88-%D8%A8%D8%B1-%D8%A7%D9%81%D8%B2%D8%A7%DB%8C%D8%B4-%D8%A8%D8%A7%D8%B1%D8%B4-%D8%AF%D8%B1-%D8%A7%DB%8C%D8%B1%D8%A7%D9%86-%D9%82%D8%B7%D8%B9%DB%8C-%D9%86%DB%8C%D8%B3%D8%AA,,0,E,BRUIT,False,Faible priorité,,porte régionale: aucun ancrage régional,0,0,0,0,0,0,,absent,aucun,aucun,False,page_institutionnelle,,False,True,pertinent
,Fararu,Médias indépendants,واکسن آنفلوآنزا چه زمانی عرضه می شود؟,https://www.fararu.com/fa/news/1001677/%D9%88%D8%A7%DA%A9%D8%B3%D9%86-%D8%A2%D9%86%D9%81%D9%84%D9%88%D8%A2%D9%86%D8%B2%D8%A7-%DA%86%D9%87-%D8%B2%D9%85%D8%A7%D9%86%DB%8C-%D8%B9%D8%B1%D8%B6%D9%87-%D9%85%DB%8C-%D8%B4%D9%88%D8%AF,,0,E,BRUIT,False,Faible priorité,,porte régionale: aucun ancrage régional,0,0,0,0,0,0,,absent,aucun,aucun,False,page_institutionnelle,,False,True,pertinent
,Fararu,Médias indépendants,چرا مجوز گواهینامه موتورسیکلت زنان که منع قانونی ندارد، اجرا نشده؟,https://www.fararu.com/fa/news/1001673/%DA%86%D8%B1%D8%A7-%D9%85%D8%AC%D9%88%D8%B2-%DA%AF%D9%88%D8%A7%D9%87%DB%8C%D9%86%D8%A7%D9%85%D9%87-%D9%85%D9%88%D8%AA%D9%88%D8%B1%D8%B3%DB%8C%DA%A9%D9%84%D8%AA-%D8%B2%D9%86%D8%A7%D9%86-%DA%A9%D9%87-%D9%85%D9%86%D8%B9-%D9%82%D8%A7%D9%86%D9%88%D9%86%DB%8C-%D9%86%D8%AF%D8%A7%D8%B1%D8%AF-%D8%A7%D8%AC%D8%B1%D8%A7-%D9%86%D8%B4%D8%AF%D9%87,,0,E,BRUIT,False,Faible priorité,,porte régionale: aucun ancrage régional,0,0,0,0,0,0,,absent,aucun,aucun,False,page_institutionnelle,,False,True,pertinent
,Fararu,Médias indépendants,جستجو برای یافتن ۱۴۰ سرنشین مفقودشده یک کشتی مسافربری,https://www.fararu.com/fa/news/1001671/%D8%AC%D8%B3%D8%AA%D8%AC%D9%88-%D8%A8%D8%B1%D8%A7%DB%8C-%DB%8C%D8%A7%D9%81%D8%AA%D9%86-%D8%B3%D8%B1%D9%86%D8%B4%DB%8C%D9%86-%D9%85%D9%81%D9%82%D9%88%D8%AF%D8%B4%D8%AF%D9%87-%DB%8C%DA%A9-%DA%A9%D8%B4%D8%AA%DB%8C-%D9%85%D8%B3%D8%A7%D9%81%D8%B1%D8%A8%D8%B1%DB%8C,,0,E,BRUIT,False,Faible priorité,,porte régionale: aucun ancrage régional,0,0,0,0,0,0,,absent,aucun,aucun,False,page_institutionnelle,,False,True,pertinent
,Fararu,Médias indépendants,شمار قربانیان آتشسوزی کشتی در فیلیپین به ۷۶ نفر رسید,https://www.fararu.com/fa/news/1001641/%D8%B4%D9%85%D8%A7%D8%B1-%D9%82%D8%B1%D8%A8%D8%A7%D9%86%DB%8C%D8%A7%D9%86-%D8%A2%D8%AA%D8%B4-%D8%B3%D9%88%D8%B2%DB%8C-%DA%A9%D8%B4%D8%AA%DB%8C-%D8%AF%D8%B1-%D9%81%DB%8C%D9%84%DB%8C%D9%BE%DB%8C%D9%86-%D8%A8%D9%87-%D9%86%D9%81%D8%B1-%D8%B1%D8%B3%DB%8C%D8%AF,,0,E,BRUIT,False,Faible priorité,,porte régionale: aucun ancrage régional,0,0,0,0,0,0,,absent,aucun,aucun,False,page_institutionnelle,,False,True,pertinent
,Fararu,Médias indépendants,مهر فقیر؛ از گرانی تا ترک تحصیل,https://www.fararu.com/fa/news/1001638/%D9%85%D9%87%D8%B1-%D9%81%D9%82%DB%8C%D8%B1-%D8%A7%D8%B2-%DA%AF%D8%B1%D8%A7%D9%86%DB%8C-%D8%AA%D8%A7-%D8%AA%D8%B1%DA%A9-%D8%AA%D8%AD%D8%B5%DB%8C%D9%84,,0,E,BRUIT,False,Faible priorité,,porte régionale: aucun ancrage régional,0,0,0,0,0,0,,absent,aucun,aucun,False,page_institutionnelle,,False,True,pertinent
,Fararu,Médias indépendants,کمبود کدام ویتامینها موجب کاهش انگیزه میشوند؟,https://www.fararu.com/fa/news/1001662/%DA%A9%D9%85%D8%A8%D9%88%D8%AF-%DA%A9%D8%AF%D8%A7%D9%85-%D9%88%DB%8C%D8%AA%D8%A7%D9%85%DB%8C%D9%86-%D9%87%D8%A7-%D9%85%D9%88%D8%AC%D8%A8-%DA%A9%D8%A7%D9%87%D8%B4-%D8%A7%D9%86%DA%AF%DB%8C%D8%B2%D9%87-%D9%85%DB%8C-%D8%B4%D9%88%D9%86%D8%AF,,0,E,BRUIT,False,Faible priorité,,porte régionale: aucun ancrage régional,0,0,0,0,0,0,,absent,aucun,aucun,False,page_institutionnelle,,False,True,pertinent
,Fararu,Médias indépendants,قدیمیترین دریاچههای جهان کداماند؟ ۱۰ دریاچه با قدمتی میلیون ساله,https://www.fararu.com/fa/news/1001552/%D9%82%D8%AF%DB%8C%D9%85%DB%8C-%D8%AA%D8%B1%DB%8C%D9%86-%D8%AF%D8%B1%DB%8C%D8%A7%DA%86%D9%87-%D9%87%D8%A7%DB%8C-%D8%AC%D9%87%D8%A7%D9%86-%DA%A9%D8%AF%D8%A7%D9%85-%D8%A7%D9%86%D8%AF-%D8%AF%D8%B1%DB%8C%D8%A7%DA%86%D9%87-%D8%A8%D8%A7-%D9%82%D8%AF%D9%85%D8%AA%DB%8C-%D9%85%DB%8C%D9%84%DB%8C%D9%88%D9%86-%D8%B3%D8%A7%D9%84%D9%87,,0,E,BRUIT,False,Faible priorité,,porte régionale: aucun ancrage régional,0,0,0,0,0,0,,absent,aucun,aucun,False,page_institutionnelle,,False,True,pertinent
,Fararu,Médias indépendants,رونمایی از دو شیر سفید نادر,https://www.fararu.com/fa/news/1001524/%D8%B1%D9%88%D9%86%D9%85%D8%A7%DB%8C%DB%8C-%D8%A7%D8%B2-%D8%AF%D9%88-%D8%B4%DB%8C%D8%B1-%D8%B3%D9%81%DB%8C%D8%AF-%D9%86%D8%A7%D8%AF%D8%B1,,0,E,BRUIT,False,Faible priorité,,porte régionale: aucun ancrage régional,0,0,0,0,0,0,,absent,aucun,aucun,False,page_institutionnelle,,False,True,pertinent
,Fararu,Médias indépendants,ضیافت عجیب فیلها و میمونها بر سر تفاله پرتقال,https://www.fararu.com/fa/news/1001509/%D8%B6%DB%8C%D8%A7%D9%81%D8%AA-%D8%B9%D8%AC%DB%8C%D8%A8-%D9%81%DB%8C%D9%84-%D9%87%D8%A7-%D9%85%DB%8C%D9%85%D9%88%D9%86-%D9%87%D8%A7-%D8%A8%D8%B1-%D8%B3%D8%B1-%D8%AA%D9%81%D8%A7%D9%84%D9%87-%D9%BE%D8%B1%D8%AA%D9%82%D8%A7%D9%84,,0,E,BRUIT,False,Faible priorité,,porte régionale: aucun ancrage régional,0,0,0,0,0,0,,absent,aucun,aucun,False,page_institutionnelle,,False,True,pertinent
,Fararu,Médias indépendants,مولتیویتامین بخوریم یا نه؟/ چه کسانی واقعاً به مکمل نیاز دارند؟,https://www.fararu.com/fa/news/1001497/%D9%85%D9%88%D9%84%D8%AA%DB%8C-%D9%88%DB%8C%D8%AA%D8%A7%D9%85%DB%8C%D9%86-%D8%A8%D8%AE%D9%88%D8%B1%DB%8C%D9%85-%DB%8C%D8%A7-%D9%86%D9%87-%DA%86%D9%87-%DA%A9%D8%B3%D8%A7%D9%86%DB%8C-%D9%88%D8%A7%D9%82%D8%B9%D8%A7-%D8%A8%D9%87-%D9%85%DA%A9%D9%85%D9%84-%D9%86%DB%8C%D8%A7%D8%B2-%D8%AF%D8%A7%D8%B1%D9%86%D8%AF,,0,E,BRUIT,False,Faible priorité,,porte régionale: aucun ancrage régional,0,0,0,0,0,0,,absent,aucun,aucun,False,page_institutionnelle,,False,True,pertinent
,Fararu,Médias indépendants,چگونه از شر ساس های خانگی خلاص شویم؟,https://www.fararu.com/fa/news/1001486/%DA%86%DA%AF%D9%88%D9%86%D9%87-%D8%A7%D8%B2-%D8%B4%D8%B1-%D8%B3%D8%A7%D8%B3-%D9%87%D8%A7%DB%8C-%D8%AE%D8%A7%D9%86%DA%AF%DB%8C-%D8%AE%D9%84%D8%A7%D8%B5-%D8%B4%D9%88%DB%8C%D9%85,,0,E,BRUIT,False,Faible priorité,,porte régionale: aucun ancrage régional,0,0,0,0,0,0,,absent,aucun,aucun,False,page_institutionnelle,,False,True,pertinent
,Fararu,Médias indépendants,خارج کردن لاستیک تراکتور از دور گردن یک فیل,https://www.fararu.com/fa/news/1001477/%D8%AE%D8%A7%D8%B1%D8%AC-%DA%A9%D8%B1%D8%AF%D9%86-%D9%84%D8%A7%D8%B3%D8%AA%DB%8C%DA%A9-%D8%AA%D8%B1%D8%A7%DA%A9%D8%AA%D9%88%D8%B1-%D8%A7%D8%B2-%D8%AF%D9%88%D8%B1-%DA%AF%D8%B1%D8%AF%D9%86-%DB%8C%DA%A9-%D9%81%DB%8C%D9%84,,0,E,BRUIT,False,Faible priorité,,porte régionale: aucun ancrage régional,0,0,0,0,0,0,,absent,aucun,aucun,False,page_institutionnelle,,False,True,pertinent
,Fararu,Médias indépendants,روزنامه اصولگرا: راه را برای سینمای اجتماعی در داخل باز کنید,https://www.fararu.com/fa/news/1001667/%D8%B1%D9%88%D8%B2%D9%86%D8%A7%D9%85%D9%87-%D8%A7%D8%B5%D9%88%D9%84%DA%AF%D8%B1%D8%A7-%D8%B1%D8%A7%D9%87-%D8%B1%D8%A7-%D8%A8%D8%B1%D8%A7%DB%8C-%D8%B3%DB%8C%D9%86%D9%85%D8%A7%DB%8C-%D8%A7%D8%AC%D8%AA%D9%85%D8%A7%D8%B9%DB%8C-%D8%AF%D8%B1-%D8%AF%D8%A7%D8%AE%D9%84-%D8%A8%D8%A7%D8%B2-%DA%A9%D9%86%DB%8C%D8%AF,,0,E,BRUIT,False,Faible priorité,,porte régionale: aucun ancrage régional,0,0,0,0,0,0,,absent,aucun,aucun,False,page_institutionnelle,,False,True,pertinent
,Fararu,Médias indépendants,«حمید هامون»، همان داریوش مهرجویی است,https://www.fararu.com/fa/news/1001570/%D8%AD%D9%85%DB%8C%D8%AF-%D9%87%D8%A7%D9%85%D9%88%D9%86-%D9%87%D9%85%D8%A7%D9%86-%D8%AF%D8%A7%D8%B1%DB%8C%D9%88%D8%B4-%D9%85%D9%87%D8%B1%D8%AC%D9%88%DB%8C%DB%8C-%D8%A7%D8%B3%D8%AA,,0,E,BRUIT,False,Faible priorité,,porte régionale: aucun ancrage régional,0,0,0,0,0,0,,absent,aucun,aucun,False,page_institutionnelle,,False,True,pertinent
,Fararu,Médias indépendants,از مشحسن تا حاج کاظم؛ بازیگرانی که نقشهایشان از سینما جلو زدند,https://www.fararu.com/fa/news/1001546/%D8%A7%D8%B2-%D9%85%D8%B4-%D8%AD%D8%B3%D9%86-%D8%AA%D8%A7-%D8%AD%D8%A7%D8%AC-%DA%A9%D8%A7%D8%B8%D9%85-%D8%A8%D8%A7%D8%B2%DB%8C%DA%AF%D8%B1%D8%A7%D9%86%DB%8C-%DA%A9%D9%87-%D9%86%D9%82%D8%B4-%D9%87%D8%A7%DB%8C%D8%B4%D8%A7%D9%86-%D8%A7%D8%B2-%D8%B3%DB%8C%D9%86%D9%85%D8%A7-%D8%AC%D9%84%D9%88-%D8%B2%D8%AF%D9%86%D8%AF,,0,E,BRUIT,False,Faible priorité,,porte régionale: aucun ancrage régional,0,0,0,0,0,0,,absent,aucun,aucun,False,page_institutionnelle,,False,True,pertinent
,Fararu,Médias indépendants,واکنش خانه سینما به دیوارنویسی علیه هنرمندان,https://www.fararu.com/fa/news/1001471/%D9%88%D8%A7%DA%A9%D9%86%D8%B4-%D8%AE%D8%A7%D9%86%D9%87-%D8%B3%DB%8C%D9%86%D9%85%D8%A7-%D8%A8%D9%87-%D8%AF%DB%8C%D9%88%D8%A7%D8%B1%D9%86%D9%88%DB%8C%D8%B3%DB%8C-%D8%B9%D9%84%DB%8C%D9%87-%D9%87%D9%86%D8%B1%D9%85%D9%86%D8%AF%D8%A7%D9%86,,0,E,BRUIT,False,Faible priorité,,porte régionale: aucun ancrage régional,0,0,0,0,0,0,,absent,aucun,aucun,False,page_institutionnelle,,False,True,pertinent
,Fararu,Médias indépendants,تبریک تولد امیر جعفری به پسرش,https://www.fararu.com/fa/news/1001467/%D8%AA%D8%A8%D8%B1%DB%8C%DA%A9-%D8%AA%D9%88%D9%84%D8%AF-%D8%A7%D9%85%DB%8C%D8%B1-%D8%AC%D8%B9%D9%81%D8%B1%DB%8C-%D8%A8%D9%87-%D9%BE%D8%B3%D8%B1%D8%B4,,0,E,BRUIT,False,Faible priorité,,porte régionale: aucun ancrage régional,0,0,0,0,0,0,,absent,aucun,aucun,False,page_institutionnelle,,False,True,pertinent
,Fararu,Médias indépendants,بهنوش بختیاری : اگر خدا با من نبود الان در زندان بودم,https://www.fararu.com/fa/news/1001462/%D8%A8%D9%87%D9%86%D9%88%D8%B4-%D8%A8%D8%AE%D8%AA%DB%8C%D8%A7%D8%B1%DB%8C-%D8%A7%DA%AF%D8%B1-%D8%AE%D8%AF%D8%A7-%D8%A8%D8%A7-%D9%85%D9%86-%D9%86%D8%A8%D9%88%D8%AF-%D8%A7%D9%84%D8%A7%D9%86-%D8%AF%D8%B1-%D8%B2%D9%86%D8%AF%D8%A7%D9%86-%D8%A8%D9%88%D8%AF%D9%85,,0,E,BRUIT,False,Faible priorité,,porte régionale: aucun ancrage régional,0,0,0,0,0,0,,absent,aucun,aucun,False,page_institutionnelle,,False,True,pertinent
,Fararu,Médias indépendants,یک چهرهپرداز سینما: نمیخواهیم چهره بازیگر را نابود کنیم!,https://www.fararu.com/fa/news/1001454/%DB%8C%DA%A9-%DA%86%D9%87%D8%B1%D9%87-%D9%BE%D8%B1%D8%AF%D8%A7%D8%B2-%D8%B3%DB%8C%D9%86%D9%85%D8%A7-%D9%86%D9%85%DB%8C-%D8%AE%D9%88%D8%A7%D9%87%DB%8C%D9%85-%DA%86%D9%87%D8%B1%D9%87-%D8%A8%D8%A7%D8%B2%DB%8C%DA%AF%D8%B1-%D8%B1%D8%A7-%D9%86%D8%A7%D8%A8%D9%88%D8%AF-%DA%A9%D9%86%DB%8C%D9%85,,0,E,BRUIT,False,Faible priorité,,porte régionale: aucun ancrage régional,0,0,0,0,0,0,,absent,aucun,aucun,False,page_institutionnelle,,False,True,pertinent
,Fararu,Médias indépendants,پاسخ الجی به اتهام جاسوسی تلویزیونهایش,https://www.fararu.com/fa/news/1001659/%D9%BE%D8%A7%D8%B3%D8%AE-%D8%A7%D9%84-%D8%AC%DB%8C-%D8%A8%D9%87-%D8%A7%D8%AA%D9%87%D8%A7%D9%85-%D8%AC%D8%A7%D8%B3%D9%88%D8%B3%DB%8C-%D8%AA%D9%84%D9%88%DB%8C%D8%B2%DB%8C%D9%88%D9%86-%D9%87%D8%A7%DB%8C%D8%B4,,0,E,BRUIT,False,Faible priorité,,porte régionale: aucun ancrage régional,0,0,0,0,0,0,,absent,aucun,aucun,False,page_institutionnelle,,False,True,pertinent
,Fararu,Médias indépendants,کودک متولد ۲۰۵۰ چگونه زندگی خواهد کرد؟,https://www.fararu.com/fa/news/1001562/%DA%A9%D9%88%D8%AF%DA%A9-%D9%85%D8%AA%D9%88%D9%84%D8%AF-%DA%86%DA%AF%D9%88%D9%86%D9%87-%D8%B2%D9%86%D8%AF%DA%AF%DB%8C-%D8%AE%D9%88%D8%A7%D9%87%D8%AF-%DA%A9%D8%B1%D8%AF-%D8%A7%D8%B2-%D9%85%D8%B9%D9%84%D9%85-%D9%87%D9%88%D8%B4-%D9%85%D8%B5%D9%86%D9%88%D8%B9%DB%8C-%D8%AA%D8%A7-%D8%B7%D8%B1%D8%A7%D8%AD%DB%8C-%D9%81%D8%B1%D8%B2%D9%86%D8%AF,,0,E,BRUIT,False,Faible priorité,,porte régionale: aucun ancrage régional,0,0,0,0,0,0,,absent,aucun,aucun,False,page_institutionnelle,,False,True,pertinent
,Fararu,Médias indépendants,اپل برای هر نمایشگر تاشوی آیفون ۲۵۰ دلار به سامسونگ میدهد,https://www.fararu.com/fa/news/1001515/%D8%A7%D9%BE%D9%84-%D8%A8%D8%B1%D8%A7%DB%8C-%D9%87%D8%B1-%D9%86%D9%85%D8%A7%DB%8C%D8%B4%DA%AF%D8%B1-%D8%AA%D8%A7%D8%B4%D9%88%DB%8C-%D8%A2%DB%8C%D9%81%D9%88%D9%86-%D8%AF%D9%84%D8%A7%D8%B1-%D8%A8%D9%87-%D8%B3%D8%A7%D9%85%D8%B3%D9%88%D9%86%DA%AF-%D9%85%DB%8C-%D8%AF%D9%87%D8%AF,,0,E,BRUIT,False,Faible priorité,,porte régionale: aucun ancrage régional,0,0,0,0,0,0,,absent,aucun,aucun,False,page_institutionnelle,,False,True,pertinent
,Fararu,Médias indépendants,کشف یک نایروویروس جدید در چین/ ردپای ALTNV در هزاران بیمار و کنه,https://www.fararu.com/fa/news/1001498/%DA%A9%D8%B4%D9%81-%DB%8C%DA%A9-%D9%86%D8%A7%DB%8C%D8%B1%D9%88%D9%88%DB%8C%D8%B1%D9%88%D8%B3-%D8%AC%D8%AF%DB%8C%D8%AF-%D8%AF%D8%B1-%DA%86%DB%8C%D9%86-%D8%B1%D8%AF%D9%BE%D8%A7%DB%8C-altnv-%D8%AF%D8%B1-%D9%87%D8%B2%D8%A7%D8%B1%D8%A7%D9%86-%D8%A8%DB%8C%D9%85%D8%A7%D8%B1-%DA%A9%D9%86%D9%87,,0,E,BRUIT,False,Faible priorité,,porte régionale: aucun ancrage régional,0,0,0,0,0,0,,absent,aucun,aucun,False,page_institutionnelle,,False,True,pertinent
,Fararu,Médias indépendants,چگونه زیردریاییهای هستهای ماهها بدون اینکه به سطح آب بیایند، زیر آب میمانند؟,https://www.fararu.com/fa/news/1001485/%DA%86%DA%AF%D9%88%D9%86%D9%87-%D8%B2%DB%8C%D8%B1%D8%AF%D8%B1%DB%8C%D8%A7%DB%8C%DB%8C-%D9%87%D8%A7%DB%8C-%D9%87%D8%B3%D8%AA%D9%87-%D8%A7%DB%8C-%D9%85%D8%A7%D9%87-%D9%87%D8%A7-%D8%A8%D8%AF%D9%88%D9%86-%D8%A7%DB%8C%D9%86%DA%A9%D9%87-%D8%A8%D9%87-%D8%B3%D8%B7%D8%AD-%D8%A2%D8%A8-%D8%A8%DB%8C%D8%A7%DB%8C%D9%86%D8%AF-%D8%B2%DB%8C%D8%B1-%D8%A2%D8%A8-%D9%85%DB%8C-%D9%85%D8%A7%D9%86%D9%86%D8%AF,,0,E,BRUIT,False,Faible priorité,,porte régionale: aucun ancrage régional,0,0,0,0,0,0,,absent,aucun,aucun,False,page_institutionnelle,,False,True,pertinent
,Fararu,Médias indépendants,ساخت بتن با مدفوع انسان؛ چقدر قوی تر است؟!,https://www.fararu.com/fa/news/1001481/%D8%B3%D8%A7%D8%AE%D8%AA-%D8%A8%D8%AA%D9%86-%D8%A8%D8%A7-%D9%85%D8%AF%D9%81%D9%88%D8%B9-%D8%A7%D9%86%D8%B3%D8%A7%D9%86-%DA%86%D9%82%D8%AF%D8%B1-%D9%82%D9%88%DB%8C-%D8%AA%D8%B1-%D8%A7%D8%B3%D8%AA,,0,E,BRUIT,False,Faible priorité,,porte régionale: aucun ancrage régional,0,0,0,0,0,0,,absent,aucun,aucun,False,page_institutionnelle,,False,True,pertinent
,Fararu,Médias indépendants,«ترمیم خودجوش میشود»: پنج نقطه عطف مثبت برای نجات جهان,https://www.fararu.com/fa/news/1001479/%D8%AA%D8%B1%D9%85%DB%8C%D9%85-%D8%AE%D9%88%D8%AF%D8%AC%D9%88%D8%B4-%D9%85%DB%8C-%D8%B4%D9%88%D8%AF-%D9%BE%D9%86%D8%AC-%D9%86%D9%82%D8%B7%D9%87-%D8%B9%D8%B7%D9%81-%D9%85%D8%AB%D8%A8%D8%AA-%D8%A8%D8%B1%D8%A7%DB%8C-%D9%86%D8%AC%D8%A7%D8%AA-%D8%AC%D9%87%D8%A7%D9%86,,0,E,BRUIT,False,Faible priorité,,porte régionale: aucun ancrage régional,0,0,0,0,0,0,,absent,aucun,aucun,False,page_institutionnelle,,False,True,pertinent
,Fararu,Médias indépendants,نقد و بررسی سریال آلمانی «ناآشنا» 'Unfamiliar',https://www.fararu.com/fa/news/1000917/%D9%86%D9%82%D8%AF-%D8%A8%D8%B1%D8%B1%D8%B3%DB%8C-%D8%B3%D8%B1%DB%8C%D8%A7%D9%84-%D8%A2%D9%84%D9%85%D8%A7%D9%86%DB%8C-%D9%86%D8%A7%D8%A2%D8%B4%D9%86%D8%A7-unfamiliar,,0,E,BRUIT,False,Faible priorité,,porte régionale: aucun ancrage régional,0,0,0,0,0,0,,absent,aucun,aucun,False,page_institutionnelle,,False,True,pertinent
,Fararu,Médias indépendants,بهترین فیلمهای عاشقانه جهان؛ از «تایتانیک» تا «کازابلانکا»,https://www.fararu.com/fa/news/1000424/%D8%A8%D9%87%D8%AA%D8%B1%DB%8C%D9%86-%D9%81%DB%8C%D9%84%D9%85-%D9%87%D8%A7%DB%8C-%D8%B9%D8%A7%D8%B4%D9%82%D8%A7%D9%86%D9%87-%D8%AC%D9%87%D8%A7%D9%86-%D8%A7%D8%B2-%D8%AA%D8%A7%DB%8C%D8%AA%D8%A7%D9%86%DB%8C%DA%A9-%D8%AA%D8%A7-%DA%A9%D8%A7%D8%B2%D8%A7%D8%A8%D9%84%D8%A7%D9%86%DA%A9%D8%A7,,0,E,BRUIT,False,Faible priorité,,porte régionale: aucun ancrage régional,0,0,0,0,0,0,,absent,aucun,aucun,False,page_institutionnelle,,False,True,pertinent
,Fararu,Médias indépendants,نگاهی به فیلم سینمایی «عشق ممکن»؛ نماینده کره جنوبی در جشنواره فیلم ونیز ۲۰۲۶,https://www.fararu.com/fa/news/1000263/%D9%86%DA%AF%D8%A7%D9%87%DB%8C-%D8%A8%D9%87-%D9%81%DB%8C%D9%84%D9%85-%D8%B3%DB%8C%D9%86%D9%85%D8%A7%DB%8C%DB%8C-%D8%B9%D8%B4%D9%82-%D9%85%D9%85%DA%A9%D9%86-%D9%86%D9%85%D8%A7%DB%8C%D9%86%D8%AF%D9%87-%DA%A9%D8%B1%D9%87-%D8%AC%D9%86%D9%88%D8%A8%DB%8C-%D8%AF%D8%B1-%D8%AC%D8%B4%D9%86%D9%88%D8%A7%D8%B1%D9%87-%D9%81%DB%8C%D9%84%D9%85-%D9%88%D9%86%DB%8C%D8%B2-2026,,0,E,BRUIT,False,Faible priorité,,porte régionale: aucun ancrage régional,0,0,0,0,0,0,,absent,aucun,aucun,False,page_institutionnelle,,False,True,pertinent
,Fararu,Médias indépendants,یک روش ویژه برای درست کردن مرغ خوشمزه و لذیذ,https://www.fararu.com/fa/news/1001312/%DB%8C%DA%A9-%D8%B1%D9%88%D8%B4-%D9%88%DB%8C%DA%98%D9%87-%D8%A8%D8%B1%D8%A7%DB%8C-%D8%AF%D8%B1%D8%B3%D8%AA-%DA%A9%D8%B1%D8%AF%D9%86-%D9%85%D8%B1%D8%BA-%D8%AE%D9%88%D8%B4%D9%85%D8%B2%D9%87-%D9%84%D8%B0%DB%8C%D8%B0,,0,E,BRUIT,False,Faible priorité,,porte régionale: aucun ancrage régional,0,0,0,0,0,0,,absent,aucun,aucun,False,page_institutionnelle,,False,True,pertinent
,Fararu,Médias indépendants,فرسودگی روانی,https://www.fararu.com/fa/news/1000259/%D9%81%D8%B1%D8%B3%D9%88%D8%AF%DA%AF%DB%8C-%D8%B1%D9%88%D8%A7%D9%86%DB%8C,,0,E,BRUIT,False,Faible priorité,,porte régionale: aucun ancrage régional,0,0,0,0,0,0,,absent,aucun,aucun,False,page_institutionnelle,,False,True,pertinent
,Fararu,Médias indépendants,قیمت موبایل | جدول کامل قیمت گوشیهای بازار امروز,https://www.fararu.com/fa/news/863551/%D9%82%DB%8C%D9%85%D8%AA-%D9%85%D9%88%D8%A8%D8%A7%DB%8C%D9%84-%D8%AC%D8%AF%D9%88%D9%84-%DA%A9%D8%A7%D9%85%D9%84-%D9%82%DB%8C%D9%85%D8%AA-%DA%AF%D9%88%D8%B4%DB%8C-%D9%87%D8%A7%DB%8C-%D8%A8%D8%A7%D8%B2%D8%A7%D8%B1-%D8%A7%D9%85%D8%B1%D9%88%D8%B2,,0,E,BRUIT,False,Faible priorité,,porte régionale: aucun ancrage régional,0,0,0,0,0,0,,absent,aucun,aucun,False,page_institutionnelle,,False,True,pertinent
,Fararu,Médias indépendants,قیمت روز طلا و دلار,https://www.fararu.com/fa/news/863544/%D9%82%DB%8C%D9%85%D8%AA-%D8%B1%D9%88%D8%B2-%D8%B7%D9%84%D8%A7-%D8%AF%D9%84%D8%A7%D8%B1,,0,E,BRUIT,False,Faible priorité,,porte régionale: aucun ancrage régional,0,0,0,0,0,0,,absent,aucun,aucun,False,page_institutionnelle,,False,True,pertinent
,Fararu,Médias indépendants,شورشیترین زن بازار تبریز,https://www.fararu.com/fa/news/1000297/%D8%B4%D9%88%D8%B1%D8%B4%DB%8C-%D8%AA%D8%B1%DB%8C%D9%86-%D8%B2%D9%86-%D8%A8%D8%A7%D8%B2%D8%A7%D8%B1-%D8%AA%D8%A8%D8%B1%DB%8C%D8%B2,,0,E,BRUIT,False,Faible priorité,,porte régionale: aucun ancrage régional,0,0,0,0,0,0,,absent,aucun,aucun,False,page_institutionnelle,,False,True,pertinent
